ISO-10303-21;
HEADER;
/* Generated by software containing ST-Developer
 * from STEP Tools, Inc. (www.steptools.com) 
 */

FILE_DESCRIPTION(
/* description */ (''),
/* implementation_level */ '2;1');

FILE_NAME(
/* name */ '',
/* time_stamp */ '2026-06-29T13:27:32+03:00',
/* author */ ('aidrisov'),
/* organization */ (''),
/* preprocessor_version */ 'ST-DEVELOPER v20.1',
/* originating_system */ 'Autodesk Inventor 2026',
/* authorisation */ '');

FILE_SCHEMA (('AUTOMOTIVE_DESIGN { 1 0 10303 214 3 1 1 }'));
ENDSEC;

DATA;
#10=MECHANICAL_DESIGN_GEOMETRIC_PRESENTATION_REPRESENTATION('',(#13,#14),
#3495);
#11=SHAPE_REPRESENTATION_RELATIONSHIP('SRR','None',#3502,#12);
#12=ADVANCED_BREP_SHAPE_REPRESENTATION('',(#15,#16),#3494);
#13=STYLED_ITEM('',(#3513),#15);
#14=STYLED_ITEM('',(#3514),#16);
#15=MANIFOLD_SOLID_BREP('\X2\04220432043504400434043E0435\X0\ \X2\04420435043B043E\X0\6',
#2089);
#16=MANIFOLD_SOLID_BREP('\X2\04220432043504400434043E0435\X0\ \X2\04420435043B043E\X0\7',
#2090);
#17=PLANE('',#2116);
#18=PLANE('',#2117);
#19=PLANE('',#2118);
#20=PLANE('',#2120);
#21=PLANE('',#2122);
#22=PLANE('',#2123);
#23=PLANE('',#2124);
#24=PLANE('',#2126);
#25=PLANE('',#2127);
#26=PLANE('',#2128);
#27=PLANE('',#2132);
#28=PLANE('',#2133);
#29=PLANE('',#2134);
#30=PLANE('',#2136);
#31=PLANE('',#2138);
#32=PLANE('',#2139);
#33=PLANE('',#2140);
#34=PLANE('',#2142);
#35=PLANE('',#2143);
#36=PLANE('',#2144);
#37=PLANE('',#2148);
#38=PLANE('',#2149);
#39=PLANE('',#2151);
#40=PLANE('',#2152);
#41=PLANE('',#2153);
#42=PLANE('',#2155);
#43=PLANE('',#2156);
#44=PLANE('',#2157);
#45=PLANE('',#2162);
#46=PLANE('',#2163);
#47=PLANE('',#2164);
#48=PLANE('',#2165);
#49=PLANE('',#2167);
#50=PLANE('',#2169);
#51=PLANE('',#2170);
#52=PLANE('',#2171);
#53=PLANE('',#2172);
#54=PLANE('',#2177);
#55=PLANE('',#2178);
#56=PLANE('',#2179);
#57=PLANE('',#2181);
#58=PLANE('',#2183);
#59=PLANE('',#2184);
#60=PLANE('',#2185);
#61=PLANE('',#2186);
#62=PLANE('',#2188);
#63=PLANE('',#2189);
#64=PLANE('',#2192);
#65=PLANE('',#2193);
#66=PLANE('',#2197);
#67=PLANE('',#2201);
#68=PLANE('',#2202);
#69=PLANE('',#2203);
#70=PLANE('',#2205);
#71=PLANE('',#2207);
#72=PLANE('',#2208);
#73=PLANE('',#2209);
#74=PLANE('',#2210);
#75=PLANE('',#2215);
#76=PLANE('',#2216);
#77=PLANE('',#2218);
#78=PLANE('',#2219);
#79=PLANE('',#2220);
#80=PLANE('',#2222);
#81=PLANE('',#2223);
#82=PLANE('',#2224);
#83=PLANE('',#2229);
#84=PLANE('',#2230);
#85=PLANE('',#2231);
#86=PLANE('',#2232);
#87=PLANE('',#2234);
#88=PLANE('',#2236);
#89=PLANE('',#2237);
#90=PLANE('',#2238);
#91=PLANE('',#2239);
#92=PLANE('',#2241);
#93=PLANE('',#2242);
#94=PLANE('',#2247);
#95=PLANE('',#2248);
#96=PLANE('',#2250);
#97=PLANE('',#2251);
#98=PLANE('',#2255);
#99=PLANE('',#2256);
#100=PLANE('',#2257);
#101=PLANE('',#2259);
#102=PLANE('',#2261);
#103=PLANE('',#2266);
#104=PLANE('',#2267);
#105=PLANE('',#2268);
#106=PLANE('',#2270);
#107=PLANE('',#2272);
#108=PLANE('',#2276);
#109=PLANE('',#2277);
#110=PLANE('',#2278);
#111=PLANE('',#2279);
#112=PLANE('',#2286);
#113=PLANE('',#2287);
#114=PLANE('',#2288);
#115=PLANE('',#2291);
#116=PLANE('',#2294);
#117=PLANE('',#2295);
#118=PLANE('',#2296);
#119=PLANE('',#2299);
#120=PLANE('',#2300);
#121=FACE_OUTER_BOUND('',#253,.T.);
#122=FACE_OUTER_BOUND('',#254,.T.);
#123=FACE_OUTER_BOUND('',#255,.T.);
#124=FACE_OUTER_BOUND('',#256,.T.);
#125=FACE_OUTER_BOUND('',#257,.T.);
#126=FACE_OUTER_BOUND('',#258,.T.);
#127=FACE_OUTER_BOUND('',#259,.T.);
#128=FACE_OUTER_BOUND('',#260,.T.);
#129=FACE_OUTER_BOUND('',#261,.T.);
#130=FACE_OUTER_BOUND('',#262,.T.);
#131=FACE_OUTER_BOUND('',#263,.T.);
#132=FACE_OUTER_BOUND('',#264,.T.);
#133=FACE_OUTER_BOUND('',#265,.T.);
#134=FACE_OUTER_BOUND('',#266,.T.);
#135=FACE_OUTER_BOUND('',#267,.T.);
#136=FACE_OUTER_BOUND('',#268,.T.);
#137=FACE_OUTER_BOUND('',#269,.T.);
#138=FACE_OUTER_BOUND('',#270,.T.);
#139=FACE_OUTER_BOUND('',#271,.T.);
#140=FACE_OUTER_BOUND('',#272,.T.);
#141=FACE_OUTER_BOUND('',#273,.T.);
#142=FACE_OUTER_BOUND('',#274,.T.);
#143=FACE_OUTER_BOUND('',#275,.T.);
#144=FACE_OUTER_BOUND('',#276,.T.);
#145=FACE_OUTER_BOUND('',#277,.T.);
#146=FACE_OUTER_BOUND('',#278,.T.);
#147=FACE_OUTER_BOUND('',#279,.T.);
#148=FACE_OUTER_BOUND('',#280,.T.);
#149=FACE_OUTER_BOUND('',#281,.T.);
#150=FACE_OUTER_BOUND('',#282,.T.);
#151=FACE_OUTER_BOUND('',#283,.T.);
#152=FACE_OUTER_BOUND('',#284,.T.);
#153=FACE_OUTER_BOUND('',#285,.T.);
#154=FACE_OUTER_BOUND('',#286,.T.);
#155=FACE_OUTER_BOUND('',#287,.T.);
#156=FACE_OUTER_BOUND('',#288,.T.);
#157=FACE_OUTER_BOUND('',#289,.T.);
#158=FACE_OUTER_BOUND('',#290,.T.);
#159=FACE_OUTER_BOUND('',#291,.T.);
#160=FACE_OUTER_BOUND('',#292,.T.);
#161=FACE_OUTER_BOUND('',#293,.T.);
#162=FACE_OUTER_BOUND('',#294,.T.);
#163=FACE_OUTER_BOUND('',#295,.T.);
#164=FACE_OUTER_BOUND('',#296,.T.);
#165=FACE_OUTER_BOUND('',#297,.T.);
#166=FACE_OUTER_BOUND('',#298,.T.);
#167=FACE_OUTER_BOUND('',#299,.T.);
#168=FACE_OUTER_BOUND('',#300,.T.);
#169=FACE_OUTER_BOUND('',#301,.T.);
#170=FACE_OUTER_BOUND('',#302,.T.);
#171=FACE_OUTER_BOUND('',#303,.T.);
#172=FACE_OUTER_BOUND('',#304,.T.);
#173=FACE_OUTER_BOUND('',#305,.T.);
#174=FACE_OUTER_BOUND('',#306,.T.);
#175=FACE_OUTER_BOUND('',#307,.T.);
#176=FACE_OUTER_BOUND('',#308,.T.);
#177=FACE_OUTER_BOUND('',#309,.T.);
#178=FACE_OUTER_BOUND('',#310,.T.);
#179=FACE_OUTER_BOUND('',#311,.T.);
#180=FACE_OUTER_BOUND('',#312,.T.);
#181=FACE_OUTER_BOUND('',#313,.T.);
#182=FACE_OUTER_BOUND('',#314,.T.);
#183=FACE_OUTER_BOUND('',#315,.T.);
#184=FACE_OUTER_BOUND('',#316,.T.);
#185=FACE_OUTER_BOUND('',#317,.T.);
#186=FACE_OUTER_BOUND('',#318,.T.);
#187=FACE_OUTER_BOUND('',#319,.T.);
#188=FACE_OUTER_BOUND('',#320,.T.);
#189=FACE_OUTER_BOUND('',#321,.T.);
#190=FACE_OUTER_BOUND('',#322,.T.);
#191=FACE_OUTER_BOUND('',#323,.T.);
#192=FACE_OUTER_BOUND('',#324,.T.);
#193=FACE_OUTER_BOUND('',#325,.T.);
#194=FACE_OUTER_BOUND('',#326,.T.);
#195=FACE_OUTER_BOUND('',#327,.T.);
#196=FACE_OUTER_BOUND('',#328,.T.);
#197=FACE_OUTER_BOUND('',#329,.T.);
#198=FACE_OUTER_BOUND('',#330,.T.);
#199=FACE_OUTER_BOUND('',#331,.T.);
#200=FACE_OUTER_BOUND('',#332,.T.);
#201=FACE_OUTER_BOUND('',#333,.T.);
#202=FACE_OUTER_BOUND('',#334,.T.);
#203=FACE_OUTER_BOUND('',#335,.T.);
#204=FACE_OUTER_BOUND('',#336,.T.);
#205=FACE_OUTER_BOUND('',#337,.T.);
#206=FACE_OUTER_BOUND('',#338,.T.);
#207=FACE_OUTER_BOUND('',#339,.T.);
#208=FACE_OUTER_BOUND('',#340,.T.);
#209=FACE_OUTER_BOUND('',#341,.T.);
#210=FACE_OUTER_BOUND('',#342,.T.);
#211=FACE_OUTER_BOUND('',#343,.T.);
#212=FACE_OUTER_BOUND('',#344,.T.);
#213=FACE_OUTER_BOUND('',#345,.T.);
#214=FACE_OUTER_BOUND('',#346,.T.);
#215=FACE_OUTER_BOUND('',#347,.T.);
#216=FACE_OUTER_BOUND('',#348,.T.);
#217=FACE_OUTER_BOUND('',#349,.T.);
#218=FACE_OUTER_BOUND('',#350,.T.);
#219=FACE_OUTER_BOUND('',#351,.T.);
#220=FACE_OUTER_BOUND('',#352,.T.);
#221=FACE_OUTER_BOUND('',#353,.T.);
#222=FACE_OUTER_BOUND('',#354,.T.);
#223=FACE_OUTER_BOUND('',#355,.T.);
#224=FACE_OUTER_BOUND('',#356,.T.);
#225=FACE_OUTER_BOUND('',#357,.T.);
#226=FACE_OUTER_BOUND('',#358,.T.);
#227=FACE_OUTER_BOUND('',#359,.T.);
#228=FACE_OUTER_BOUND('',#360,.T.);
#229=FACE_OUTER_BOUND('',#361,.T.);
#230=FACE_OUTER_BOUND('',#362,.T.);
#231=FACE_OUTER_BOUND('',#363,.T.);
#232=FACE_OUTER_BOUND('',#364,.T.);
#233=FACE_OUTER_BOUND('',#365,.T.);
#234=FACE_OUTER_BOUND('',#366,.T.);
#235=FACE_OUTER_BOUND('',#367,.T.);
#236=FACE_OUTER_BOUND('',#368,.T.);
#237=FACE_OUTER_BOUND('',#369,.T.);
#238=FACE_OUTER_BOUND('',#370,.T.);
#239=FACE_OUTER_BOUND('',#371,.T.);
#240=FACE_OUTER_BOUND('',#372,.T.);
#241=FACE_OUTER_BOUND('',#373,.T.);
#242=FACE_OUTER_BOUND('',#374,.T.);
#243=FACE_OUTER_BOUND('',#375,.T.);
#244=FACE_OUTER_BOUND('',#376,.T.);
#245=FACE_OUTER_BOUND('',#377,.T.);
#246=FACE_OUTER_BOUND('',#378,.T.);
#247=FACE_OUTER_BOUND('',#379,.T.);
#248=FACE_OUTER_BOUND('',#380,.T.);
#249=FACE_OUTER_BOUND('',#381,.T.);
#250=FACE_OUTER_BOUND('',#382,.T.);
#251=FACE_OUTER_BOUND('',#383,.T.);
#252=FACE_OUTER_BOUND('',#384,.T.);
#253=EDGE_LOOP('',(#1353,#1354,#1355,#1356));
#254=EDGE_LOOP('',(#1357,#1358,#1359,#1360));
#255=EDGE_LOOP('',(#1361,#1362,#1363,#1364));
#256=EDGE_LOOP('',(#1365,#1366,#1367,#1368));
#257=EDGE_LOOP('',(#1369,#1370,#1371,#1372));
#258=EDGE_LOOP('',(#1373,#1374,#1375,#1376));
#259=EDGE_LOOP('',(#1377,#1378,#1379,#1380));
#260=EDGE_LOOP('',(#1381,#1382,#1383,#1384));
#261=EDGE_LOOP('',(#1385,#1386,#1387,#1388));
#262=EDGE_LOOP('',(#1389,#1390,#1391,#1392,#1393,#1394));
#263=EDGE_LOOP('',(#1395,#1396,#1397,#1398));
#264=EDGE_LOOP('',(#1399,#1400,#1401,#1402,#1403,#1404));
#265=EDGE_LOOP('',(#1405,#1406,#1407,#1408));
#266=EDGE_LOOP('',(#1409,#1410,#1411,#1412));
#267=EDGE_LOOP('',(#1413,#1414,#1415,#1416));
#268=EDGE_LOOP('',(#1417,#1418,#1419,#1420));
#269=EDGE_LOOP('',(#1421,#1422,#1423,#1424));
#270=EDGE_LOOP('',(#1425,#1426,#1427,#1428));
#271=EDGE_LOOP('',(#1429,#1430,#1431,#1432));
#272=EDGE_LOOP('',(#1433,#1434,#1435,#1436));
#273=EDGE_LOOP('',(#1437,#1438,#1439,#1440));
#274=EDGE_LOOP('',(#1441,#1442,#1443,#1444,#1445,#1446));
#275=EDGE_LOOP('',(#1447,#1448,#1449,#1450));
#276=EDGE_LOOP('',(#1451,#1452,#1453,#1454,#1455,#1456));
#277=EDGE_LOOP('',(#1457,#1458,#1459,#1460));
#278=EDGE_LOOP('',(#1461,#1462,#1463,#1464,#1465));
#279=EDGE_LOOP('',(#1466,#1467,#1468,#1469));
#280=EDGE_LOOP('',(#1470,#1471,#1472,#1473));
#281=EDGE_LOOP('',(#1474,#1475,#1476,#1477));
#282=EDGE_LOOP('',(#1478,#1479,#1480,#1481));
#283=EDGE_LOOP('',(#1482,#1483,#1484,#1485));
#284=EDGE_LOOP('',(#1486,#1487,#1488,#1489));
#285=EDGE_LOOP('',(#1490,#1491,#1492,#1493,#1494));
#286=EDGE_LOOP('',(#1495,#1496,#1497,#1498));
#287=EDGE_LOOP('',(#1499,#1500,#1501,#1502));
#288=EDGE_LOOP('',(#1503,#1504,#1505,#1506,#1507,#1508));
#289=EDGE_LOOP('',(#1509,#1510,#1511,#1512));
#290=EDGE_LOOP('',(#1513,#1514,#1515,#1516));
#291=EDGE_LOOP('',(#1517,#1518,#1519,#1520));
#292=EDGE_LOOP('',(#1521,#1522,#1523,#1524));
#293=EDGE_LOOP('',(#1525,#1526,#1527,#1528));
#294=EDGE_LOOP('',(#1529,#1530,#1531,#1532));
#295=EDGE_LOOP('',(#1533,#1534,#1535,#1536));
#296=EDGE_LOOP('',(#1537,#1538,#1539,#1540,#1541,#1542));
#297=EDGE_LOOP('',(#1543,#1544,#1545,#1546));
#298=EDGE_LOOP('',(#1547,#1548,#1549,#1550));
#299=EDGE_LOOP('',(#1551,#1552,#1553,#1554));
#300=EDGE_LOOP('',(#1555,#1556,#1557,#1558,#1559));
#301=EDGE_LOOP('',(#1560,#1561,#1562,#1563));
#302=EDGE_LOOP('',(#1564,#1565,#1566,#1567));
#303=EDGE_LOOP('',(#1568,#1569,#1570,#1571));
#304=EDGE_LOOP('',(#1572,#1573,#1574,#1575));
#305=EDGE_LOOP('',(#1576,#1577,#1578,#1579));
#306=EDGE_LOOP('',(#1580,#1581,#1582,#1583,#1584));
#307=EDGE_LOOP('',(#1585,#1586,#1587,#1588));
#308=EDGE_LOOP('',(#1589,#1590,#1591,#1592));
#309=EDGE_LOOP('',(#1593,#1594,#1595,#1596));
#310=EDGE_LOOP('',(#1597,#1598,#1599,#1600));
#311=EDGE_LOOP('',(#1601,#1602,#1603,#1604));
#312=EDGE_LOOP('',(#1605,#1606,#1607,#1608));
#313=EDGE_LOOP('',(#1609,#1610,#1611,#1612));
#314=EDGE_LOOP('',(#1613,#1614,#1615,#1616));
#315=EDGE_LOOP('',(#1617,#1618,#1619,#1620));
#316=EDGE_LOOP('',(#1621,#1622,#1623,#1624,#1625));
#317=EDGE_LOOP('',(#1626,#1627,#1628,#1629));
#318=EDGE_LOOP('',(#1630,#1631,#1632,#1633));
#319=EDGE_LOOP('',(#1634,#1635,#1636,#1637));
#320=EDGE_LOOP('',(#1638,#1639,#1640,#1641));
#321=EDGE_LOOP('',(#1642,#1643,#1644,#1645));
#322=EDGE_LOOP('',(#1646,#1647,#1648,#1649,#1650));
#323=EDGE_LOOP('',(#1651,#1652,#1653,#1654));
#324=EDGE_LOOP('',(#1655,#1656,#1657,#1658));
#325=EDGE_LOOP('',(#1659,#1660,#1661,#1662,#1663));
#326=EDGE_LOOP('',(#1664,#1665,#1666,#1667));
#327=EDGE_LOOP('',(#1668,#1669,#1670,#1671));
#328=EDGE_LOOP('',(#1672,#1673,#1674,#1675));
#329=EDGE_LOOP('',(#1676,#1677,#1678,#1679));
#330=EDGE_LOOP('',(#1680,#1681,#1682,#1683));
#331=EDGE_LOOP('',(#1684,#1685,#1686,#1687));
#332=EDGE_LOOP('',(#1688,#1689,#1690,#1691,#1692));
#333=EDGE_LOOP('',(#1693,#1694,#1695,#1696));
#334=EDGE_LOOP('',(#1697,#1698,#1699,#1700));
#335=EDGE_LOOP('',(#1701,#1702,#1703,#1704,#1705,#1706));
#336=EDGE_LOOP('',(#1707,#1708,#1709,#1710));
#337=EDGE_LOOP('',(#1711,#1712,#1713,#1714));
#338=EDGE_LOOP('',(#1715,#1716,#1717,#1718));
#339=EDGE_LOOP('',(#1719,#1720,#1721,#1722));
#340=EDGE_LOOP('',(#1723,#1724,#1725,#1726));
#341=EDGE_LOOP('',(#1727,#1728,#1729,#1730));
#342=EDGE_LOOP('',(#1731,#1732,#1733,#1734));
#343=EDGE_LOOP('',(#1735,#1736,#1737,#1738,#1739,#1740));
#344=EDGE_LOOP('',(#1741,#1742,#1743,#1744));
#345=EDGE_LOOP('',(#1745,#1746,#1747,#1748));
#346=EDGE_LOOP('',(#1749,#1750,#1751,#1752));
#347=EDGE_LOOP('',(#1753,#1754,#1755,#1756));
#348=EDGE_LOOP('',(#1757,#1758,#1759,#1760));
#349=EDGE_LOOP('',(#1761,#1762,#1763,#1764));
#350=EDGE_LOOP('',(#1765,#1766,#1767,#1768));
#351=EDGE_LOOP('',(#1769,#1770,#1771,#1772));
#352=EDGE_LOOP('',(#1773,#1774,#1775,#1776));
#353=EDGE_LOOP('',(#1777,#1778,#1779,#1780));
#354=EDGE_LOOP('',(#1781,#1782,#1783,#1784));
#355=EDGE_LOOP('',(#1785,#1786,#1787,#1788));
#356=EDGE_LOOP('',(#1789,#1790,#1791,#1792));
#357=EDGE_LOOP('',(#1793,#1794,#1795,#1796));
#358=EDGE_LOOP('',(#1797,#1798,#1799,#1800));
#359=EDGE_LOOP('',(#1801,#1802,#1803,#1804));
#360=EDGE_LOOP('',(#1805,#1806,#1807,#1808));
#361=EDGE_LOOP('',(#1809,#1810,#1811,#1812));
#362=EDGE_LOOP('',(#1813,#1814,#1815,#1816));
#363=EDGE_LOOP('',(#1817,#1818,#1819,#1820));
#364=EDGE_LOOP('',(#1821,#1822,#1823,#1824));
#365=EDGE_LOOP('',(#1825,#1826,#1827,#1828));
#366=EDGE_LOOP('',(#1829,#1830,#1831,#1832));
#367=EDGE_LOOP('',(#1833,#1834,#1835,#1836));
#368=EDGE_LOOP('',(#1837,#1838,#1839,#1840));
#369=EDGE_LOOP('',(#1841,#1842,#1843,#1844,#1845,#1846,#1847,#1848));
#370=EDGE_LOOP('',(#1849,#1850,#1851,#1852,#1853,#1854,#1855,#1856));
#371=EDGE_LOOP('',(#1857,#1858,#1859,#1860,#1861,#1862,#1863,#1864,#1865,
#1866,#1867,#1868));
#372=EDGE_LOOP('',(#1869,#1870,#1871,#1872));
#373=EDGE_LOOP('',(#1873,#1874,#1875,#1876));
#374=EDGE_LOOP('',(#1877,#1878,#1879,#1880));
#375=EDGE_LOOP('',(#1881,#1882,#1883,#1884));
#376=EDGE_LOOP('',(#1885,#1886,#1887,#1888));
#377=EDGE_LOOP('',(#1889,#1890,#1891,#1892));
#378=EDGE_LOOP('',(#1893,#1894,#1895,#1896));
#379=EDGE_LOOP('',(#1897,#1898,#1899,#1900));
#380=EDGE_LOOP('',(#1901,#1902,#1903,#1904));
#381=EDGE_LOOP('',(#1905,#1906,#1907,#1908));
#382=EDGE_LOOP('',(#1909,#1910,#1911,#1912));
#383=EDGE_LOOP('',(#1913,#1914,#1915,#1916));
#384=EDGE_LOOP('',(#1917,#1918,#1919,#1920,#1921,#1922,#1923,#1924,#1925,
#1926,#1927,#1928));
#385=CIRCLE('',#2114,3.04800000000007);
#386=CIRCLE('',#2115,3.048);
#387=CIRCLE('',#2119,6.09600000000006);
#388=CIRCLE('',#2121,6.09599999999999);
#389=CIRCLE('',#2130,3.04800000000002);
#390=CIRCLE('',#2131,3.04799999999993);
#391=CIRCLE('',#2135,6.09599999999999);
#392=CIRCLE('',#2137,6.09599999999999);
#393=CIRCLE('',#2146,3.04799999999993);
#394=CIRCLE('',#2147,3.04800000000002);
#395=CIRCLE('',#2150,6.09599999999997);
#396=CIRCLE('',#2154,6.09600000000004);
#397=CIRCLE('',#2160,3.04800000000002);
#398=CIRCLE('',#2161,3.048);
#399=CIRCLE('',#2166,6.09600000000002);
#400=CIRCLE('',#2168,6.09600000000002);
#401=CIRCLE('',#2175,3.04800000000002);
#402=CIRCLE('',#2176,3.04799999999998);
#403=CIRCLE('',#2180,6.09599999999999);
#404=CIRCLE('',#2182,6.09600000000002);
#405=CIRCLE('',#2190,6.096);
#406=CIRCLE('',#2191,3.048);
#407=CIRCLE('',#2194,6.096);
#408=CIRCLE('',#2195,3.048);
#409=CIRCLE('',#2199,3.04800000000002);
#410=CIRCLE('',#2200,3.04799999999998);
#411=CIRCLE('',#2204,6.096);
#412=CIRCLE('',#2206,6.09600000000002);
#413=CIRCLE('',#2213,3.048);
#414=CIRCLE('',#2214,3.04800000000007);
#415=CIRCLE('',#2217,6.09599999999999);
#416=CIRCLE('',#2221,6.09600000000002);
#417=CIRCLE('',#2227,3.04800000000002);
#418=CIRCLE('',#2228,3.04799999999997);
#419=CIRCLE('',#2233,6.09600000000002);
#420=CIRCLE('',#2235,6.09600000000002);
#421=CIRCLE('',#2243,6.09599999999999);
#422=CIRCLE('',#2244,3.04799999999999);
#423=CIRCLE('',#2246,3.04799999999999);
#424=CIRCLE('',#2249,6.09599999999999);
#425=CIRCLE('',#2253,6.096);
#426=CIRCLE('',#2254,6.096);
#427=CIRCLE('',#2258,3.048);
#428=CIRCLE('',#2260,3.048);
#429=CIRCLE('',#2264,6.096);
#430=CIRCLE('',#2265,6.096);
#431=CIRCLE('',#2269,3.048);
#432=CIRCLE('',#2271,3.048);
#433=CIRCLE('',#2280,4.99999999999993);
#434=CIRCLE('',#2281,5.49999999999997);
#435=CIRCLE('',#2282,5.49999999999997);
#436=CIRCLE('',#2283,4.99999999999993);
#437=CIRCLE('',#2285,4.99999999999993);
#438=CIRCLE('',#2290,5.49999999999997);
#439=CIRCLE('',#2293,5.49999999999997);
#440=CIRCLE('',#2298,4.99999999999993);
#441=LINE('',#2915,#673);
#442=LINE('',#2919,#674);
#443=LINE('',#2923,#675);
#444=LINE('',#2925,#676);
#445=LINE('',#2927,#677);
#446=LINE('',#2928,#678);
#447=LINE('',#2931,#679);
#448=LINE('',#2933,#680);
#449=LINE('',#2934,#681);
#450=LINE('',#2936,#682);
#451=LINE('',#2939,#683);
#452=LINE('',#2942,#684);
#453=LINE('',#2946,#685);
#454=LINE('',#2947,#686);
#455=LINE('',#2949,#687);
#456=LINE('',#2952,#688);
#457=LINE('',#2955,#689);
#458=LINE('',#2957,#690);
#459=LINE('',#2959,#691);
#460=LINE('',#2961,#692);
#461=LINE('',#2962,#693);
#462=LINE('',#2965,#694);
#463=LINE('',#2966,#695);
#464=LINE('',#2969,#696);
#465=LINE('',#2971,#697);
#466=LINE('',#2973,#698);
#467=LINE('',#2974,#699);
#468=LINE('',#2978,#700);
#469=LINE('',#2982,#701);
#470=LINE('',#2986,#702);
#471=LINE('',#2988,#703);
#472=LINE('',#2990,#704);
#473=LINE('',#2991,#705);
#474=LINE('',#2994,#706);
#475=LINE('',#2996,#707);
#476=LINE('',#2997,#708);
#477=LINE('',#2999,#709);
#478=LINE('',#3002,#710);
#479=LINE('',#3005,#711);
#480=LINE('',#3009,#712);
#481=LINE('',#3010,#713);
#482=LINE('',#3012,#714);
#483=LINE('',#3015,#715);
#484=LINE('',#3018,#716);
#485=LINE('',#3020,#717);
#486=LINE('',#3022,#718);
#487=LINE('',#3024,#719);
#488=LINE('',#3025,#720);
#489=LINE('',#3028,#721);
#490=LINE('',#3029,#722);
#491=LINE('',#3032,#723);
#492=LINE('',#3034,#724);
#493=LINE('',#3036,#725);
#494=LINE('',#3037,#726);
#495=LINE('',#3041,#727);
#496=LINE('',#3045,#728);
#497=LINE('',#3050,#729);
#498=LINE('',#3052,#730);
#499=LINE('',#3054,#731);
#500=LINE('',#3056,#732);
#501=LINE('',#3057,#733);
#502=LINE('',#3059,#734);
#503=LINE('',#3062,#735);
#504=LINE('',#3066,#736);
#505=LINE('',#3067,#737);
#506=LINE('',#3068,#738);
#507=LINE('',#3070,#739);
#508=LINE('',#3071,#740);
#509=LINE('',#3074,#741);
#510=LINE('',#3078,#742);
#511=LINE('',#3079,#743);
#512=LINE('',#3081,#744);
#513=LINE('',#3084,#745);
#514=LINE('',#3088,#746);
#515=LINE('',#3091,#747);
#516=LINE('',#3096,#748);
#517=LINE('',#3098,#749);
#518=LINE('',#3100,#750);
#519=LINE('',#3102,#751);
#520=LINE('',#3104,#752);
#521=LINE('',#3105,#753);
#522=LINE('',#3109,#754);
#523=LINE('',#3110,#755);
#524=LINE('',#3111,#756);
#525=LINE('',#3113,#757);
#526=LINE('',#3114,#758);
#527=LINE('',#3117,#759);
#528=LINE('',#3120,#760);
#529=LINE('',#3124,#761);
#530=LINE('',#3125,#762);
#531=LINE('',#3128,#763);
#532=LINE('',#3129,#764);
#533=LINE('',#3131,#765);
#534=LINE('',#3134,#766);
#535=LINE('',#3138,#767);
#536=LINE('',#3141,#768);
#537=LINE('',#3145,#769);
#538=LINE('',#3147,#770);
#539=LINE('',#3149,#771);
#540=LINE('',#3150,#772);
#541=LINE('',#3153,#773);
#542=LINE('',#3155,#774);
#543=LINE('',#3157,#775);
#544=LINE('',#3158,#776);
#545=LINE('',#3161,#777);
#546=LINE('',#3164,#778);
#547=LINE('',#3168,#779);
#548=LINE('',#3169,#780);
#549=LINE('',#3172,#781);
#550=LINE('',#3173,#782);
#551=LINE('',#3175,#783);
#552=LINE('',#3178,#784);
#553=LINE('',#3182,#785);
#554=LINE('',#3184,#786);
#555=LINE('',#3186,#787);
#556=LINE('',#3187,#788);
#557=LINE('',#3194,#789);
#558=LINE('',#3196,#790);
#559=LINE('',#3198,#791);
#560=LINE('',#3199,#792);
#561=LINE('',#3204,#793);
#562=LINE('',#3205,#794);
#563=LINE('',#3207,#795);
#564=LINE('',#3211,#796);
#565=LINE('',#3215,#797);
#566=LINE('',#3219,#798);
#567=LINE('',#3221,#799);
#568=LINE('',#3223,#800);
#569=LINE('',#3224,#801);
#570=LINE('',#3227,#802);
#571=LINE('',#3229,#803);
#572=LINE('',#3231,#804);
#573=LINE('',#3232,#805);
#574=LINE('',#3235,#806);
#575=LINE('',#3238,#807);
#576=LINE('',#3241,#808);
#577=LINE('',#3244,#809);
#578=LINE('',#3245,#810);
#579=LINE('',#3248,#811);
#580=LINE('',#3249,#812);
#581=LINE('',#3251,#813);
#582=LINE('',#3254,#814);
#583=LINE('',#3258,#815);
#584=LINE('',#3262,#816);
#585=LINE('',#3267,#817);
#586=LINE('',#3269,#818);
#587=LINE('',#3271,#819);
#588=LINE('',#3273,#820);
#589=LINE('',#3274,#821);
#590=LINE('',#3276,#822);
#591=LINE('',#3279,#823);
#592=LINE('',#3283,#824);
#593=LINE('',#3284,#825);
#594=LINE('',#3285,#826);
#595=LINE('',#3287,#827);
#596=LINE('',#3288,#828);
#597=LINE('',#3291,#829);
#598=LINE('',#3295,#830);
#599=LINE('',#3296,#831);
#600=LINE('',#3298,#832);
#601=LINE('',#3301,#833);
#602=LINE('',#3305,#834);
#603=LINE('',#3307,#835);
#604=LINE('',#3312,#836);
#605=LINE('',#3314,#837);
#606=LINE('',#3316,#838);
#607=LINE('',#3318,#839);
#608=LINE('',#3320,#840);
#609=LINE('',#3321,#841);
#610=LINE('',#3325,#842);
#611=LINE('',#3326,#843);
#612=LINE('',#3327,#844);
#613=LINE('',#3329,#845);
#614=LINE('',#3330,#846);
#615=LINE('',#3334,#847);
#616=LINE('',#3338,#848);
#617=LINE('',#3339,#849);
#618=LINE('',#3342,#850);
#619=LINE('',#3343,#851);
#620=LINE('',#3345,#852);
#621=LINE('',#3348,#853);
#622=LINE('',#3352,#854);
#623=LINE('',#3354,#855);
#624=LINE('',#3356,#856);
#625=LINE('',#3357,#857);
#626=LINE('',#3362,#858);
#627=LINE('',#3365,#859);
#628=LINE('',#3369,#860);
#629=LINE('',#3370,#861);
#630=LINE('',#3372,#862);
#631=LINE('',#3373,#863);
#632=LINE('',#3378,#864);
#633=LINE('',#3381,#865);
#634=LINE('',#3384,#866);
#635=LINE('',#3386,#867);
#636=LINE('',#3390,#868);
#637=LINE('',#3394,#869);
#638=LINE('',#3397,#870);
#639=LINE('',#3400,#871);
#640=LINE('',#3402,#872);
#641=LINE('',#3406,#873);
#642=LINE('',#3410,#874);
#643=LINE('',#3412,#875);
#644=LINE('',#3414,#876);
#645=LINE('',#3421,#877);
#646=LINE('',#3425,#878);
#647=LINE('',#3427,#879);
#648=LINE('',#3429,#880);
#649=LINE('',#3433,#881);
#650=LINE('',#3437,#882);
#651=LINE('',#3439,#883);
#652=LINE('',#3441,#884);
#653=LINE('',#3445,#885);
#654=LINE('',#3448,#886);
#655=LINE('',#3451,#887);
#656=LINE('',#3452,#888);
#657=LINE('',#3455,#889);
#658=LINE('',#3456,#890);
#659=LINE('',#3459,#891);
#660=LINE('',#3460,#892);
#661=LINE('',#3464,#893);
#662=LINE('',#3467,#894);
#663=LINE('',#3468,#895);
#664=LINE('',#3472,#896);
#665=LINE('',#3475,#897);
#666=LINE('',#3476,#898);
#667=LINE('',#3479,#899);
#668=LINE('',#3480,#900);
#669=LINE('',#3483,#901);
#670=LINE('',#3484,#902);
#671=LINE('',#3488,#903);
#672=LINE('',#3490,#904);
#673=VECTOR('',#2305,10.);
#674=VECTOR('',#2308,10.);
#675=VECTOR('',#2313,10.);
#676=VECTOR('',#2314,10.);
#677=VECTOR('',#2315,10.);
#678=VECTOR('',#2316,10.);
#679=VECTOR('',#2319,10.);
#680=VECTOR('',#2320,10.);
#681=VECTOR('',#2321,10.);
#682=VECTOR('',#2324,10.);
#683=VECTOR('',#2327,10.);
#684=VECTOR('',#2330,10.);
#685=VECTOR('',#2335,10.);
#686=VECTOR('',#2336,10.);
#687=VECTOR('',#2339,10.);
#688=VECTOR('',#2344,10.);
#689=VECTOR('',#2347,10.);
#690=VECTOR('',#2348,10.);
#691=VECTOR('',#2349,10.);
#692=VECTOR('',#2350,10.);
#693=VECTOR('',#2351,10.);
#694=VECTOR('',#2354,10.);
#695=VECTOR('',#2355,10.);
#696=VECTOR('',#2358,10.);
#697=VECTOR('',#2359,10.);
#698=VECTOR('',#2360,10.);
#699=VECTOR('',#2361,10.);
#700=VECTOR('',#2364,10.);
#701=VECTOR('',#2367,10.);
#702=VECTOR('',#2372,10.);
#703=VECTOR('',#2373,10.);
#704=VECTOR('',#2374,10.);
#705=VECTOR('',#2375,10.);
#706=VECTOR('',#2378,10.);
#707=VECTOR('',#2379,10.);
#708=VECTOR('',#2380,10.);
#709=VECTOR('',#2383,10.);
#710=VECTOR('',#2386,10.);
#711=VECTOR('',#2389,10.);
#712=VECTOR('',#2394,10.);
#713=VECTOR('',#2395,10.);
#714=VECTOR('',#2398,10.);
#715=VECTOR('',#2403,10.);
#716=VECTOR('',#2406,10.);
#717=VECTOR('',#2407,10.);
#718=VECTOR('',#2408,10.);
#719=VECTOR('',#2409,10.);
#720=VECTOR('',#2410,10.);
#721=VECTOR('',#2413,10.);
#722=VECTOR('',#2414,10.);
#723=VECTOR('',#2417,10.);
#724=VECTOR('',#2418,10.);
#725=VECTOR('',#2419,10.);
#726=VECTOR('',#2420,10.);
#727=VECTOR('',#2423,10.);
#728=VECTOR('',#2426,10.);
#729=VECTOR('',#2431,10.);
#730=VECTOR('',#2432,4.38912);
#731=VECTOR('',#2433,10.);
#732=VECTOR('',#2434,10.);
#733=VECTOR('',#2435,10.);
#734=VECTOR('',#2438,10.);
#735=VECTOR('',#2441,10.);
#736=VECTOR('',#2444,10.);
#737=VECTOR('',#2445,10.);
#738=VECTOR('',#2446,10.);
#739=VECTOR('',#2449,10.);
#740=VECTOR('',#2450,10.);
#741=VECTOR('',#2453,10.);
#742=VECTOR('',#2458,10.);
#743=VECTOR('',#2459,10.);
#744=VECTOR('',#2462,10.);
#745=VECTOR('',#2467,10.);
#746=VECTOR('',#2470,10.);
#747=VECTOR('',#2473,10.);
#748=VECTOR('',#2478,10.);
#749=VECTOR('',#2479,10.);
#750=VECTOR('',#2480,10.);
#751=VECTOR('',#2481,10.);
#752=VECTOR('',#2482,10.);
#753=VECTOR('',#2483,10.);
#754=VECTOR('',#2486,10.);
#755=VECTOR('',#2487,10.);
#756=VECTOR('',#2488,10.);
#757=VECTOR('',#2491,10.);
#758=VECTOR('',#2492,10.);
#759=VECTOR('',#2495,10.);
#760=VECTOR('',#2500,10.);
#761=VECTOR('',#2505,10.);
#762=VECTOR('',#2506,10.);
#763=VECTOR('',#2509,10.);
#764=VECTOR('',#2510,10.);
#765=VECTOR('',#2513,10.);
#766=VECTOR('',#2518,10.);
#767=VECTOR('',#2521,10.);
#768=VECTOR('',#2524,10.);
#769=VECTOR('',#2529,10.);
#770=VECTOR('',#2530,4.38912);
#771=VECTOR('',#2531,10.);
#772=VECTOR('',#2532,4.38912);
#773=VECTOR('',#2535,10.);
#774=VECTOR('',#2536,10.);
#775=VECTOR('',#2537,10.);
#776=VECTOR('',#2538,10.);
#777=VECTOR('',#2541,10.);
#778=VECTOR('',#2546,10.);
#779=VECTOR('',#2551,10.);
#780=VECTOR('',#2552,10.);
#781=VECTOR('',#2555,10.);
#782=VECTOR('',#2556,10.);
#783=VECTOR('',#2559,10.);
#784=VECTOR('',#2564,10.);
#785=VECTOR('',#2567,10.);
#786=VECTOR('',#2568,10.);
#787=VECTOR('',#2569,10.);
#788=VECTOR('',#2570,10.);
#789=VECTOR('',#2579,10.);
#790=VECTOR('',#2580,10.);
#791=VECTOR('',#2581,10.);
#792=VECTOR('',#2582,10.);
#793=VECTOR('',#2591,10.);
#794=VECTOR('',#2592,10.);
#795=VECTOR('',#2595,10.);
#796=VECTOR('',#2598,10.);
#797=VECTOR('',#2601,10.);
#798=VECTOR('',#2606,10.);
#799=VECTOR('',#2607,4.38912);
#800=VECTOR('',#2608,10.);
#801=VECTOR('',#2609,4.38912);
#802=VECTOR('',#2612,10.);
#803=VECTOR('',#2613,10.);
#804=VECTOR('',#2614,10.);
#805=VECTOR('',#2615,10.);
#806=VECTOR('',#2618,10.);
#807=VECTOR('',#2623,10.);
#808=VECTOR('',#2626,10.);
#809=VECTOR('',#2629,10.);
#810=VECTOR('',#2630,10.);
#811=VECTOR('',#2633,10.);
#812=VECTOR('',#2634,10.);
#813=VECTOR('',#2637,10.);
#814=VECTOR('',#2642,10.);
#815=VECTOR('',#2645,10.);
#816=VECTOR('',#2648,10.);
#817=VECTOR('',#2653,10.);
#818=VECTOR('',#2654,4.38912);
#819=VECTOR('',#2655,10.);
#820=VECTOR('',#2656,10.);
#821=VECTOR('',#2657,10.);
#822=VECTOR('',#2660,10.);
#823=VECTOR('',#2663,10.);
#824=VECTOR('',#2666,10.);
#825=VECTOR('',#2667,10.);
#826=VECTOR('',#2668,10.);
#827=VECTOR('',#2671,10.);
#828=VECTOR('',#2672,10.);
#829=VECTOR('',#2675,10.);
#830=VECTOR('',#2680,10.);
#831=VECTOR('',#2681,10.);
#832=VECTOR('',#2684,10.);
#833=VECTOR('',#2689,10.);
#834=VECTOR('',#2692,10.);
#835=VECTOR('',#2695,10.);
#836=VECTOR('',#2700,10.);
#837=VECTOR('',#2701,10.);
#838=VECTOR('',#2702,10.);
#839=VECTOR('',#2703,10.);
#840=VECTOR('',#2704,10.);
#841=VECTOR('',#2705,10.);
#842=VECTOR('',#2708,10.);
#843=VECTOR('',#2709,10.);
#844=VECTOR('',#2710,10.);
#845=VECTOR('',#2713,10.);
#846=VECTOR('',#2714,10.);
#847=VECTOR('',#2721,10.);
#848=VECTOR('',#2726,10.);
#849=VECTOR('',#2727,10.);
#850=VECTOR('',#2730,10.);
#851=VECTOR('',#2731,10.);
#852=VECTOR('',#2734,10.);
#853=VECTOR('',#2739,10.);
#854=VECTOR('',#2742,10.);
#855=VECTOR('',#2743,10.);
#856=VECTOR('',#2744,10.);
#857=VECTOR('',#2745,10.);
#858=VECTOR('',#2754,10.);
#859=VECTOR('',#2757,10.);
#860=VECTOR('',#2760,10.);
#861=VECTOR('',#2761,10.);
#862=VECTOR('',#2762,10.);
#863=VECTOR('',#2763,10.);
#864=VECTOR('',#2772,10.);
#865=VECTOR('',#2777,10.);
#866=VECTOR('',#2782,10.);
#867=VECTOR('',#2785,10.);
#868=VECTOR('',#2792,10.);
#869=VECTOR('',#2799,10.);
#870=VECTOR('',#2804,10.);
#871=VECTOR('',#2809,10.);
#872=VECTOR('',#2812,10.);
#873=VECTOR('',#2819,10.);
#874=VECTOR('',#2826,10.);
#875=VECTOR('',#2829,10.);
#876=VECTOR('',#2832,10.);
#877=VECTOR('',#2841,10.);
#878=VECTOR('',#2844,10.);
#879=VECTOR('',#2845,10.);
#880=VECTOR('',#2846,10.);
#881=VECTOR('',#2849,10.);
#882=VECTOR('',#2852,10.);
#883=VECTOR('',#2853,10.);
#884=VECTOR('',#2854,10.);
#885=VECTOR('',#2859,10.);
#886=VECTOR('',#2862,10.);
#887=VECTOR('',#2865,10.);
#888=VECTOR('',#2866,10.);
#889=VECTOR('',#2869,10.);
#890=VECTOR('',#2870,10.);
#891=VECTOR('',#2873,10.);
#892=VECTOR('',#2874,10.);
#893=VECTOR('',#2879,10.);
#894=VECTOR('',#2882,10.);
#895=VECTOR('',#2883,10.);
#896=VECTOR('',#2888,10.);
#897=VECTOR('',#2891,10.);
#898=VECTOR('',#2892,10.);
#899=VECTOR('',#2895,10.);
#900=VECTOR('',#2896,10.);
#901=VECTOR('',#2899,10.);
#902=VECTOR('',#2900,10.);
#903=VECTOR('',#2905,10.);
#904=VECTOR('',#2908,10.);
#905=VERTEX_POINT('',#2913);
#906=VERTEX_POINT('',#2914);
#907=VERTEX_POINT('',#2916);
#908=VERTEX_POINT('',#2918);
#909=VERTEX_POINT('',#2922);
#910=VERTEX_POINT('',#2924);
#911=VERTEX_POINT('',#2926);
#912=VERTEX_POINT('',#2930);
#913=VERTEX_POINT('',#2932);
#914=VERTEX_POINT('',#2937);
#915=VERTEX_POINT('',#2941);
#916=VERTEX_POINT('',#2945);
#917=VERTEX_POINT('',#2954);
#918=VERTEX_POINT('',#2956);
#919=VERTEX_POINT('',#2958);
#920=VERTEX_POINT('',#2960);
#921=VERTEX_POINT('',#2964);
#922=VERTEX_POINT('',#2968);
#923=VERTEX_POINT('',#2970);
#924=VERTEX_POINT('',#2972);
#925=VERTEX_POINT('',#2976);
#926=VERTEX_POINT('',#2977);
#927=VERTEX_POINT('',#2979);
#928=VERTEX_POINT('',#2981);
#929=VERTEX_POINT('',#2985);
#930=VERTEX_POINT('',#2987);
#931=VERTEX_POINT('',#2989);
#932=VERTEX_POINT('',#2993);
#933=VERTEX_POINT('',#2995);
#934=VERTEX_POINT('',#3000);
#935=VERTEX_POINT('',#3004);
#936=VERTEX_POINT('',#3008);
#937=VERTEX_POINT('',#3017);
#938=VERTEX_POINT('',#3019);
#939=VERTEX_POINT('',#3021);
#940=VERTEX_POINT('',#3023);
#941=VERTEX_POINT('',#3027);
#942=VERTEX_POINT('',#3031);
#943=VERTEX_POINT('',#3033);
#944=VERTEX_POINT('',#3035);
#945=VERTEX_POINT('',#3039);
#946=VERTEX_POINT('',#3040);
#947=VERTEX_POINT('',#3042);
#948=VERTEX_POINT('',#3044);
#949=VERTEX_POINT('',#3048);
#950=VERTEX_POINT('',#3049);
#951=VERTEX_POINT('',#3051);
#952=VERTEX_POINT('',#3053);
#953=VERTEX_POINT('',#3055);
#954=VERTEX_POINT('',#3060);
#955=VERTEX_POINT('',#3064);
#956=VERTEX_POINT('',#3065);
#957=VERTEX_POINT('',#3073);
#958=VERTEX_POINT('',#3077);
#959=VERTEX_POINT('',#3086);
#960=VERTEX_POINT('',#3087);
#961=VERTEX_POINT('',#3090);
#962=VERTEX_POINT('',#3094);
#963=VERTEX_POINT('',#3095);
#964=VERTEX_POINT('',#3097);
#965=VERTEX_POINT('',#3099);
#966=VERTEX_POINT('',#3101);
#967=VERTEX_POINT('',#3103);
#968=VERTEX_POINT('',#3107);
#969=VERTEX_POINT('',#3108);
#970=VERTEX_POINT('',#3116);
#971=VERTEX_POINT('',#3123);
#972=VERTEX_POINT('',#3127);
#973=VERTEX_POINT('',#3136);
#974=VERTEX_POINT('',#3137);
#975=VERTEX_POINT('',#3140);
#976=VERTEX_POINT('',#3144);
#977=VERTEX_POINT('',#3146);
#978=VERTEX_POINT('',#3148);
#979=VERTEX_POINT('',#3152);
#980=VERTEX_POINT('',#3154);
#981=VERTEX_POINT('',#3156);
#982=VERTEX_POINT('',#3160);
#983=VERTEX_POINT('',#3167);
#984=VERTEX_POINT('',#3171);
#985=VERTEX_POINT('',#3180);
#986=VERTEX_POINT('',#3181);
#987=VERTEX_POINT('',#3183);
#988=VERTEX_POINT('',#3185);
#989=VERTEX_POINT('',#3192);
#990=VERTEX_POINT('',#3193);
#991=VERTEX_POINT('',#3195);
#992=VERTEX_POINT('',#3197);
#993=VERTEX_POINT('',#3209);
#994=VERTEX_POINT('',#3210);
#995=VERTEX_POINT('',#3212);
#996=VERTEX_POINT('',#3214);
#997=VERTEX_POINT('',#3218);
#998=VERTEX_POINT('',#3220);
#999=VERTEX_POINT('',#3222);
#1000=VERTEX_POINT('',#3226);
#1001=VERTEX_POINT('',#3228);
#1002=VERTEX_POINT('',#3230);
#1003=VERTEX_POINT('',#3234);
#1004=VERTEX_POINT('',#3239);
#1005=VERTEX_POINT('',#3243);
#1006=VERTEX_POINT('',#3247);
#1007=VERTEX_POINT('',#3256);
#1008=VERTEX_POINT('',#3257);
#1009=VERTEX_POINT('',#3259);
#1010=VERTEX_POINT('',#3261);
#1011=VERTEX_POINT('',#3265);
#1012=VERTEX_POINT('',#3266);
#1013=VERTEX_POINT('',#3268);
#1014=VERTEX_POINT('',#3270);
#1015=VERTEX_POINT('',#3272);
#1016=VERTEX_POINT('',#3277);
#1017=VERTEX_POINT('',#3281);
#1018=VERTEX_POINT('',#3282);
#1019=VERTEX_POINT('',#3290);
#1020=VERTEX_POINT('',#3294);
#1021=VERTEX_POINT('',#3303);
#1022=VERTEX_POINT('',#3304);
#1023=VERTEX_POINT('',#3310);
#1024=VERTEX_POINT('',#3311);
#1025=VERTEX_POINT('',#3313);
#1026=VERTEX_POINT('',#3315);
#1027=VERTEX_POINT('',#3317);
#1028=VERTEX_POINT('',#3319);
#1029=VERTEX_POINT('',#3323);
#1030=VERTEX_POINT('',#3324);
#1031=VERTEX_POINT('',#3337);
#1032=VERTEX_POINT('',#3341);
#1033=VERTEX_POINT('',#3350);
#1034=VERTEX_POINT('',#3351);
#1035=VERTEX_POINT('',#3353);
#1036=VERTEX_POINT('',#3355);
#1037=VERTEX_POINT('',#3363);
#1038=VERTEX_POINT('',#3367);
#1039=VERTEX_POINT('',#3368);
#1040=VERTEX_POINT('',#3371);
#1041=VERTEX_POINT('',#3419);
#1042=VERTEX_POINT('',#3420);
#1043=VERTEX_POINT('',#3422);
#1044=VERTEX_POINT('',#3424);
#1045=VERTEX_POINT('',#3426);
#1046=VERTEX_POINT('',#3428);
#1047=VERTEX_POINT('',#3430);
#1048=VERTEX_POINT('',#3432);
#1049=VERTEX_POINT('',#3434);
#1050=VERTEX_POINT('',#3436);
#1051=VERTEX_POINT('',#3438);
#1052=VERTEX_POINT('',#3440);
#1053=VERTEX_POINT('',#3444);
#1054=VERTEX_POINT('',#3446);
#1055=VERTEX_POINT('',#3450);
#1056=VERTEX_POINT('',#3454);
#1057=VERTEX_POINT('',#3458);
#1058=VERTEX_POINT('',#3462);
#1059=VERTEX_POINT('',#3466);
#1060=VERTEX_POINT('',#3470);
#1061=VERTEX_POINT('',#3474);
#1062=VERTEX_POINT('',#3478);
#1063=VERTEX_POINT('',#3482);
#1064=VERTEX_POINT('',#3486);
#1065=EDGE_CURVE('',#905,#906,#441,.T.);
#1066=EDGE_CURVE('',#907,#905,#385,.T.);
#1067=EDGE_CURVE('',#908,#907,#442,.T.);
#1068=EDGE_CURVE('',#906,#908,#386,.T.);
#1069=EDGE_CURVE('',#906,#909,#443,.T.);
#1070=EDGE_CURVE('',#909,#910,#444,.T.);
#1071=EDGE_CURVE('',#910,#911,#445,.T.);
#1072=EDGE_CURVE('',#911,#906,#446,.T.);
#1073=EDGE_CURVE('',#909,#912,#447,.T.);
#1074=EDGE_CURVE('',#912,#913,#448,.T.);
#1075=EDGE_CURVE('',#913,#910,#449,.T.);
#1076=EDGE_CURVE('',#912,#905,#450,.T.);
#1077=EDGE_CURVE('',#914,#912,#387,.T.);
#1078=EDGE_CURVE('',#907,#914,#451,.T.);
#1079=EDGE_CURVE('',#915,#908,#452,.T.);
#1080=EDGE_CURVE('',#915,#909,#388,.T.);
#1081=EDGE_CURVE('',#905,#916,#453,.T.);
#1082=EDGE_CURVE('',#913,#916,#454,.T.);
#1083=EDGE_CURVE('',#916,#911,#455,.T.);
#1084=EDGE_CURVE('',#914,#915,#456,.T.);
#1085=EDGE_CURVE('',#917,#915,#457,.T.);
#1086=EDGE_CURVE('',#918,#917,#458,.T.);
#1087=EDGE_CURVE('',#918,#919,#459,.T.);
#1088=EDGE_CURVE('',#920,#919,#460,.T.);
#1089=EDGE_CURVE('',#914,#920,#461,.T.);
#1090=EDGE_CURVE('',#921,#908,#462,.T.);
#1091=EDGE_CURVE('',#921,#917,#463,.T.);
#1092=EDGE_CURVE('',#922,#907,#464,.T.);
#1093=EDGE_CURVE('',#923,#922,#465,.T.);
#1094=EDGE_CURVE('',#923,#924,#466,.T.);
#1095=EDGE_CURVE('',#924,#921,#467,.T.);
#1096=EDGE_CURVE('',#925,#926,#468,.T.);
#1097=EDGE_CURVE('',#927,#925,#389,.T.);
#1098=EDGE_CURVE('',#928,#927,#469,.T.);
#1099=EDGE_CURVE('',#926,#928,#390,.T.);
#1100=EDGE_CURVE('',#926,#929,#470,.T.);
#1101=EDGE_CURVE('',#929,#930,#471,.T.);
#1102=EDGE_CURVE('',#930,#931,#472,.T.);
#1103=EDGE_CURVE('',#931,#926,#473,.T.);
#1104=EDGE_CURVE('',#929,#932,#474,.T.);
#1105=EDGE_CURVE('',#932,#933,#475,.T.);
#1106=EDGE_CURVE('',#933,#930,#476,.T.);
#1107=EDGE_CURVE('',#932,#925,#477,.T.);
#1108=EDGE_CURVE('',#934,#932,#391,.T.);
#1109=EDGE_CURVE('',#927,#934,#478,.T.);
#1110=EDGE_CURVE('',#935,#928,#479,.T.);
#1111=EDGE_CURVE('',#935,#929,#392,.T.);
#1112=EDGE_CURVE('',#925,#936,#480,.T.);
#1113=EDGE_CURVE('',#933,#936,#481,.T.);
#1114=EDGE_CURVE('',#936,#931,#482,.T.);
#1115=EDGE_CURVE('',#934,#935,#483,.T.);
#1116=EDGE_CURVE('',#937,#935,#484,.T.);
#1117=EDGE_CURVE('',#938,#937,#485,.T.);
#1118=EDGE_CURVE('',#938,#939,#486,.T.);
#1119=EDGE_CURVE('',#940,#939,#487,.T.);
#1120=EDGE_CURVE('',#934,#940,#488,.T.);
#1121=EDGE_CURVE('',#941,#928,#489,.T.);
#1122=EDGE_CURVE('',#941,#937,#490,.T.);
#1123=EDGE_CURVE('',#942,#927,#491,.T.);
#1124=EDGE_CURVE('',#943,#942,#492,.T.);
#1125=EDGE_CURVE('',#943,#944,#493,.T.);
#1126=EDGE_CURVE('',#944,#941,#494,.T.);
#1127=EDGE_CURVE('',#945,#946,#495,.T.);
#1128=EDGE_CURVE('',#947,#945,#393,.T.);
#1129=EDGE_CURVE('',#948,#947,#496,.T.);
#1130=EDGE_CURVE('',#946,#948,#394,.T.);
#1131=EDGE_CURVE('',#949,#950,#497,.T.);
#1132=EDGE_CURVE('',#950,#951,#498,.T.);
#1133=EDGE_CURVE('',#951,#952,#499,.T.);
#1134=EDGE_CURVE('',#953,#952,#500,.T.);
#1135=EDGE_CURVE('',#949,#953,#501,.T.);
#1136=EDGE_CURVE('',#950,#945,#502,.T.);
#1137=EDGE_CURVE('',#954,#950,#395,.T.);
#1138=EDGE_CURVE('',#954,#947,#503,.T.);
#1139=EDGE_CURVE('',#955,#956,#504,.T.);
#1140=EDGE_CURVE('',#953,#956,#505,.T.);
#1141=EDGE_CURVE('',#952,#955,#506,.T.);
#1142=EDGE_CURVE('',#956,#946,#507,.T.);
#1143=EDGE_CURVE('',#949,#946,#508,.T.);
#1144=EDGE_CURVE('',#957,#948,#509,.T.);
#1145=EDGE_CURVE('',#957,#949,#396,.T.);
#1146=EDGE_CURVE('',#945,#958,#510,.T.);
#1147=EDGE_CURVE('',#951,#958,#511,.T.);
#1148=EDGE_CURVE('',#958,#955,#512,.T.);
#1149=EDGE_CURVE('',#954,#957,#513,.T.);
#1150=EDGE_CURVE('',#959,#960,#514,.T.);
#1151=EDGE_CURVE('',#948,#959,#397,.T.);
#1152=EDGE_CURVE('',#961,#948,#515,.T.);
#1153=EDGE_CURVE('',#960,#961,#398,.T.);
#1154=EDGE_CURVE('',#962,#963,#516,.T.);
#1155=EDGE_CURVE('',#963,#964,#517,.T.);
#1156=EDGE_CURVE('',#964,#965,#518,.T.);
#1157=EDGE_CURVE('',#965,#966,#519,.T.);
#1158=EDGE_CURVE('',#967,#966,#520,.T.);
#1159=EDGE_CURVE('',#962,#967,#521,.T.);
#1160=EDGE_CURVE('',#968,#969,#522,.T.);
#1161=EDGE_CURVE('',#967,#969,#523,.T.);
#1162=EDGE_CURVE('',#966,#968,#524,.T.);
#1163=EDGE_CURVE('',#969,#960,#525,.T.);
#1164=EDGE_CURVE('',#962,#960,#526,.T.);
#1165=EDGE_CURVE('',#970,#961,#527,.T.);
#1166=EDGE_CURVE('',#970,#962,#399,.T.);
#1167=EDGE_CURVE('',#963,#959,#528,.T.);
#1168=EDGE_CURVE('',#957,#963,#400,.T.);
#1169=EDGE_CURVE('',#959,#971,#529,.T.);
#1170=EDGE_CURVE('',#964,#971,#530,.T.);
#1171=EDGE_CURVE('',#971,#972,#531,.T.);
#1172=EDGE_CURVE('',#965,#972,#532,.T.);
#1173=EDGE_CURVE('',#972,#968,#533,.T.);
#1174=EDGE_CURVE('',#957,#970,#534,.T.);
#1175=EDGE_CURVE('',#973,#974,#535,.T.);
#1176=EDGE_CURVE('',#961,#973,#401,.T.);
#1177=EDGE_CURVE('',#975,#961,#536,.T.);
#1178=EDGE_CURVE('',#974,#975,#402,.T.);
#1179=EDGE_CURVE('',#974,#976,#537,.T.);
#1180=EDGE_CURVE('',#976,#977,#538,.T.);
#1181=EDGE_CURVE('',#977,#978,#539,.T.);
#1182=EDGE_CURVE('',#978,#974,#540,.T.);
#1183=EDGE_CURVE('',#976,#979,#541,.T.);
#1184=EDGE_CURVE('',#979,#980,#542,.T.);
#1185=EDGE_CURVE('',#980,#981,#543,.T.);
#1186=EDGE_CURVE('',#981,#977,#544,.T.);
#1187=EDGE_CURVE('',#982,#975,#545,.T.);
#1188=EDGE_CURVE('',#982,#976,#403,.T.);
#1189=EDGE_CURVE('',#979,#973,#546,.T.);
#1190=EDGE_CURVE('',#970,#979,#404,.T.);
#1191=EDGE_CURVE('',#973,#983,#547,.T.);
#1192=EDGE_CURVE('',#980,#983,#548,.T.);
#1193=EDGE_CURVE('',#983,#984,#549,.T.);
#1194=EDGE_CURVE('',#981,#984,#550,.T.);
#1195=EDGE_CURVE('',#984,#978,#551,.T.);
#1196=EDGE_CURVE('',#970,#982,#552,.T.);
#1197=EDGE_CURVE('',#985,#986,#553,.T.);
#1198=EDGE_CURVE('',#987,#985,#554,.T.);
#1199=EDGE_CURVE('',#987,#988,#555,.T.);
#1200=EDGE_CURVE('',#986,#988,#556,.T.);
#1201=EDGE_CURVE('',#988,#954,#405,.T.);
#1202=EDGE_CURVE('',#947,#987,#406,.T.);
#1203=EDGE_CURVE('',#989,#990,#557,.T.);
#1204=EDGE_CURVE('',#991,#990,#558,.T.);
#1205=EDGE_CURVE('',#992,#991,#559,.T.);
#1206=EDGE_CURVE('',#989,#992,#560,.T.);
#1207=EDGE_CURVE('',#982,#991,#407,.T.);
#1208=EDGE_CURVE('',#992,#975,#408,.T.);
#1209=EDGE_CURVE('',#992,#987,#561,.T.);
#1210=EDGE_CURVE('',#947,#975,#562,.T.);
#1211=EDGE_CURVE('',#982,#954,#563,.T.);
#1212=EDGE_CURVE('',#993,#994,#564,.T.);
#1213=EDGE_CURVE('',#995,#993,#409,.T.);
#1214=EDGE_CURVE('',#996,#995,#565,.T.);
#1215=EDGE_CURVE('',#994,#996,#410,.T.);
#1216=EDGE_CURVE('',#994,#997,#566,.T.);
#1217=EDGE_CURVE('',#997,#998,#567,.T.);
#1218=EDGE_CURVE('',#998,#999,#568,.T.);
#1219=EDGE_CURVE('',#999,#994,#569,.T.);
#1220=EDGE_CURVE('',#997,#1000,#570,.T.);
#1221=EDGE_CURVE('',#1000,#1001,#571,.T.);
#1222=EDGE_CURVE('',#1001,#1002,#572,.T.);
#1223=EDGE_CURVE('',#1002,#998,#573,.T.);
#1224=EDGE_CURVE('',#1003,#996,#574,.T.);
#1225=EDGE_CURVE('',#1003,#997,#411,.T.);
#1226=EDGE_CURVE('',#1000,#993,#575,.T.);
#1227=EDGE_CURVE('',#1004,#1000,#412,.T.);
#1228=EDGE_CURVE('',#1004,#995,#576,.T.);
#1229=EDGE_CURVE('',#993,#1005,#577,.T.);
#1230=EDGE_CURVE('',#1001,#1005,#578,.T.);
#1231=EDGE_CURVE('',#1005,#1006,#579,.T.);
#1232=EDGE_CURVE('',#1002,#1006,#580,.T.);
#1233=EDGE_CURVE('',#1006,#999,#581,.T.);
#1234=EDGE_CURVE('',#1004,#1003,#582,.T.);
#1235=EDGE_CURVE('',#1007,#1008,#583,.T.);
#1236=EDGE_CURVE('',#1009,#1007,#413,.T.);
#1237=EDGE_CURVE('',#1010,#1009,#584,.T.);
#1238=EDGE_CURVE('',#1008,#1010,#414,.T.);
#1239=EDGE_CURVE('',#1011,#1012,#585,.T.);
#1240=EDGE_CURVE('',#1012,#1013,#586,.T.);
#1241=EDGE_CURVE('',#1013,#1014,#587,.T.);
#1242=EDGE_CURVE('',#1015,#1014,#588,.T.);
#1243=EDGE_CURVE('',#1011,#1015,#589,.T.);
#1244=EDGE_CURVE('',#1012,#1007,#590,.T.);
#1245=EDGE_CURVE('',#1016,#1012,#415,.T.);
#1246=EDGE_CURVE('',#1016,#1009,#591,.T.);
#1247=EDGE_CURVE('',#1017,#1018,#592,.T.);
#1248=EDGE_CURVE('',#1015,#1018,#593,.T.);
#1249=EDGE_CURVE('',#1014,#1017,#594,.T.);
#1250=EDGE_CURVE('',#1018,#1008,#595,.T.);
#1251=EDGE_CURVE('',#1011,#1008,#596,.T.);
#1252=EDGE_CURVE('',#1019,#1010,#597,.T.);
#1253=EDGE_CURVE('',#1019,#1011,#416,.T.);
#1254=EDGE_CURVE('',#1007,#1020,#598,.T.);
#1255=EDGE_CURVE('',#1013,#1020,#599,.T.);
#1256=EDGE_CURVE('',#1020,#1017,#600,.T.);
#1257=EDGE_CURVE('',#1016,#1019,#601,.T.);
#1258=EDGE_CURVE('',#1021,#1022,#602,.T.);
#1259=EDGE_CURVE('',#1010,#1021,#417,.T.);
#1260=EDGE_CURVE('',#995,#1010,#603,.T.);
#1261=EDGE_CURVE('',#1022,#995,#418,.T.);
#1262=EDGE_CURVE('',#1023,#1024,#604,.T.);
#1263=EDGE_CURVE('',#1024,#1025,#605,.T.);
#1264=EDGE_CURVE('',#1025,#1026,#606,.T.);
#1265=EDGE_CURVE('',#1026,#1027,#607,.T.);
#1266=EDGE_CURVE('',#1028,#1027,#608,.T.);
#1267=EDGE_CURVE('',#1023,#1028,#609,.T.);
#1268=EDGE_CURVE('',#1029,#1030,#610,.T.);
#1269=EDGE_CURVE('',#1028,#1030,#611,.T.);
#1270=EDGE_CURVE('',#1027,#1029,#612,.T.);
#1271=EDGE_CURVE('',#1030,#1022,#613,.T.);
#1272=EDGE_CURVE('',#1023,#1022,#614,.T.);
#1273=EDGE_CURVE('',#1004,#1023,#419,.T.);
#1274=EDGE_CURVE('',#1024,#1021,#615,.T.);
#1275=EDGE_CURVE('',#1019,#1024,#420,.T.);
#1276=EDGE_CURVE('',#1021,#1031,#616,.T.);
#1277=EDGE_CURVE('',#1025,#1031,#617,.T.);
#1278=EDGE_CURVE('',#1031,#1032,#618,.T.);
#1279=EDGE_CURVE('',#1026,#1032,#619,.T.);
#1280=EDGE_CURVE('',#1032,#1029,#620,.T.);
#1281=EDGE_CURVE('',#1019,#1004,#621,.T.);
#1282=EDGE_CURVE('',#1033,#1034,#622,.T.);
#1283=EDGE_CURVE('',#1035,#1034,#623,.T.);
#1284=EDGE_CURVE('',#1036,#1035,#624,.T.);
#1285=EDGE_CURVE('',#1033,#1036,#625,.T.);
#1286=EDGE_CURVE('',#1003,#1035,#421,.T.);
#1287=EDGE_CURVE('',#1036,#996,#422,.T.);
#1288=EDGE_CURVE('',#1009,#996,#626,.T.);
#1289=EDGE_CURVE('',#1009,#1037,#423,.T.);
#1290=EDGE_CURVE('',#1036,#1037,#627,.T.);
#1291=EDGE_CURVE('',#1038,#1039,#628,.T.);
#1292=EDGE_CURVE('',#1037,#1038,#629,.T.);
#1293=EDGE_CURVE('',#1037,#1040,#630,.T.);
#1294=EDGE_CURVE('',#1039,#1040,#631,.T.);
#1295=EDGE_CURVE('',#1040,#1016,#424,.T.);
#1296=EDGE_CURVE('',#1003,#1016,#632,.T.);
#1297=EDGE_CURVE('',#986,#918,#425,.T.);
#1298=EDGE_CURVE('',#1034,#986,#633,.T.);
#1299=EDGE_CURVE('',#919,#1034,#426,.T.);
#1300=EDGE_CURVE('',#922,#920,#634,.T.);
#1301=EDGE_CURVE('',#923,#919,#635,.T.);
#1302=EDGE_CURVE('',#1033,#923,#427,.T.);
#1303=EDGE_CURVE('',#924,#918,#636,.T.);
#1304=EDGE_CURVE('',#985,#924,#428,.T.);
#1305=EDGE_CURVE('',#985,#1033,#637,.T.);
#1306=EDGE_CURVE('',#1039,#938,#429,.T.);
#1307=EDGE_CURVE('',#990,#1039,#638,.T.);
#1308=EDGE_CURVE('',#939,#990,#430,.T.);
#1309=EDGE_CURVE('',#942,#940,#639,.T.);
#1310=EDGE_CURVE('',#943,#939,#640,.T.);
#1311=EDGE_CURVE('',#989,#943,#431,.T.);
#1312=EDGE_CURVE('',#944,#938,#641,.T.);
#1313=EDGE_CURVE('',#1038,#944,#432,.T.);
#1314=EDGE_CURVE('',#1038,#989,#642,.T.);
#1315=EDGE_CURVE('',#1040,#1035,#643,.T.);
#1316=EDGE_CURVE('',#988,#991,#644,.T.);
#1317=EDGE_CURVE('',#1041,#1042,#645,.T.);
#1318=EDGE_CURVE('',#1042,#1043,#433,.T.);
#1319=EDGE_CURVE('',#1043,#1044,#646,.T.);
#1320=EDGE_CURVE('',#1044,#1045,#647,.T.);
#1321=EDGE_CURVE('',#1045,#1046,#648,.T.);
#1322=EDGE_CURVE('',#1046,#1047,#434,.T.);
#1323=EDGE_CURVE('',#1047,#1048,#649,.T.);
#1324=EDGE_CURVE('',#1048,#1049,#435,.T.);
#1325=EDGE_CURVE('',#1049,#1050,#650,.T.);
#1326=EDGE_CURVE('',#1050,#1051,#651,.T.);
#1327=EDGE_CURVE('',#1051,#1052,#652,.T.);
#1328=EDGE_CURVE('',#1052,#1041,#436,.T.);
#1329=EDGE_CURVE('',#1053,#1042,#653,.T.);
#1330=EDGE_CURVE('',#1054,#1053,#437,.T.);
#1331=EDGE_CURVE('',#1043,#1054,#654,.T.);
#1332=EDGE_CURVE('',#1055,#1054,#655,.T.);
#1333=EDGE_CURVE('',#1044,#1055,#656,.T.);
#1334=EDGE_CURVE('',#1056,#1055,#657,.T.);
#1335=EDGE_CURVE('',#1045,#1056,#658,.T.);
#1336=EDGE_CURVE('',#1057,#1056,#659,.T.);
#1337=EDGE_CURVE('',#1046,#1057,#660,.T.);
#1338=EDGE_CURVE('',#1058,#1057,#438,.T.);
#1339=EDGE_CURVE('',#1047,#1058,#661,.T.);
#1340=EDGE_CURVE('',#1059,#1058,#662,.T.);
#1341=EDGE_CURVE('',#1048,#1059,#663,.T.);
#1342=EDGE_CURVE('',#1060,#1059,#439,.T.);
#1343=EDGE_CURVE('',#1049,#1060,#664,.T.);
#1344=EDGE_CURVE('',#1061,#1060,#665,.T.);
#1345=EDGE_CURVE('',#1050,#1061,#666,.T.);
#1346=EDGE_CURVE('',#1062,#1061,#667,.T.);
#1347=EDGE_CURVE('',#1051,#1062,#668,.T.);
#1348=EDGE_CURVE('',#1063,#1062,#669,.T.);
#1349=EDGE_CURVE('',#1052,#1063,#670,.T.);
#1350=EDGE_CURVE('',#1064,#1063,#440,.T.);
#1351=EDGE_CURVE('',#1041,#1064,#671,.T.);
#1352=EDGE_CURVE('',#1053,#1064,#672,.T.);
#1353=ORIENTED_EDGE('',*,*,#1065,.F.);
#1354=ORIENTED_EDGE('',*,*,#1066,.F.);
#1355=ORIENTED_EDGE('',*,*,#1067,.F.);
#1356=ORIENTED_EDGE('',*,*,#1068,.F.);
#1357=ORIENTED_EDGE('',*,*,#1069,.T.);
#1358=ORIENTED_EDGE('',*,*,#1070,.T.);
#1359=ORIENTED_EDGE('',*,*,#1071,.T.);
#1360=ORIENTED_EDGE('',*,*,#1072,.T.);
#1361=ORIENTED_EDGE('',*,*,#1073,.T.);
#1362=ORIENTED_EDGE('',*,*,#1074,.T.);
#1363=ORIENTED_EDGE('',*,*,#1075,.T.);
#1364=ORIENTED_EDGE('',*,*,#1070,.F.);
#1365=ORIENTED_EDGE('',*,*,#1076,.F.);
#1366=ORIENTED_EDGE('',*,*,#1077,.F.);
#1367=ORIENTED_EDGE('',*,*,#1078,.F.);
#1368=ORIENTED_EDGE('',*,*,#1066,.T.);
#1369=ORIENTED_EDGE('',*,*,#1069,.F.);
#1370=ORIENTED_EDGE('',*,*,#1068,.T.);
#1371=ORIENTED_EDGE('',*,*,#1079,.F.);
#1372=ORIENTED_EDGE('',*,*,#1080,.T.);
#1373=ORIENTED_EDGE('',*,*,#1076,.T.);
#1374=ORIENTED_EDGE('',*,*,#1081,.T.);
#1375=ORIENTED_EDGE('',*,*,#1082,.F.);
#1376=ORIENTED_EDGE('',*,*,#1074,.F.);
#1377=ORIENTED_EDGE('',*,*,#1083,.T.);
#1378=ORIENTED_EDGE('',*,*,#1071,.F.);
#1379=ORIENTED_EDGE('',*,*,#1075,.F.);
#1380=ORIENTED_EDGE('',*,*,#1082,.T.);
#1381=ORIENTED_EDGE('',*,*,#1065,.T.);
#1382=ORIENTED_EDGE('',*,*,#1072,.F.);
#1383=ORIENTED_EDGE('',*,*,#1083,.F.);
#1384=ORIENTED_EDGE('',*,*,#1081,.F.);
#1385=ORIENTED_EDGE('',*,*,#1073,.F.);
#1386=ORIENTED_EDGE('',*,*,#1080,.F.);
#1387=ORIENTED_EDGE('',*,*,#1084,.F.);
#1388=ORIENTED_EDGE('',*,*,#1077,.T.);
#1389=ORIENTED_EDGE('',*,*,#1084,.T.);
#1390=ORIENTED_EDGE('',*,*,#1085,.F.);
#1391=ORIENTED_EDGE('',*,*,#1086,.F.);
#1392=ORIENTED_EDGE('',*,*,#1087,.T.);
#1393=ORIENTED_EDGE('',*,*,#1088,.F.);
#1394=ORIENTED_EDGE('',*,*,#1089,.F.);
#1395=ORIENTED_EDGE('',*,*,#1079,.T.);
#1396=ORIENTED_EDGE('',*,*,#1090,.F.);
#1397=ORIENTED_EDGE('',*,*,#1091,.T.);
#1398=ORIENTED_EDGE('',*,*,#1085,.T.);
#1399=ORIENTED_EDGE('',*,*,#1067,.T.);
#1400=ORIENTED_EDGE('',*,*,#1092,.F.);
#1401=ORIENTED_EDGE('',*,*,#1093,.F.);
#1402=ORIENTED_EDGE('',*,*,#1094,.T.);
#1403=ORIENTED_EDGE('',*,*,#1095,.T.);
#1404=ORIENTED_EDGE('',*,*,#1090,.T.);
#1405=ORIENTED_EDGE('',*,*,#1096,.F.);
#1406=ORIENTED_EDGE('',*,*,#1097,.F.);
#1407=ORIENTED_EDGE('',*,*,#1098,.F.);
#1408=ORIENTED_EDGE('',*,*,#1099,.F.);
#1409=ORIENTED_EDGE('',*,*,#1100,.T.);
#1410=ORIENTED_EDGE('',*,*,#1101,.T.);
#1411=ORIENTED_EDGE('',*,*,#1102,.T.);
#1412=ORIENTED_EDGE('',*,*,#1103,.T.);
#1413=ORIENTED_EDGE('',*,*,#1104,.T.);
#1414=ORIENTED_EDGE('',*,*,#1105,.T.);
#1415=ORIENTED_EDGE('',*,*,#1106,.T.);
#1416=ORIENTED_EDGE('',*,*,#1101,.F.);
#1417=ORIENTED_EDGE('',*,*,#1107,.F.);
#1418=ORIENTED_EDGE('',*,*,#1108,.F.);
#1419=ORIENTED_EDGE('',*,*,#1109,.F.);
#1420=ORIENTED_EDGE('',*,*,#1097,.T.);
#1421=ORIENTED_EDGE('',*,*,#1100,.F.);
#1422=ORIENTED_EDGE('',*,*,#1099,.T.);
#1423=ORIENTED_EDGE('',*,*,#1110,.F.);
#1424=ORIENTED_EDGE('',*,*,#1111,.T.);
#1425=ORIENTED_EDGE('',*,*,#1107,.T.);
#1426=ORIENTED_EDGE('',*,*,#1112,.T.);
#1427=ORIENTED_EDGE('',*,*,#1113,.F.);
#1428=ORIENTED_EDGE('',*,*,#1105,.F.);
#1429=ORIENTED_EDGE('',*,*,#1114,.T.);
#1430=ORIENTED_EDGE('',*,*,#1102,.F.);
#1431=ORIENTED_EDGE('',*,*,#1106,.F.);
#1432=ORIENTED_EDGE('',*,*,#1113,.T.);
#1433=ORIENTED_EDGE('',*,*,#1096,.T.);
#1434=ORIENTED_EDGE('',*,*,#1103,.F.);
#1435=ORIENTED_EDGE('',*,*,#1114,.F.);
#1436=ORIENTED_EDGE('',*,*,#1112,.F.);
#1437=ORIENTED_EDGE('',*,*,#1104,.F.);
#1438=ORIENTED_EDGE('',*,*,#1111,.F.);
#1439=ORIENTED_EDGE('',*,*,#1115,.F.);
#1440=ORIENTED_EDGE('',*,*,#1108,.T.);
#1441=ORIENTED_EDGE('',*,*,#1115,.T.);
#1442=ORIENTED_EDGE('',*,*,#1116,.F.);
#1443=ORIENTED_EDGE('',*,*,#1117,.F.);
#1444=ORIENTED_EDGE('',*,*,#1118,.T.);
#1445=ORIENTED_EDGE('',*,*,#1119,.F.);
#1446=ORIENTED_EDGE('',*,*,#1120,.F.);
#1447=ORIENTED_EDGE('',*,*,#1110,.T.);
#1448=ORIENTED_EDGE('',*,*,#1121,.F.);
#1449=ORIENTED_EDGE('',*,*,#1122,.T.);
#1450=ORIENTED_EDGE('',*,*,#1116,.T.);
#1451=ORIENTED_EDGE('',*,*,#1098,.T.);
#1452=ORIENTED_EDGE('',*,*,#1123,.F.);
#1453=ORIENTED_EDGE('',*,*,#1124,.F.);
#1454=ORIENTED_EDGE('',*,*,#1125,.T.);
#1455=ORIENTED_EDGE('',*,*,#1126,.T.);
#1456=ORIENTED_EDGE('',*,*,#1121,.T.);
#1457=ORIENTED_EDGE('',*,*,#1127,.F.);
#1458=ORIENTED_EDGE('',*,*,#1128,.F.);
#1459=ORIENTED_EDGE('',*,*,#1129,.F.);
#1460=ORIENTED_EDGE('',*,*,#1130,.F.);
#1461=ORIENTED_EDGE('',*,*,#1131,.T.);
#1462=ORIENTED_EDGE('',*,*,#1132,.T.);
#1463=ORIENTED_EDGE('',*,*,#1133,.T.);
#1464=ORIENTED_EDGE('',*,*,#1134,.F.);
#1465=ORIENTED_EDGE('',*,*,#1135,.F.);
#1466=ORIENTED_EDGE('',*,*,#1136,.F.);
#1467=ORIENTED_EDGE('',*,*,#1137,.F.);
#1468=ORIENTED_EDGE('',*,*,#1138,.T.);
#1469=ORIENTED_EDGE('',*,*,#1128,.T.);
#1470=ORIENTED_EDGE('',*,*,#1139,.T.);
#1471=ORIENTED_EDGE('',*,*,#1140,.F.);
#1472=ORIENTED_EDGE('',*,*,#1134,.T.);
#1473=ORIENTED_EDGE('',*,*,#1141,.T.);
#1474=ORIENTED_EDGE('',*,*,#1142,.T.);
#1475=ORIENTED_EDGE('',*,*,#1143,.F.);
#1476=ORIENTED_EDGE('',*,*,#1135,.T.);
#1477=ORIENTED_EDGE('',*,*,#1140,.T.);
#1478=ORIENTED_EDGE('',*,*,#1130,.T.);
#1479=ORIENTED_EDGE('',*,*,#1144,.F.);
#1480=ORIENTED_EDGE('',*,*,#1145,.T.);
#1481=ORIENTED_EDGE('',*,*,#1143,.T.);
#1482=ORIENTED_EDGE('',*,*,#1136,.T.);
#1483=ORIENTED_EDGE('',*,*,#1146,.T.);
#1484=ORIENTED_EDGE('',*,*,#1147,.F.);
#1485=ORIENTED_EDGE('',*,*,#1132,.F.);
#1486=ORIENTED_EDGE('',*,*,#1148,.T.);
#1487=ORIENTED_EDGE('',*,*,#1141,.F.);
#1488=ORIENTED_EDGE('',*,*,#1133,.F.);
#1489=ORIENTED_EDGE('',*,*,#1147,.T.);
#1490=ORIENTED_EDGE('',*,*,#1127,.T.);
#1491=ORIENTED_EDGE('',*,*,#1142,.F.);
#1492=ORIENTED_EDGE('',*,*,#1139,.F.);
#1493=ORIENTED_EDGE('',*,*,#1148,.F.);
#1494=ORIENTED_EDGE('',*,*,#1146,.F.);
#1495=ORIENTED_EDGE('',*,*,#1131,.F.);
#1496=ORIENTED_EDGE('',*,*,#1145,.F.);
#1497=ORIENTED_EDGE('',*,*,#1149,.F.);
#1498=ORIENTED_EDGE('',*,*,#1137,.T.);
#1499=ORIENTED_EDGE('',*,*,#1150,.F.);
#1500=ORIENTED_EDGE('',*,*,#1151,.F.);
#1501=ORIENTED_EDGE('',*,*,#1152,.F.);
#1502=ORIENTED_EDGE('',*,*,#1153,.F.);
#1503=ORIENTED_EDGE('',*,*,#1154,.T.);
#1504=ORIENTED_EDGE('',*,*,#1155,.T.);
#1505=ORIENTED_EDGE('',*,*,#1156,.T.);
#1506=ORIENTED_EDGE('',*,*,#1157,.T.);
#1507=ORIENTED_EDGE('',*,*,#1158,.F.);
#1508=ORIENTED_EDGE('',*,*,#1159,.F.);
#1509=ORIENTED_EDGE('',*,*,#1160,.T.);
#1510=ORIENTED_EDGE('',*,*,#1161,.F.);
#1511=ORIENTED_EDGE('',*,*,#1158,.T.);
#1512=ORIENTED_EDGE('',*,*,#1162,.T.);
#1513=ORIENTED_EDGE('',*,*,#1163,.T.);
#1514=ORIENTED_EDGE('',*,*,#1164,.F.);
#1515=ORIENTED_EDGE('',*,*,#1159,.T.);
#1516=ORIENTED_EDGE('',*,*,#1161,.T.);
#1517=ORIENTED_EDGE('',*,*,#1153,.T.);
#1518=ORIENTED_EDGE('',*,*,#1165,.F.);
#1519=ORIENTED_EDGE('',*,*,#1166,.T.);
#1520=ORIENTED_EDGE('',*,*,#1164,.T.);
#1521=ORIENTED_EDGE('',*,*,#1151,.T.);
#1522=ORIENTED_EDGE('',*,*,#1167,.F.);
#1523=ORIENTED_EDGE('',*,*,#1168,.F.);
#1524=ORIENTED_EDGE('',*,*,#1144,.T.);
#1525=ORIENTED_EDGE('',*,*,#1169,.T.);
#1526=ORIENTED_EDGE('',*,*,#1170,.F.);
#1527=ORIENTED_EDGE('',*,*,#1155,.F.);
#1528=ORIENTED_EDGE('',*,*,#1167,.T.);
#1529=ORIENTED_EDGE('',*,*,#1171,.T.);
#1530=ORIENTED_EDGE('',*,*,#1172,.F.);
#1531=ORIENTED_EDGE('',*,*,#1156,.F.);
#1532=ORIENTED_EDGE('',*,*,#1170,.T.);
#1533=ORIENTED_EDGE('',*,*,#1173,.T.);
#1534=ORIENTED_EDGE('',*,*,#1162,.F.);
#1535=ORIENTED_EDGE('',*,*,#1157,.F.);
#1536=ORIENTED_EDGE('',*,*,#1172,.T.);
#1537=ORIENTED_EDGE('',*,*,#1150,.T.);
#1538=ORIENTED_EDGE('',*,*,#1163,.F.);
#1539=ORIENTED_EDGE('',*,*,#1160,.F.);
#1540=ORIENTED_EDGE('',*,*,#1173,.F.);
#1541=ORIENTED_EDGE('',*,*,#1171,.F.);
#1542=ORIENTED_EDGE('',*,*,#1169,.F.);
#1543=ORIENTED_EDGE('',*,*,#1154,.F.);
#1544=ORIENTED_EDGE('',*,*,#1166,.F.);
#1545=ORIENTED_EDGE('',*,*,#1174,.F.);
#1546=ORIENTED_EDGE('',*,*,#1168,.T.);
#1547=ORIENTED_EDGE('',*,*,#1175,.F.);
#1548=ORIENTED_EDGE('',*,*,#1176,.F.);
#1549=ORIENTED_EDGE('',*,*,#1177,.F.);
#1550=ORIENTED_EDGE('',*,*,#1178,.F.);
#1551=ORIENTED_EDGE('',*,*,#1179,.T.);
#1552=ORIENTED_EDGE('',*,*,#1180,.T.);
#1553=ORIENTED_EDGE('',*,*,#1181,.T.);
#1554=ORIENTED_EDGE('',*,*,#1182,.T.);
#1555=ORIENTED_EDGE('',*,*,#1183,.T.);
#1556=ORIENTED_EDGE('',*,*,#1184,.T.);
#1557=ORIENTED_EDGE('',*,*,#1185,.T.);
#1558=ORIENTED_EDGE('',*,*,#1186,.T.);
#1559=ORIENTED_EDGE('',*,*,#1180,.F.);
#1560=ORIENTED_EDGE('',*,*,#1179,.F.);
#1561=ORIENTED_EDGE('',*,*,#1178,.T.);
#1562=ORIENTED_EDGE('',*,*,#1187,.F.);
#1563=ORIENTED_EDGE('',*,*,#1188,.T.);
#1564=ORIENTED_EDGE('',*,*,#1176,.T.);
#1565=ORIENTED_EDGE('',*,*,#1189,.F.);
#1566=ORIENTED_EDGE('',*,*,#1190,.F.);
#1567=ORIENTED_EDGE('',*,*,#1165,.T.);
#1568=ORIENTED_EDGE('',*,*,#1191,.T.);
#1569=ORIENTED_EDGE('',*,*,#1192,.F.);
#1570=ORIENTED_EDGE('',*,*,#1184,.F.);
#1571=ORIENTED_EDGE('',*,*,#1189,.T.);
#1572=ORIENTED_EDGE('',*,*,#1193,.T.);
#1573=ORIENTED_EDGE('',*,*,#1194,.F.);
#1574=ORIENTED_EDGE('',*,*,#1185,.F.);
#1575=ORIENTED_EDGE('',*,*,#1192,.T.);
#1576=ORIENTED_EDGE('',*,*,#1195,.T.);
#1577=ORIENTED_EDGE('',*,*,#1181,.F.);
#1578=ORIENTED_EDGE('',*,*,#1186,.F.);
#1579=ORIENTED_EDGE('',*,*,#1194,.T.);
#1580=ORIENTED_EDGE('',*,*,#1175,.T.);
#1581=ORIENTED_EDGE('',*,*,#1182,.F.);
#1582=ORIENTED_EDGE('',*,*,#1195,.F.);
#1583=ORIENTED_EDGE('',*,*,#1193,.F.);
#1584=ORIENTED_EDGE('',*,*,#1191,.F.);
#1585=ORIENTED_EDGE('',*,*,#1183,.F.);
#1586=ORIENTED_EDGE('',*,*,#1188,.F.);
#1587=ORIENTED_EDGE('',*,*,#1196,.F.);
#1588=ORIENTED_EDGE('',*,*,#1190,.T.);
#1589=ORIENTED_EDGE('',*,*,#1197,.F.);
#1590=ORIENTED_EDGE('',*,*,#1198,.F.);
#1591=ORIENTED_EDGE('',*,*,#1199,.T.);
#1592=ORIENTED_EDGE('',*,*,#1200,.F.);
#1593=ORIENTED_EDGE('',*,*,#1201,.F.);
#1594=ORIENTED_EDGE('',*,*,#1199,.F.);
#1595=ORIENTED_EDGE('',*,*,#1202,.F.);
#1596=ORIENTED_EDGE('',*,*,#1138,.F.);
#1597=ORIENTED_EDGE('',*,*,#1203,.T.);
#1598=ORIENTED_EDGE('',*,*,#1204,.F.);
#1599=ORIENTED_EDGE('',*,*,#1205,.F.);
#1600=ORIENTED_EDGE('',*,*,#1206,.F.);
#1601=ORIENTED_EDGE('',*,*,#1207,.F.);
#1602=ORIENTED_EDGE('',*,*,#1187,.T.);
#1603=ORIENTED_EDGE('',*,*,#1208,.F.);
#1604=ORIENTED_EDGE('',*,*,#1205,.T.);
#1605=ORIENTED_EDGE('',*,*,#1202,.T.);
#1606=ORIENTED_EDGE('',*,*,#1209,.F.);
#1607=ORIENTED_EDGE('',*,*,#1208,.T.);
#1608=ORIENTED_EDGE('',*,*,#1210,.F.);
#1609=ORIENTED_EDGE('',*,*,#1149,.T.);
#1610=ORIENTED_EDGE('',*,*,#1174,.T.);
#1611=ORIENTED_EDGE('',*,*,#1196,.T.);
#1612=ORIENTED_EDGE('',*,*,#1211,.T.);
#1613=ORIENTED_EDGE('',*,*,#1212,.F.);
#1614=ORIENTED_EDGE('',*,*,#1213,.F.);
#1615=ORIENTED_EDGE('',*,*,#1214,.F.);
#1616=ORIENTED_EDGE('',*,*,#1215,.F.);
#1617=ORIENTED_EDGE('',*,*,#1216,.T.);
#1618=ORIENTED_EDGE('',*,*,#1217,.T.);
#1619=ORIENTED_EDGE('',*,*,#1218,.T.);
#1620=ORIENTED_EDGE('',*,*,#1219,.T.);
#1621=ORIENTED_EDGE('',*,*,#1220,.T.);
#1622=ORIENTED_EDGE('',*,*,#1221,.T.);
#1623=ORIENTED_EDGE('',*,*,#1222,.T.);
#1624=ORIENTED_EDGE('',*,*,#1223,.T.);
#1625=ORIENTED_EDGE('',*,*,#1217,.F.);
#1626=ORIENTED_EDGE('',*,*,#1216,.F.);
#1627=ORIENTED_EDGE('',*,*,#1215,.T.);
#1628=ORIENTED_EDGE('',*,*,#1224,.F.);
#1629=ORIENTED_EDGE('',*,*,#1225,.T.);
#1630=ORIENTED_EDGE('',*,*,#1213,.T.);
#1631=ORIENTED_EDGE('',*,*,#1226,.F.);
#1632=ORIENTED_EDGE('',*,*,#1227,.F.);
#1633=ORIENTED_EDGE('',*,*,#1228,.T.);
#1634=ORIENTED_EDGE('',*,*,#1229,.T.);
#1635=ORIENTED_EDGE('',*,*,#1230,.F.);
#1636=ORIENTED_EDGE('',*,*,#1221,.F.);
#1637=ORIENTED_EDGE('',*,*,#1226,.T.);
#1638=ORIENTED_EDGE('',*,*,#1231,.T.);
#1639=ORIENTED_EDGE('',*,*,#1232,.F.);
#1640=ORIENTED_EDGE('',*,*,#1222,.F.);
#1641=ORIENTED_EDGE('',*,*,#1230,.T.);
#1642=ORIENTED_EDGE('',*,*,#1233,.T.);
#1643=ORIENTED_EDGE('',*,*,#1218,.F.);
#1644=ORIENTED_EDGE('',*,*,#1223,.F.);
#1645=ORIENTED_EDGE('',*,*,#1232,.T.);
#1646=ORIENTED_EDGE('',*,*,#1212,.T.);
#1647=ORIENTED_EDGE('',*,*,#1219,.F.);
#1648=ORIENTED_EDGE('',*,*,#1233,.F.);
#1649=ORIENTED_EDGE('',*,*,#1231,.F.);
#1650=ORIENTED_EDGE('',*,*,#1229,.F.);
#1651=ORIENTED_EDGE('',*,*,#1220,.F.);
#1652=ORIENTED_EDGE('',*,*,#1225,.F.);
#1653=ORIENTED_EDGE('',*,*,#1234,.F.);
#1654=ORIENTED_EDGE('',*,*,#1227,.T.);
#1655=ORIENTED_EDGE('',*,*,#1235,.F.);
#1656=ORIENTED_EDGE('',*,*,#1236,.F.);
#1657=ORIENTED_EDGE('',*,*,#1237,.F.);
#1658=ORIENTED_EDGE('',*,*,#1238,.F.);
#1659=ORIENTED_EDGE('',*,*,#1239,.T.);
#1660=ORIENTED_EDGE('',*,*,#1240,.T.);
#1661=ORIENTED_EDGE('',*,*,#1241,.T.);
#1662=ORIENTED_EDGE('',*,*,#1242,.F.);
#1663=ORIENTED_EDGE('',*,*,#1243,.F.);
#1664=ORIENTED_EDGE('',*,*,#1244,.F.);
#1665=ORIENTED_EDGE('',*,*,#1245,.F.);
#1666=ORIENTED_EDGE('',*,*,#1246,.T.);
#1667=ORIENTED_EDGE('',*,*,#1236,.T.);
#1668=ORIENTED_EDGE('',*,*,#1247,.T.);
#1669=ORIENTED_EDGE('',*,*,#1248,.F.);
#1670=ORIENTED_EDGE('',*,*,#1242,.T.);
#1671=ORIENTED_EDGE('',*,*,#1249,.T.);
#1672=ORIENTED_EDGE('',*,*,#1250,.T.);
#1673=ORIENTED_EDGE('',*,*,#1251,.F.);
#1674=ORIENTED_EDGE('',*,*,#1243,.T.);
#1675=ORIENTED_EDGE('',*,*,#1248,.T.);
#1676=ORIENTED_EDGE('',*,*,#1238,.T.);
#1677=ORIENTED_EDGE('',*,*,#1252,.F.);
#1678=ORIENTED_EDGE('',*,*,#1253,.T.);
#1679=ORIENTED_EDGE('',*,*,#1251,.T.);
#1680=ORIENTED_EDGE('',*,*,#1244,.T.);
#1681=ORIENTED_EDGE('',*,*,#1254,.T.);
#1682=ORIENTED_EDGE('',*,*,#1255,.F.);
#1683=ORIENTED_EDGE('',*,*,#1240,.F.);
#1684=ORIENTED_EDGE('',*,*,#1256,.T.);
#1685=ORIENTED_EDGE('',*,*,#1249,.F.);
#1686=ORIENTED_EDGE('',*,*,#1241,.F.);
#1687=ORIENTED_EDGE('',*,*,#1255,.T.);
#1688=ORIENTED_EDGE('',*,*,#1235,.T.);
#1689=ORIENTED_EDGE('',*,*,#1250,.F.);
#1690=ORIENTED_EDGE('',*,*,#1247,.F.);
#1691=ORIENTED_EDGE('',*,*,#1256,.F.);
#1692=ORIENTED_EDGE('',*,*,#1254,.F.);
#1693=ORIENTED_EDGE('',*,*,#1239,.F.);
#1694=ORIENTED_EDGE('',*,*,#1253,.F.);
#1695=ORIENTED_EDGE('',*,*,#1257,.F.);
#1696=ORIENTED_EDGE('',*,*,#1245,.T.);
#1697=ORIENTED_EDGE('',*,*,#1258,.F.);
#1698=ORIENTED_EDGE('',*,*,#1259,.F.);
#1699=ORIENTED_EDGE('',*,*,#1260,.F.);
#1700=ORIENTED_EDGE('',*,*,#1261,.F.);
#1701=ORIENTED_EDGE('',*,*,#1262,.T.);
#1702=ORIENTED_EDGE('',*,*,#1263,.T.);
#1703=ORIENTED_EDGE('',*,*,#1264,.T.);
#1704=ORIENTED_EDGE('',*,*,#1265,.T.);
#1705=ORIENTED_EDGE('',*,*,#1266,.F.);
#1706=ORIENTED_EDGE('',*,*,#1267,.F.);
#1707=ORIENTED_EDGE('',*,*,#1268,.T.);
#1708=ORIENTED_EDGE('',*,*,#1269,.F.);
#1709=ORIENTED_EDGE('',*,*,#1266,.T.);
#1710=ORIENTED_EDGE('',*,*,#1270,.T.);
#1711=ORIENTED_EDGE('',*,*,#1271,.T.);
#1712=ORIENTED_EDGE('',*,*,#1272,.F.);
#1713=ORIENTED_EDGE('',*,*,#1267,.T.);
#1714=ORIENTED_EDGE('',*,*,#1269,.T.);
#1715=ORIENTED_EDGE('',*,*,#1261,.T.);
#1716=ORIENTED_EDGE('',*,*,#1228,.F.);
#1717=ORIENTED_EDGE('',*,*,#1273,.T.);
#1718=ORIENTED_EDGE('',*,*,#1272,.T.);
#1719=ORIENTED_EDGE('',*,*,#1259,.T.);
#1720=ORIENTED_EDGE('',*,*,#1274,.F.);
#1721=ORIENTED_EDGE('',*,*,#1275,.F.);
#1722=ORIENTED_EDGE('',*,*,#1252,.T.);
#1723=ORIENTED_EDGE('',*,*,#1276,.T.);
#1724=ORIENTED_EDGE('',*,*,#1277,.F.);
#1725=ORIENTED_EDGE('',*,*,#1263,.F.);
#1726=ORIENTED_EDGE('',*,*,#1274,.T.);
#1727=ORIENTED_EDGE('',*,*,#1278,.T.);
#1728=ORIENTED_EDGE('',*,*,#1279,.F.);
#1729=ORIENTED_EDGE('',*,*,#1264,.F.);
#1730=ORIENTED_EDGE('',*,*,#1277,.T.);
#1731=ORIENTED_EDGE('',*,*,#1280,.T.);
#1732=ORIENTED_EDGE('',*,*,#1270,.F.);
#1733=ORIENTED_EDGE('',*,*,#1265,.F.);
#1734=ORIENTED_EDGE('',*,*,#1279,.T.);
#1735=ORIENTED_EDGE('',*,*,#1258,.T.);
#1736=ORIENTED_EDGE('',*,*,#1271,.F.);
#1737=ORIENTED_EDGE('',*,*,#1268,.F.);
#1738=ORIENTED_EDGE('',*,*,#1280,.F.);
#1739=ORIENTED_EDGE('',*,*,#1278,.F.);
#1740=ORIENTED_EDGE('',*,*,#1276,.F.);
#1741=ORIENTED_EDGE('',*,*,#1262,.F.);
#1742=ORIENTED_EDGE('',*,*,#1273,.F.);
#1743=ORIENTED_EDGE('',*,*,#1281,.F.);
#1744=ORIENTED_EDGE('',*,*,#1275,.T.);
#1745=ORIENTED_EDGE('',*,*,#1282,.T.);
#1746=ORIENTED_EDGE('',*,*,#1283,.F.);
#1747=ORIENTED_EDGE('',*,*,#1284,.F.);
#1748=ORIENTED_EDGE('',*,*,#1285,.F.);
#1749=ORIENTED_EDGE('',*,*,#1286,.F.);
#1750=ORIENTED_EDGE('',*,*,#1224,.T.);
#1751=ORIENTED_EDGE('',*,*,#1287,.F.);
#1752=ORIENTED_EDGE('',*,*,#1284,.T.);
#1753=ORIENTED_EDGE('',*,*,#1287,.T.);
#1754=ORIENTED_EDGE('',*,*,#1288,.F.);
#1755=ORIENTED_EDGE('',*,*,#1289,.T.);
#1756=ORIENTED_EDGE('',*,*,#1290,.F.);
#1757=ORIENTED_EDGE('',*,*,#1291,.F.);
#1758=ORIENTED_EDGE('',*,*,#1292,.F.);
#1759=ORIENTED_EDGE('',*,*,#1293,.T.);
#1760=ORIENTED_EDGE('',*,*,#1294,.F.);
#1761=ORIENTED_EDGE('',*,*,#1295,.F.);
#1762=ORIENTED_EDGE('',*,*,#1293,.F.);
#1763=ORIENTED_EDGE('',*,*,#1289,.F.);
#1764=ORIENTED_EDGE('',*,*,#1246,.F.);
#1765=ORIENTED_EDGE('',*,*,#1214,.T.);
#1766=ORIENTED_EDGE('',*,*,#1260,.T.);
#1767=ORIENTED_EDGE('',*,*,#1237,.T.);
#1768=ORIENTED_EDGE('',*,*,#1288,.T.);
#1769=ORIENTED_EDGE('',*,*,#1234,.T.);
#1770=ORIENTED_EDGE('',*,*,#1296,.T.);
#1771=ORIENTED_EDGE('',*,*,#1257,.T.);
#1772=ORIENTED_EDGE('',*,*,#1281,.T.);
#1773=ORIENTED_EDGE('',*,*,#1087,.F.);
#1774=ORIENTED_EDGE('',*,*,#1297,.F.);
#1775=ORIENTED_EDGE('',*,*,#1298,.F.);
#1776=ORIENTED_EDGE('',*,*,#1299,.F.);
#1777=ORIENTED_EDGE('',*,*,#1078,.T.);
#1778=ORIENTED_EDGE('',*,*,#1089,.T.);
#1779=ORIENTED_EDGE('',*,*,#1300,.F.);
#1780=ORIENTED_EDGE('',*,*,#1092,.T.);
#1781=ORIENTED_EDGE('',*,*,#1088,.T.);
#1782=ORIENTED_EDGE('',*,*,#1301,.F.);
#1783=ORIENTED_EDGE('',*,*,#1093,.T.);
#1784=ORIENTED_EDGE('',*,*,#1300,.T.);
#1785=ORIENTED_EDGE('',*,*,#1299,.T.);
#1786=ORIENTED_EDGE('',*,*,#1282,.F.);
#1787=ORIENTED_EDGE('',*,*,#1302,.T.);
#1788=ORIENTED_EDGE('',*,*,#1301,.T.);
#1789=ORIENTED_EDGE('',*,*,#1297,.T.);
#1790=ORIENTED_EDGE('',*,*,#1303,.F.);
#1791=ORIENTED_EDGE('',*,*,#1304,.F.);
#1792=ORIENTED_EDGE('',*,*,#1197,.T.);
#1793=ORIENTED_EDGE('',*,*,#1086,.T.);
#1794=ORIENTED_EDGE('',*,*,#1091,.F.);
#1795=ORIENTED_EDGE('',*,*,#1095,.F.);
#1796=ORIENTED_EDGE('',*,*,#1303,.T.);
#1797=ORIENTED_EDGE('',*,*,#1094,.F.);
#1798=ORIENTED_EDGE('',*,*,#1302,.F.);
#1799=ORIENTED_EDGE('',*,*,#1305,.F.);
#1800=ORIENTED_EDGE('',*,*,#1304,.T.);
#1801=ORIENTED_EDGE('',*,*,#1118,.F.);
#1802=ORIENTED_EDGE('',*,*,#1306,.F.);
#1803=ORIENTED_EDGE('',*,*,#1307,.F.);
#1804=ORIENTED_EDGE('',*,*,#1308,.F.);
#1805=ORIENTED_EDGE('',*,*,#1109,.T.);
#1806=ORIENTED_EDGE('',*,*,#1120,.T.);
#1807=ORIENTED_EDGE('',*,*,#1309,.F.);
#1808=ORIENTED_EDGE('',*,*,#1123,.T.);
#1809=ORIENTED_EDGE('',*,*,#1119,.T.);
#1810=ORIENTED_EDGE('',*,*,#1310,.F.);
#1811=ORIENTED_EDGE('',*,*,#1124,.T.);
#1812=ORIENTED_EDGE('',*,*,#1309,.T.);
#1813=ORIENTED_EDGE('',*,*,#1308,.T.);
#1814=ORIENTED_EDGE('',*,*,#1203,.F.);
#1815=ORIENTED_EDGE('',*,*,#1311,.T.);
#1816=ORIENTED_EDGE('',*,*,#1310,.T.);
#1817=ORIENTED_EDGE('',*,*,#1306,.T.);
#1818=ORIENTED_EDGE('',*,*,#1312,.F.);
#1819=ORIENTED_EDGE('',*,*,#1313,.F.);
#1820=ORIENTED_EDGE('',*,*,#1291,.T.);
#1821=ORIENTED_EDGE('',*,*,#1117,.T.);
#1822=ORIENTED_EDGE('',*,*,#1122,.F.);
#1823=ORIENTED_EDGE('',*,*,#1126,.F.);
#1824=ORIENTED_EDGE('',*,*,#1312,.T.);
#1825=ORIENTED_EDGE('',*,*,#1125,.F.);
#1826=ORIENTED_EDGE('',*,*,#1311,.F.);
#1827=ORIENTED_EDGE('',*,*,#1314,.F.);
#1828=ORIENTED_EDGE('',*,*,#1313,.T.);
#1829=ORIENTED_EDGE('',*,*,#1286,.T.);
#1830=ORIENTED_EDGE('',*,*,#1315,.F.);
#1831=ORIENTED_EDGE('',*,*,#1295,.T.);
#1832=ORIENTED_EDGE('',*,*,#1296,.F.);
#1833=ORIENTED_EDGE('',*,*,#1201,.T.);
#1834=ORIENTED_EDGE('',*,*,#1211,.F.);
#1835=ORIENTED_EDGE('',*,*,#1207,.T.);
#1836=ORIENTED_EDGE('',*,*,#1316,.F.);
#1837=ORIENTED_EDGE('',*,*,#1129,.T.);
#1838=ORIENTED_EDGE('',*,*,#1210,.T.);
#1839=ORIENTED_EDGE('',*,*,#1177,.T.);
#1840=ORIENTED_EDGE('',*,*,#1152,.T.);
#1841=ORIENTED_EDGE('',*,*,#1298,.T.);
#1842=ORIENTED_EDGE('',*,*,#1200,.T.);
#1843=ORIENTED_EDGE('',*,*,#1316,.T.);
#1844=ORIENTED_EDGE('',*,*,#1204,.T.);
#1845=ORIENTED_EDGE('',*,*,#1307,.T.);
#1846=ORIENTED_EDGE('',*,*,#1294,.T.);
#1847=ORIENTED_EDGE('',*,*,#1315,.T.);
#1848=ORIENTED_EDGE('',*,*,#1283,.T.);
#1849=ORIENTED_EDGE('',*,*,#1305,.T.);
#1850=ORIENTED_EDGE('',*,*,#1285,.T.);
#1851=ORIENTED_EDGE('',*,*,#1290,.T.);
#1852=ORIENTED_EDGE('',*,*,#1292,.T.);
#1853=ORIENTED_EDGE('',*,*,#1314,.T.);
#1854=ORIENTED_EDGE('',*,*,#1206,.T.);
#1855=ORIENTED_EDGE('',*,*,#1209,.T.);
#1856=ORIENTED_EDGE('',*,*,#1198,.T.);
#1857=ORIENTED_EDGE('',*,*,#1317,.T.);
#1858=ORIENTED_EDGE('',*,*,#1318,.T.);
#1859=ORIENTED_EDGE('',*,*,#1319,.T.);
#1860=ORIENTED_EDGE('',*,*,#1320,.T.);
#1861=ORIENTED_EDGE('',*,*,#1321,.T.);
#1862=ORIENTED_EDGE('',*,*,#1322,.T.);
#1863=ORIENTED_EDGE('',*,*,#1323,.T.);
#1864=ORIENTED_EDGE('',*,*,#1324,.T.);
#1865=ORIENTED_EDGE('',*,*,#1325,.T.);
#1866=ORIENTED_EDGE('',*,*,#1326,.T.);
#1867=ORIENTED_EDGE('',*,*,#1327,.T.);
#1868=ORIENTED_EDGE('',*,*,#1328,.T.);
#1869=ORIENTED_EDGE('',*,*,#1329,.F.);
#1870=ORIENTED_EDGE('',*,*,#1330,.F.);
#1871=ORIENTED_EDGE('',*,*,#1331,.F.);
#1872=ORIENTED_EDGE('',*,*,#1318,.F.);
#1873=ORIENTED_EDGE('',*,*,#1331,.T.);
#1874=ORIENTED_EDGE('',*,*,#1332,.F.);
#1875=ORIENTED_EDGE('',*,*,#1333,.F.);
#1876=ORIENTED_EDGE('',*,*,#1319,.F.);
#1877=ORIENTED_EDGE('',*,*,#1333,.T.);
#1878=ORIENTED_EDGE('',*,*,#1334,.F.);
#1879=ORIENTED_EDGE('',*,*,#1335,.F.);
#1880=ORIENTED_EDGE('',*,*,#1320,.F.);
#1881=ORIENTED_EDGE('',*,*,#1335,.T.);
#1882=ORIENTED_EDGE('',*,*,#1336,.F.);
#1883=ORIENTED_EDGE('',*,*,#1337,.F.);
#1884=ORIENTED_EDGE('',*,*,#1321,.F.);
#1885=ORIENTED_EDGE('',*,*,#1337,.T.);
#1886=ORIENTED_EDGE('',*,*,#1338,.F.);
#1887=ORIENTED_EDGE('',*,*,#1339,.F.);
#1888=ORIENTED_EDGE('',*,*,#1322,.F.);
#1889=ORIENTED_EDGE('',*,*,#1339,.T.);
#1890=ORIENTED_EDGE('',*,*,#1340,.F.);
#1891=ORIENTED_EDGE('',*,*,#1341,.F.);
#1892=ORIENTED_EDGE('',*,*,#1323,.F.);
#1893=ORIENTED_EDGE('',*,*,#1341,.T.);
#1894=ORIENTED_EDGE('',*,*,#1342,.F.);
#1895=ORIENTED_EDGE('',*,*,#1343,.F.);
#1896=ORIENTED_EDGE('',*,*,#1324,.F.);
#1897=ORIENTED_EDGE('',*,*,#1343,.T.);
#1898=ORIENTED_EDGE('',*,*,#1344,.F.);
#1899=ORIENTED_EDGE('',*,*,#1345,.F.);
#1900=ORIENTED_EDGE('',*,*,#1325,.F.);
#1901=ORIENTED_EDGE('',*,*,#1345,.T.);
#1902=ORIENTED_EDGE('',*,*,#1346,.F.);
#1903=ORIENTED_EDGE('',*,*,#1347,.F.);
#1904=ORIENTED_EDGE('',*,*,#1326,.F.);
#1905=ORIENTED_EDGE('',*,*,#1347,.T.);
#1906=ORIENTED_EDGE('',*,*,#1348,.F.);
#1907=ORIENTED_EDGE('',*,*,#1349,.F.);
#1908=ORIENTED_EDGE('',*,*,#1327,.F.);
#1909=ORIENTED_EDGE('',*,*,#1349,.T.);
#1910=ORIENTED_EDGE('',*,*,#1350,.F.);
#1911=ORIENTED_EDGE('',*,*,#1351,.F.);
#1912=ORIENTED_EDGE('',*,*,#1328,.F.);
#1913=ORIENTED_EDGE('',*,*,#1351,.T.);
#1914=ORIENTED_EDGE('',*,*,#1352,.F.);
#1915=ORIENTED_EDGE('',*,*,#1329,.T.);
#1916=ORIENTED_EDGE('',*,*,#1317,.F.);
#1917=ORIENTED_EDGE('',*,*,#1352,.T.);
#1918=ORIENTED_EDGE('',*,*,#1350,.T.);
#1919=ORIENTED_EDGE('',*,*,#1348,.T.);
#1920=ORIENTED_EDGE('',*,*,#1346,.T.);
#1921=ORIENTED_EDGE('',*,*,#1344,.T.);
#1922=ORIENTED_EDGE('',*,*,#1342,.T.);
#1923=ORIENTED_EDGE('',*,*,#1340,.T.);
#1924=ORIENTED_EDGE('',*,*,#1338,.T.);
#1925=ORIENTED_EDGE('',*,*,#1336,.T.);
#1926=ORIENTED_EDGE('',*,*,#1334,.T.);
#1927=ORIENTED_EDGE('',*,*,#1332,.T.);
#1928=ORIENTED_EDGE('',*,*,#1330,.T.);
#1929=CYLINDRICAL_SURFACE('',#2113,3.04800000000004);
#1930=CYLINDRICAL_SURFACE('',#2125,6.09600000000004);
#1931=CYLINDRICAL_SURFACE('',#2129,3.048);
#1932=CYLINDRICAL_SURFACE('',#2141,6.09600000000001);
#1933=CYLINDRICAL_SURFACE('',#2145,3.048);
#1934=CYLINDRICAL_SURFACE('',#2158,6.09600000000002);
#1935=CYLINDRICAL_SURFACE('',#2159,3.04800000000004);
#1936=CYLINDRICAL_SURFACE('',#2173,6.09600000000006);
#1937=CYLINDRICAL_SURFACE('',#2174,3.04800000000007);
#1938=CYLINDRICAL_SURFACE('',#2187,6.09600000000004);
#1939=CYLINDRICAL_SURFACE('',#2196,3.048);
#1940=CYLINDRICAL_SURFACE('',#2198,3.04800000000004);
#1941=CYLINDRICAL_SURFACE('',#2211,6.09600000000004);
#1942=CYLINDRICAL_SURFACE('',#2212,3.04800000000006);
#1943=CYLINDRICAL_SURFACE('',#2225,6.09600000000004);
#1944=CYLINDRICAL_SURFACE('',#2226,3.04800000000007);
#1945=CYLINDRICAL_SURFACE('',#2240,6.09600000000006);
#1946=CYLINDRICAL_SURFACE('',#2245,3.04799999999999);
#1947=CYLINDRICAL_SURFACE('',#2252,6.096);
#1948=CYLINDRICAL_SURFACE('',#2262,3.048);
#1949=CYLINDRICAL_SURFACE('',#2263,6.096);
#1950=CYLINDRICAL_SURFACE('',#2273,3.048);
#1951=CYLINDRICAL_SURFACE('',#2274,6.09599999999999);
#1952=CYLINDRICAL_SURFACE('',#2275,6.096);
#1953=CYLINDRICAL_SURFACE('',#2284,4.99999999999993);
#1954=CYLINDRICAL_SURFACE('',#2289,5.49999999999997);
#1955=CYLINDRICAL_SURFACE('',#2292,5.49999999999997);
#1956=CYLINDRICAL_SURFACE('',#2297,4.99999999999993);
#1957=ADVANCED_FACE('',(#121),#1929,.F.);
#1958=ADVANCED_FACE('',(#122),#17,.T.);
#1959=ADVANCED_FACE('',(#123),#18,.F.);
#1960=ADVANCED_FACE('',(#124),#19,.T.);
#1961=ADVANCED_FACE('',(#125),#20,.T.);
#1962=ADVANCED_FACE('',(#126),#21,.T.);
#1963=ADVANCED_FACE('',(#127),#22,.T.);
#1964=ADVANCED_FACE('',(#128),#23,.T.);
#1965=ADVANCED_FACE('',(#129),#1930,.T.);
#1966=ADVANCED_FACE('',(#130),#24,.F.);
#1967=ADVANCED_FACE('',(#131),#25,.T.);
#1968=ADVANCED_FACE('',(#132),#26,.T.);
#1969=ADVANCED_FACE('',(#133),#1931,.F.);
#1970=ADVANCED_FACE('',(#134),#27,.T.);
#1971=ADVANCED_FACE('',(#135),#28,.T.);
#1972=ADVANCED_FACE('',(#136),#29,.T.);
#1973=ADVANCED_FACE('',(#137),#30,.T.);
#1974=ADVANCED_FACE('',(#138),#31,.T.);
#1975=ADVANCED_FACE('',(#139),#32,.T.);
#1976=ADVANCED_FACE('',(#140),#33,.F.);
#1977=ADVANCED_FACE('',(#141),#1932,.T.);
#1978=ADVANCED_FACE('',(#142),#34,.F.);
#1979=ADVANCED_FACE('',(#143),#35,.T.);
#1980=ADVANCED_FACE('',(#144),#36,.T.);
#1981=ADVANCED_FACE('',(#145),#1933,.F.);
#1982=ADVANCED_FACE('',(#146),#37,.T.);
#1983=ADVANCED_FACE('',(#147),#38,.T.);
#1984=ADVANCED_FACE('',(#148),#39,.T.);
#1985=ADVANCED_FACE('',(#149),#40,.T.);
#1986=ADVANCED_FACE('',(#150),#41,.T.);
#1987=ADVANCED_FACE('',(#151),#42,.T.);
#1988=ADVANCED_FACE('',(#152),#43,.T.);
#1989=ADVANCED_FACE('',(#153),#44,.F.);
#1990=ADVANCED_FACE('',(#154),#1934,.T.);
#1991=ADVANCED_FACE('',(#155),#1935,.F.);
#1992=ADVANCED_FACE('',(#156),#45,.T.);
#1993=ADVANCED_FACE('',(#157),#46,.T.);
#1994=ADVANCED_FACE('',(#158),#47,.T.);
#1995=ADVANCED_FACE('',(#159),#48,.T.);
#1996=ADVANCED_FACE('',(#160),#49,.T.);
#1997=ADVANCED_FACE('',(#161),#50,.T.);
#1998=ADVANCED_FACE('',(#162),#51,.T.);
#1999=ADVANCED_FACE('',(#163),#52,.T.);
#2000=ADVANCED_FACE('',(#164),#53,.F.);
#2001=ADVANCED_FACE('',(#165),#1936,.T.);
#2002=ADVANCED_FACE('',(#166),#1937,.F.);
#2003=ADVANCED_FACE('',(#167),#54,.T.);
#2004=ADVANCED_FACE('',(#168),#55,.T.);
#2005=ADVANCED_FACE('',(#169),#56,.T.);
#2006=ADVANCED_FACE('',(#170),#57,.T.);
#2007=ADVANCED_FACE('',(#171),#58,.T.);
#2008=ADVANCED_FACE('',(#172),#59,.T.);
#2009=ADVANCED_FACE('',(#173),#60,.T.);
#2010=ADVANCED_FACE('',(#174),#61,.F.);
#2011=ADVANCED_FACE('',(#175),#1938,.T.);
#2012=ADVANCED_FACE('',(#176),#62,.F.);
#2013=ADVANCED_FACE('',(#177),#63,.F.);
#2014=ADVANCED_FACE('',(#178),#64,.F.);
#2015=ADVANCED_FACE('',(#179),#65,.T.);
#2016=ADVANCED_FACE('',(#180),#1939,.F.);
#2017=ADVANCED_FACE('',(#181),#66,.F.);
#2018=ADVANCED_FACE('',(#182),#1940,.F.);
#2019=ADVANCED_FACE('',(#183),#67,.T.);
#2020=ADVANCED_FACE('',(#184),#68,.F.);
#2021=ADVANCED_FACE('',(#185),#69,.T.);
#2022=ADVANCED_FACE('',(#186),#70,.T.);
#2023=ADVANCED_FACE('',(#187),#71,.T.);
#2024=ADVANCED_FACE('',(#188),#72,.T.);
#2025=ADVANCED_FACE('',(#189),#73,.T.);
#2026=ADVANCED_FACE('',(#190),#74,.T.);
#2027=ADVANCED_FACE('',(#191),#1941,.T.);
#2028=ADVANCED_FACE('',(#192),#1942,.F.);
#2029=ADVANCED_FACE('',(#193),#75,.F.);
#2030=ADVANCED_FACE('',(#194),#76,.T.);
#2031=ADVANCED_FACE('',(#195),#77,.T.);
#2032=ADVANCED_FACE('',(#196),#78,.T.);
#2033=ADVANCED_FACE('',(#197),#79,.T.);
#2034=ADVANCED_FACE('',(#198),#80,.T.);
#2035=ADVANCED_FACE('',(#199),#81,.T.);
#2036=ADVANCED_FACE('',(#200),#82,.T.);
#2037=ADVANCED_FACE('',(#201),#1943,.T.);
#2038=ADVANCED_FACE('',(#202),#1944,.F.);
#2039=ADVANCED_FACE('',(#203),#83,.F.);
#2040=ADVANCED_FACE('',(#204),#84,.T.);
#2041=ADVANCED_FACE('',(#205),#85,.T.);
#2042=ADVANCED_FACE('',(#206),#86,.T.);
#2043=ADVANCED_FACE('',(#207),#87,.T.);
#2044=ADVANCED_FACE('',(#208),#88,.T.);
#2045=ADVANCED_FACE('',(#209),#89,.T.);
#2046=ADVANCED_FACE('',(#210),#90,.T.);
#2047=ADVANCED_FACE('',(#211),#91,.T.);
#2048=ADVANCED_FACE('',(#212),#1945,.T.);
#2049=ADVANCED_FACE('',(#213),#92,.F.);
#2050=ADVANCED_FACE('',(#214),#93,.F.);
#2051=ADVANCED_FACE('',(#215),#1946,.F.);
#2052=ADVANCED_FACE('',(#216),#94,.F.);
#2053=ADVANCED_FACE('',(#217),#95,.T.);
#2054=ADVANCED_FACE('',(#218),#96,.T.);
#2055=ADVANCED_FACE('',(#219),#97,.F.);
#2056=ADVANCED_FACE('',(#220),#1947,.T.);
#2057=ADVANCED_FACE('',(#221),#98,.T.);
#2058=ADVANCED_FACE('',(#222),#99,.T.);
#2059=ADVANCED_FACE('',(#223),#100,.T.);
#2060=ADVANCED_FACE('',(#224),#101,.T.);
#2061=ADVANCED_FACE('',(#225),#102,.T.);
#2062=ADVANCED_FACE('',(#226),#1948,.F.);
#2063=ADVANCED_FACE('',(#227),#1949,.T.);
#2064=ADVANCED_FACE('',(#228),#103,.T.);
#2065=ADVANCED_FACE('',(#229),#104,.T.);
#2066=ADVANCED_FACE('',(#230),#105,.T.);
#2067=ADVANCED_FACE('',(#231),#106,.T.);
#2068=ADVANCED_FACE('',(#232),#107,.T.);
#2069=ADVANCED_FACE('',(#233),#1950,.F.);
#2070=ADVANCED_FACE('',(#234),#1951,.T.);
#2071=ADVANCED_FACE('',(#235),#1952,.T.);
#2072=ADVANCED_FACE('',(#236),#108,.T.);
#2073=ADVANCED_FACE('',(#237),#109,.F.);
#2074=ADVANCED_FACE('',(#238),#110,.T.);
#2075=ADVANCED_FACE('',(#239),#111,.F.);
#2076=ADVANCED_FACE('',(#240),#1953,.F.);
#2077=ADVANCED_FACE('',(#241),#112,.T.);
#2078=ADVANCED_FACE('',(#242),#113,.T.);
#2079=ADVANCED_FACE('',(#243),#114,.T.);
#2080=ADVANCED_FACE('',(#244),#1954,.T.);
#2081=ADVANCED_FACE('',(#245),#115,.T.);
#2082=ADVANCED_FACE('',(#246),#1955,.T.);
#2083=ADVANCED_FACE('',(#247),#116,.T.);
#2084=ADVANCED_FACE('',(#248),#117,.T.);
#2085=ADVANCED_FACE('',(#249),#118,.T.);
#2086=ADVANCED_FACE('',(#250),#1956,.F.);
#2087=ADVANCED_FACE('',(#251),#119,.T.);
#2088=ADVANCED_FACE('',(#252),#120,.T.);
#2089=CLOSED_SHELL('',(#1957,#1958,#1959,#1960,#1961,#1962,#1963,#1964,
#1965,#1966,#1967,#1968,#1969,#1970,#1971,#1972,#1973,#1974,#1975,#1976,
#1977,#1978,#1979,#1980,#1981,#1982,#1983,#1984,#1985,#1986,#1987,#1988,
#1989,#1990,#1991,#1992,#1993,#1994,#1995,#1996,#1997,#1998,#1999,#2000,
#2001,#2002,#2003,#2004,#2005,#2006,#2007,#2008,#2009,#2010,#2011,#2012,
#2013,#2014,#2015,#2016,#2017,#2018,#2019,#2020,#2021,#2022,#2023,#2024,
#2025,#2026,#2027,#2028,#2029,#2030,#2031,#2032,#2033,#2034,#2035,#2036,
#2037,#2038,#2039,#2040,#2041,#2042,#2043,#2044,#2045,#2046,#2047,#2048,
#2049,#2050,#2051,#2052,#2053,#2054,#2055,#2056,#2057,#2058,#2059,#2060,
#2061,#2062,#2063,#2064,#2065,#2066,#2067,#2068,#2069,#2070,#2071,#2072,
#2073,#2074));
#2090=CLOSED_SHELL('',(#2075,#2076,#2077,#2078,#2079,#2080,#2081,#2082,
#2083,#2084,#2085,#2086,#2087,#2088));
#2091=DERIVED_UNIT_ELEMENT(#2094,1.);
#2092=DERIVED_UNIT_ELEMENT(#3497,-3.);
#2093=DIMENSIONAL_EXPONENTS(0.,1.,0.,0.,0.,0.,0.);
#2094=(
CONVERSION_BASED_UNIT('gram',#2096)
MASS_UNIT()
NAMED_UNIT(#2093)
);
#2095=(
MASS_UNIT()
NAMED_UNIT(*)
SI_UNIT(.KILO.,.GRAM.)
);
#2096=MASS_MEASURE_WITH_UNIT(MASS_MEASURE(0.001),#2095);
#2097=DERIVED_UNIT((#2091,#2092));
#2098=MEASURE_REPRESENTATION_ITEM('density measure',
POSITIVE_RATIO_MEASURE(0.93),#2097);
#2099=PROPERTY_DEFINITION_REPRESENTATION(#2104,#2101);
#2100=PROPERTY_DEFINITION_REPRESENTATION(#2105,#2102);
#2101=REPRESENTATION('material name',(#2103),#3494);
#2102=REPRESENTATION('density',(#2098),#3494);
#2103=DESCRIPTIVE_REPRESENTATION_ITEM('\X2\04110443043C043004330430\X0\',
'\X2\04110443043C043004330430\X0\');
#2104=PROPERTY_DEFINITION('material property','material name',#3504);
#2105=PROPERTY_DEFINITION('material property','density of part',#3504);
#2106=DATE_TIME_ROLE('creation_date');
#2107=APPLIED_DATE_AND_TIME_ASSIGNMENT(#2108,#2106,(#3504));
#2108=DATE_AND_TIME(#2109,#2110);
#2109=CALENDAR_DATE(2024,16,1);
#2110=LOCAL_TIME(0,0,0.,#2111);
#2111=COORDINATED_UNIVERSAL_TIME_OFFSET(0,0,.BEHIND.);
#2112=AXIS2_PLACEMENT_3D('',#2911,#2301,#2302);
#2113=AXIS2_PLACEMENT_3D('',#2912,#2303,#2304);
#2114=AXIS2_PLACEMENT_3D('',#2917,#2306,#2307);
#2115=AXIS2_PLACEMENT_3D('',#2920,#2309,#2310);
#2116=AXIS2_PLACEMENT_3D('',#2921,#2311,#2312);
#2117=AXIS2_PLACEMENT_3D('',#2929,#2317,#2318);
#2118=AXIS2_PLACEMENT_3D('',#2935,#2322,#2323);
#2119=AXIS2_PLACEMENT_3D('',#2938,#2325,#2326);
#2120=AXIS2_PLACEMENT_3D('',#2940,#2328,#2329);
#2121=AXIS2_PLACEMENT_3D('',#2943,#2331,#2332);
#2122=AXIS2_PLACEMENT_3D('',#2944,#2333,#2334);
#2123=AXIS2_PLACEMENT_3D('',#2948,#2337,#2338);
#2124=AXIS2_PLACEMENT_3D('',#2950,#2340,#2341);
#2125=AXIS2_PLACEMENT_3D('',#2951,#2342,#2343);
#2126=AXIS2_PLACEMENT_3D('',#2953,#2345,#2346);
#2127=AXIS2_PLACEMENT_3D('',#2963,#2352,#2353);
#2128=AXIS2_PLACEMENT_3D('',#2967,#2356,#2357);
#2129=AXIS2_PLACEMENT_3D('',#2975,#2362,#2363);
#2130=AXIS2_PLACEMENT_3D('',#2980,#2365,#2366);
#2131=AXIS2_PLACEMENT_3D('',#2983,#2368,#2369);
#2132=AXIS2_PLACEMENT_3D('',#2984,#2370,#2371);
#2133=AXIS2_PLACEMENT_3D('',#2992,#2376,#2377);
#2134=AXIS2_PLACEMENT_3D('',#2998,#2381,#2382);
#2135=AXIS2_PLACEMENT_3D('',#3001,#2384,#2385);
#2136=AXIS2_PLACEMENT_3D('',#3003,#2387,#2388);
#2137=AXIS2_PLACEMENT_3D('',#3006,#2390,#2391);
#2138=AXIS2_PLACEMENT_3D('',#3007,#2392,#2393);
#2139=AXIS2_PLACEMENT_3D('',#3011,#2396,#2397);
#2140=AXIS2_PLACEMENT_3D('',#3013,#2399,#2400);
#2141=AXIS2_PLACEMENT_3D('',#3014,#2401,#2402);
#2142=AXIS2_PLACEMENT_3D('',#3016,#2404,#2405);
#2143=AXIS2_PLACEMENT_3D('',#3026,#2411,#2412);
#2144=AXIS2_PLACEMENT_3D('',#3030,#2415,#2416);
#2145=AXIS2_PLACEMENT_3D('',#3038,#2421,#2422);
#2146=AXIS2_PLACEMENT_3D('',#3043,#2424,#2425);
#2147=AXIS2_PLACEMENT_3D('',#3046,#2427,#2428);
#2148=AXIS2_PLACEMENT_3D('',#3047,#2429,#2430);
#2149=AXIS2_PLACEMENT_3D('',#3058,#2436,#2437);
#2150=AXIS2_PLACEMENT_3D('',#3061,#2439,#2440);
#2151=AXIS2_PLACEMENT_3D('',#3063,#2442,#2443);
#2152=AXIS2_PLACEMENT_3D('',#3069,#2447,#2448);
#2153=AXIS2_PLACEMENT_3D('',#3072,#2451,#2452);
#2154=AXIS2_PLACEMENT_3D('',#3075,#2454,#2455);
#2155=AXIS2_PLACEMENT_3D('',#3076,#2456,#2457);
#2156=AXIS2_PLACEMENT_3D('',#3080,#2460,#2461);
#2157=AXIS2_PLACEMENT_3D('',#3082,#2463,#2464);
#2158=AXIS2_PLACEMENT_3D('',#3083,#2465,#2466);
#2159=AXIS2_PLACEMENT_3D('',#3085,#2468,#2469);
#2160=AXIS2_PLACEMENT_3D('',#3089,#2471,#2472);
#2161=AXIS2_PLACEMENT_3D('',#3092,#2474,#2475);
#2162=AXIS2_PLACEMENT_3D('',#3093,#2476,#2477);
#2163=AXIS2_PLACEMENT_3D('',#3106,#2484,#2485);
#2164=AXIS2_PLACEMENT_3D('',#3112,#2489,#2490);
#2165=AXIS2_PLACEMENT_3D('',#3115,#2493,#2494);
#2166=AXIS2_PLACEMENT_3D('',#3118,#2496,#2497);
#2167=AXIS2_PLACEMENT_3D('',#3119,#2498,#2499);
#2168=AXIS2_PLACEMENT_3D('',#3121,#2501,#2502);
#2169=AXIS2_PLACEMENT_3D('',#3122,#2503,#2504);
#2170=AXIS2_PLACEMENT_3D('',#3126,#2507,#2508);
#2171=AXIS2_PLACEMENT_3D('',#3130,#2511,#2512);
#2172=AXIS2_PLACEMENT_3D('',#3132,#2514,#2515);
#2173=AXIS2_PLACEMENT_3D('',#3133,#2516,#2517);
#2174=AXIS2_PLACEMENT_3D('',#3135,#2519,#2520);
#2175=AXIS2_PLACEMENT_3D('',#3139,#2522,#2523);
#2176=AXIS2_PLACEMENT_3D('',#3142,#2525,#2526);
#2177=AXIS2_PLACEMENT_3D('',#3143,#2527,#2528);
#2178=AXIS2_PLACEMENT_3D('',#3151,#2533,#2534);
#2179=AXIS2_PLACEMENT_3D('',#3159,#2539,#2540);
#2180=AXIS2_PLACEMENT_3D('',#3162,#2542,#2543);
#2181=AXIS2_PLACEMENT_3D('',#3163,#2544,#2545);
#2182=AXIS2_PLACEMENT_3D('',#3165,#2547,#2548);
#2183=AXIS2_PLACEMENT_3D('',#3166,#2549,#2550);
#2184=AXIS2_PLACEMENT_3D('',#3170,#2553,#2554);
#2185=AXIS2_PLACEMENT_3D('',#3174,#2557,#2558);
#2186=AXIS2_PLACEMENT_3D('',#3176,#2560,#2561);
#2187=AXIS2_PLACEMENT_3D('',#3177,#2562,#2563);
#2188=AXIS2_PLACEMENT_3D('',#3179,#2565,#2566);
#2189=AXIS2_PLACEMENT_3D('',#3188,#2571,#2572);
#2190=AXIS2_PLACEMENT_3D('',#3189,#2573,#2574);
#2191=AXIS2_PLACEMENT_3D('',#3190,#2575,#2576);
#2192=AXIS2_PLACEMENT_3D('',#3191,#2577,#2578);
#2193=AXIS2_PLACEMENT_3D('',#3200,#2583,#2584);
#2194=AXIS2_PLACEMENT_3D('',#3201,#2585,#2586);
#2195=AXIS2_PLACEMENT_3D('',#3202,#2587,#2588);
#2196=AXIS2_PLACEMENT_3D('',#3203,#2589,#2590);
#2197=AXIS2_PLACEMENT_3D('',#3206,#2593,#2594);
#2198=AXIS2_PLACEMENT_3D('',#3208,#2596,#2597);
#2199=AXIS2_PLACEMENT_3D('',#3213,#2599,#2600);
#2200=AXIS2_PLACEMENT_3D('',#3216,#2602,#2603);
#2201=AXIS2_PLACEMENT_3D('',#3217,#2604,#2605);
#2202=AXIS2_PLACEMENT_3D('',#3225,#2610,#2611);
#2203=AXIS2_PLACEMENT_3D('',#3233,#2616,#2617);
#2204=AXIS2_PLACEMENT_3D('',#3236,#2619,#2620);
#2205=AXIS2_PLACEMENT_3D('',#3237,#2621,#2622);
#2206=AXIS2_PLACEMENT_3D('',#3240,#2624,#2625);
#2207=AXIS2_PLACEMENT_3D('',#3242,#2627,#2628);
#2208=AXIS2_PLACEMENT_3D('',#3246,#2631,#2632);
#2209=AXIS2_PLACEMENT_3D('',#3250,#2635,#2636);
#2210=AXIS2_PLACEMENT_3D('',#3252,#2638,#2639);
#2211=AXIS2_PLACEMENT_3D('',#3253,#2640,#2641);
#2212=AXIS2_PLACEMENT_3D('',#3255,#2643,#2644);
#2213=AXIS2_PLACEMENT_3D('',#3260,#2646,#2647);
#2214=AXIS2_PLACEMENT_3D('',#3263,#2649,#2650);
#2215=AXIS2_PLACEMENT_3D('',#3264,#2651,#2652);
#2216=AXIS2_PLACEMENT_3D('',#3275,#2658,#2659);
#2217=AXIS2_PLACEMENT_3D('',#3278,#2661,#2662);
#2218=AXIS2_PLACEMENT_3D('',#3280,#2664,#2665);
#2219=AXIS2_PLACEMENT_3D('',#3286,#2669,#2670);
#2220=AXIS2_PLACEMENT_3D('',#3289,#2673,#2674);
#2221=AXIS2_PLACEMENT_3D('',#3292,#2676,#2677);
#2222=AXIS2_PLACEMENT_3D('',#3293,#2678,#2679);
#2223=AXIS2_PLACEMENT_3D('',#3297,#2682,#2683);
#2224=AXIS2_PLACEMENT_3D('',#3299,#2685,#2686);
#2225=AXIS2_PLACEMENT_3D('',#3300,#2687,#2688);
#2226=AXIS2_PLACEMENT_3D('',#3302,#2690,#2691);
#2227=AXIS2_PLACEMENT_3D('',#3306,#2693,#2694);
#2228=AXIS2_PLACEMENT_3D('',#3308,#2696,#2697);
#2229=AXIS2_PLACEMENT_3D('',#3309,#2698,#2699);
#2230=AXIS2_PLACEMENT_3D('',#3322,#2706,#2707);
#2231=AXIS2_PLACEMENT_3D('',#3328,#2711,#2712);
#2232=AXIS2_PLACEMENT_3D('',#3331,#2715,#2716);
#2233=AXIS2_PLACEMENT_3D('',#3332,#2717,#2718);
#2234=AXIS2_PLACEMENT_3D('',#3333,#2719,#2720);
#2235=AXIS2_PLACEMENT_3D('',#3335,#2722,#2723);
#2236=AXIS2_PLACEMENT_3D('',#3336,#2724,#2725);
#2237=AXIS2_PLACEMENT_3D('',#3340,#2728,#2729);
#2238=AXIS2_PLACEMENT_3D('',#3344,#2732,#2733);
#2239=AXIS2_PLACEMENT_3D('',#3346,#2735,#2736);
#2240=AXIS2_PLACEMENT_3D('',#3347,#2737,#2738);
#2241=AXIS2_PLACEMENT_3D('',#3349,#2740,#2741);
#2242=AXIS2_PLACEMENT_3D('',#3358,#2746,#2747);
#2243=AXIS2_PLACEMENT_3D('',#3359,#2748,#2749);
#2244=AXIS2_PLACEMENT_3D('',#3360,#2750,#2751);
#2245=AXIS2_PLACEMENT_3D('',#3361,#2752,#2753);
#2246=AXIS2_PLACEMENT_3D('',#3364,#2755,#2756);
#2247=AXIS2_PLACEMENT_3D('',#3366,#2758,#2759);
#2248=AXIS2_PLACEMENT_3D('',#3374,#2764,#2765);
#2249=AXIS2_PLACEMENT_3D('',#3375,#2766,#2767);
#2250=AXIS2_PLACEMENT_3D('',#3376,#2768,#2769);
#2251=AXIS2_PLACEMENT_3D('',#3377,#2770,#2771);
#2252=AXIS2_PLACEMENT_3D('',#3379,#2773,#2774);
#2253=AXIS2_PLACEMENT_3D('',#3380,#2775,#2776);
#2254=AXIS2_PLACEMENT_3D('',#3382,#2778,#2779);
#2255=AXIS2_PLACEMENT_3D('',#3383,#2780,#2781);
#2256=AXIS2_PLACEMENT_3D('',#3385,#2783,#2784);
#2257=AXIS2_PLACEMENT_3D('',#3387,#2786,#2787);
#2258=AXIS2_PLACEMENT_3D('',#3388,#2788,#2789);
#2259=AXIS2_PLACEMENT_3D('',#3389,#2790,#2791);
#2260=AXIS2_PLACEMENT_3D('',#3391,#2793,#2794);
#2261=AXIS2_PLACEMENT_3D('',#3392,#2795,#2796);
#2262=AXIS2_PLACEMENT_3D('',#3393,#2797,#2798);
#2263=AXIS2_PLACEMENT_3D('',#3395,#2800,#2801);
#2264=AXIS2_PLACEMENT_3D('',#3396,#2802,#2803);
#2265=AXIS2_PLACEMENT_3D('',#3398,#2805,#2806);
#2266=AXIS2_PLACEMENT_3D('',#3399,#2807,#2808);
#2267=AXIS2_PLACEMENT_3D('',#3401,#2810,#2811);
#2268=AXIS2_PLACEMENT_3D('',#3403,#2813,#2814);
#2269=AXIS2_PLACEMENT_3D('',#3404,#2815,#2816);
#2270=AXIS2_PLACEMENT_3D('',#3405,#2817,#2818);
#2271=AXIS2_PLACEMENT_3D('',#3407,#2820,#2821);
#2272=AXIS2_PLACEMENT_3D('',#3408,#2822,#2823);
#2273=AXIS2_PLACEMENT_3D('',#3409,#2824,#2825);
#2274=AXIS2_PLACEMENT_3D('',#3411,#2827,#2828);
#2275=AXIS2_PLACEMENT_3D('',#3413,#2830,#2831);
#2276=AXIS2_PLACEMENT_3D('',#3415,#2833,#2834);
#2277=AXIS2_PLACEMENT_3D('',#3416,#2835,#2836);
#2278=AXIS2_PLACEMENT_3D('',#3417,#2837,#2838);
#2279=AXIS2_PLACEMENT_3D('',#3418,#2839,#2840);
#2280=AXIS2_PLACEMENT_3D('',#3423,#2842,#2843);
#2281=AXIS2_PLACEMENT_3D('',#3431,#2847,#2848);
#2282=AXIS2_PLACEMENT_3D('',#3435,#2850,#2851);
#2283=AXIS2_PLACEMENT_3D('',#3442,#2855,#2856);
#2284=AXIS2_PLACEMENT_3D('',#3443,#2857,#2858);
#2285=AXIS2_PLACEMENT_3D('',#3447,#2860,#2861);
#2286=AXIS2_PLACEMENT_3D('',#3449,#2863,#2864);
#2287=AXIS2_PLACEMENT_3D('',#3453,#2867,#2868);
#2288=AXIS2_PLACEMENT_3D('',#3457,#2871,#2872);
#2289=AXIS2_PLACEMENT_3D('',#3461,#2875,#2876);
#2290=AXIS2_PLACEMENT_3D('',#3463,#2877,#2878);
#2291=AXIS2_PLACEMENT_3D('',#3465,#2880,#2881);
#2292=AXIS2_PLACEMENT_3D('',#3469,#2884,#2885);
#2293=AXIS2_PLACEMENT_3D('',#3471,#2886,#2887);
#2294=AXIS2_PLACEMENT_3D('',#3473,#2889,#2890);
#2295=AXIS2_PLACEMENT_3D('',#3477,#2893,#2894);
#2296=AXIS2_PLACEMENT_3D('',#3481,#2897,#2898);
#2297=AXIS2_PLACEMENT_3D('',#3485,#2901,#2902);
#2298=AXIS2_PLACEMENT_3D('',#3487,#2903,#2904);
#2299=AXIS2_PLACEMENT_3D('',#3489,#2906,#2907);
#2300=AXIS2_PLACEMENT_3D('',#3491,#2909,#2910);
#2301=DIRECTION('axis',(0.,0.,1.));
#2302=DIRECTION('refdir',(1.,0.,0.));
#2303=DIRECTION('center_axis',(1.,8.51110247511668E-18,-2.33509691929185E-16));
#2304=DIRECTION('ref_axis',(-2.33509691929185E-16,-1.81807040577971E-15,
-1.));
#2305=DIRECTION('',(1.,-2.72182951196725E-16,-2.33509691929185E-16));
#2306=DIRECTION('center_axis',(1.,8.51110247511668E-18,-2.33509691929185E-16));
#2307=DIRECTION('ref_axis',(0.,0.,-1.));
#2308=DIRECTION('',(-1.,0.,2.34202646345435E-16));
#2309=DIRECTION('center_axis',(-1.,-8.51110247511668E-18,2.33509691929185E-16));
#2310=DIRECTION('ref_axis',(0.,1.,0.));
#2311=DIRECTION('center_axis',(1.,-2.24998589454073E-16,2.33449542466144E-15));
#2312=DIRECTION('ref_axis',(2.24998589454069E-16,1.,1.71512449944288E-15));
#2313=DIRECTION('',(2.24998589454073E-16,1.,-1.02945906336824E-16));
#2314=DIRECTION('',(-2.33449542466144E-15,8.61391719622864E-16,1.));
#2315=DIRECTION('',(-2.24998589454069E-16,-1.,-1.71512449944288E-15));
#2316=DIRECTION('',(2.33449542466144E-15,-8.61391719622864E-16,-1.));
#2317=DIRECTION('center_axis',(-2.72182951196725E-16,-1.,3.03575930576437E-16));
#2318=DIRECTION('ref_axis',(1.,-2.72182951196725E-16,-2.42020794404302E-16));
#2319=DIRECTION('',(-1.,2.72182951196725E-16,2.33509691929185E-16));
#2320=DIRECTION('',(2.42020794404303E-16,3.43790793868861E-15,1.));
#2321=DIRECTION('',(1.,-2.86338259719522E-16,-2.42020794404302E-16));
#2322=DIRECTION('center_axis',(-1.,-8.51110247511668E-18,2.33509691929185E-16));
#2323=DIRECTION('ref_axis',(2.33509691929185E-16,0.,1.));
#2324=DIRECTION('',(-2.24998589454068E-16,-1.,1.02945906336824E-16));
#2325=DIRECTION('center_axis',(1.,8.51110247511668E-18,-2.33509691929185E-16));
#2326=DIRECTION('ref_axis',(0.,5.82794238648371E-15,-1.));
#2327=DIRECTION('',(-2.368475785867E-16,0.,-1.));
#2328=DIRECTION('center_axis',(1.,8.51110247511668E-18,-2.33509691929185E-16));
#2329=DIRECTION('ref_axis',(-2.33509691929185E-16,0.,-1.));
#2330=DIRECTION('',(2.368475785867E-16,0.,1.));
#2331=DIRECTION('center_axis',(1.,8.51110247511668E-18,-2.33509691929185E-16));
#2332=DIRECTION('ref_axis',(0.,5.82794238648377E-15,-1.));
#2333=DIRECTION('center_axis',(-1.,2.24998589454068E-16,1.87865596443347E-16));
#2334=DIRECTION('ref_axis',(-2.24998589454069E-16,-1.,-1.71512449944288E-15));
#2335=DIRECTION('',(1.87865596443347E-16,1.02945906336824E-16,1.));
#2336=DIRECTION('',(-2.24998589454069E-16,-1.,-1.71512449944288E-15));
#2337=DIRECTION('center_axis',(2.42020794404302E-16,-1.71512449944288E-15,
1.));
#2338=DIRECTION('ref_axis',(-2.24998589454069E-16,-1.,-1.71512449944288E-15));
#2339=DIRECTION('',(1.,-2.86338259719522E-16,-2.42020794404302E-16));
#2340=DIRECTION('center_axis',(-2.72182951196725E-16,-1.,3.03575930576437E-16));
#2341=DIRECTION('ref_axis',(1.,-2.72182951196725E-16,-2.42020794404302E-16));
#2342=DIRECTION('center_axis',(1.,8.51110247511668E-18,-2.33509691929185E-16));
#2343=DIRECTION('ref_axis',(-2.33509691929185E-16,-1.81807040577971E-15,
-1.));
#2344=DIRECTION('',(1.,0.,-2.33509691929185E-16));
#2345=DIRECTION('center_axis',(2.33509691929185E-16,1.81807040577971E-15,
1.));
#2346=DIRECTION('ref_axis',(-2.368475785867E-16,-1.,1.81807040577971E-15));
#2347=DIRECTION('',(-4.43734259186819E-31,1.,-1.83758917935762E-15));
#2348=DIRECTION('',(1.,-2.368475785867E-16,-2.368475785867E-16));
#2349=DIRECTION('',(-1.,0.,2.33509691929185E-16));
#2350=DIRECTION('',(1.,-2.368475785867E-16,-2.368475785867E-16));
#2351=DIRECTION('',(1.89070678580579E-16,-1.,1.83758917935762E-15));
#2352=DIRECTION('center_axis',(1.,0.,-2.368475785867E-16));
#2353=DIRECTION('ref_axis',(-4.43734259186819E-31,1.,-1.83758917935762E-15));
#2354=DIRECTION('',(-4.43734259186819E-31,1.,-1.83758917935762E-15));
#2355=DIRECTION('',(-2.368475785867E-16,-1.83758917935762E-15,-1.));
#2356=DIRECTION('center_axis',(2.34202646345435E-16,1.81830593625864E-15,
1.));
#2357=DIRECTION('ref_axis',(-2.368475785867E-16,-1.,1.81830593625864E-15));
#2358=DIRECTION('',(-1.89070678580579E-16,1.,-1.83758917935762E-15));
#2359=DIRECTION('',(-1.,2.368475785867E-16,2.368475785867E-16));
#2360=DIRECTION('',(1.,0.,-2.34202646345435E-16));
#2361=DIRECTION('',(1.,-2.368475785867E-16,-2.368475785867E-16));
#2362=DIRECTION('center_axis',(-1.,-1.14168238055792E-16,2.35119820960866E-16));
#2363=DIRECTION('ref_axis',(2.35119820960867E-16,-5.36910666389457E-15,
1.));
#2364=DIRECTION('',(-1.,-2.77987245716643E-16,2.35119820960865E-16));
#2365=DIRECTION('center_axis',(-1.,-1.14168238055792E-16,2.35119820960866E-16));
#2366=DIRECTION('ref_axis',(0.,0.,1.));
#2367=DIRECTION('',(1.,0.,-2.35928267779826E-16));
#2368=DIRECTION('center_axis',(1.,1.14168238055792E-16,-2.35119820960866E-16));
#2369=DIRECTION('ref_axis',(0.,1.,5.82794238648389E-15));
#2370=DIRECTION('center_axis',(-1.,-3.49288059016657E-16,1.20951582905073E-16));
#2371=DIRECTION('ref_axis',(-3.49288059016657E-16,1.,5.39030285815812E-15));
#2372=DIRECTION('',(-3.49288059016656E-16,1.,1.07594095220527E-14));
#2373=DIRECTION('',(-1.20951582905075E-16,5.39030285815812E-15,-1.));
#2374=DIRECTION('',(3.49288059016657E-16,-1.,-5.39030285815812E-15));
#2375=DIRECTION('',(1.20951582905075E-16,-5.39030285815812E-15,1.));
#2376=DIRECTION('center_axis',(-2.77987245716641E-16,1.,1.07273903314346E-14));
#2377=DIRECTION('ref_axis',(1.,2.77987245716642E-16,-1.20951582905074E-16));
#2378=DIRECTION('',(1.,2.77987245716643E-16,-2.35119820960865E-16));
#2379=DIRECTION('',(-1.20951582905079E-16,1.56963677344211E-14,-1.));
#2380=DIRECTION('',(-1.,-3.49288059016658E-16,2.43630923435982E-16));
#2381=DIRECTION('center_axis',(1.,1.14168238055792E-16,-2.35119820960866E-16));
#2382=DIRECTION('ref_axis',(-2.35119820960866E-16,0.,-1.));
#2383=DIRECTION('',(3.49288059016656E-16,-1.,-1.07594095220527E-14));
#2384=DIRECTION('center_axis',(-1.,-1.14168238055792E-16,2.35119820960866E-16));
#2385=DIRECTION('ref_axis',(0.,0.,1.));
#2386=DIRECTION('',(2.36847578586701E-16,0.,1.));
#2387=DIRECTION('center_axis',(-1.,-1.14168238055792E-16,2.35119820960866E-16));
#2388=DIRECTION('ref_axis',(2.35119820960866E-16,0.,1.));
#2389=DIRECTION('',(-2.368475785867E-16,0.,-1.));
#2390=DIRECTION('center_axis',(-1.,-1.14168238055792E-16,2.35119820960866E-16));
#2391=DIRECTION('ref_axis',(0.,5.82794238648377E-15,1.));
#2392=DIRECTION('center_axis',(1.,3.49288059016658E-16,-1.89475725475026E-16));
#2393=DIRECTION('ref_axis',(3.49288059016657E-16,-1.,-5.39030285815812E-15));
#2394=DIRECTION('',(-1.8947572547503E-16,1.07594095220527E-14,-1.));
#2395=DIRECTION('',(3.49288059016657E-16,-1.,-5.39030285815812E-15));
#2396=DIRECTION('center_axis',(-2.43630923435984E-16,5.39030285815812E-15,
-1.));
#2397=DIRECTION('ref_axis',(-3.49288059016657E-16,1.,5.39030285815812E-15));
#2398=DIRECTION('',(-1.,-3.49288059016658E-16,2.43630923435982E-16));
#2399=DIRECTION('center_axis',(-2.77987245716641E-16,1.,1.07273903314346E-14));
#2400=DIRECTION('ref_axis',(1.,2.77987245716642E-16,-1.20951582905074E-16));
#2401=DIRECTION('center_axis',(-1.,-1.14168238055792E-16,2.35119820960866E-16));
#2402=DIRECTION('ref_axis',(2.35119820960867E-16,-5.36910666389457E-15,
1.));
#2403=DIRECTION('',(-1.,0.,2.35119820960867E-16));
#2404=DIRECTION('center_axis',(-2.35119820960867E-16,5.36910666389457E-15,
-1.));
#2405=DIRECTION('ref_axis',(-2.36847578586699E-16,1.,5.36910666389457E-15));
#2406=DIRECTION('',(1.28189897098414E-30,1.,5.39030285815812E-15));
#2407=DIRECTION('',(-1.,-2.368475785867E-16,2.36847578586699E-16));
#2408=DIRECTION('',(1.,0.,-2.35119820960867E-16));
#2409=DIRECTION('',(-1.,-2.368475785867E-16,2.36847578586699E-16));
#2410=DIRECTION('',(-1.8907067858058E-16,-1.,-5.39030285815812E-15));
#2411=DIRECTION('center_axis',(-1.,0.,2.368475785867E-16));
#2412=DIRECTION('ref_axis',(1.28189897098414E-30,1.,5.39030285815812E-15));
#2413=DIRECTION('',(1.28189897098414E-30,1.,5.39030285815812E-15));
#2414=DIRECTION('',(2.368475785867E-16,-5.39030285815812E-15,1.));
#2415=DIRECTION('center_axis',(-2.35928267779826E-16,5.36922442913403E-15,
-1.));
#2416=DIRECTION('ref_axis',(-2.36847578586699E-16,1.,5.36922442913403E-15));
#2417=DIRECTION('',(1.8907067858058E-16,1.,5.39030285815812E-15));
#2418=DIRECTION('',(1.,2.368475785867E-16,-2.36847578586699E-16));
#2419=DIRECTION('',(-1.,0.,2.35928267779826E-16));
#2420=DIRECTION('',(-1.,-2.368475785867E-16,2.36847578586699E-16));
#2421=DIRECTION('center_axis',(5.37156154724569E-15,1.,-9.45353392902892E-17));
#2422=DIRECTION('ref_axis',(1.,-5.37156154724569E-15,5.3094973671446E-19));
#2423=DIRECTION('',(5.37156154724569E-15,1.,-4.38357296845682E-16));
#2424=DIRECTION('center_axis',(5.37156154724569E-15,1.,-9.45353392902892E-17));
#2425=DIRECTION('ref_axis',(1.,-5.82794238648389E-15,2.91397119324195E-14));
#2426=DIRECTION('',(-5.37156154724569E-15,-1.,9.77050976524823E-17));
#2427=DIRECTION('center_axis',(-5.37156154724569E-15,-1.,9.45353392902892E-17));
#2428=DIRECTION('ref_axis',(2.33117695459349E-14,0.,-1.));
#2429=DIRECTION('center_axis',(-1.76586266168909E-15,-4.46980736780614E-16,
-1.));
#2430=DIRECTION('ref_axis',(-1.,5.46609688653598E-15,1.76586266168909E-15));
#2431=DIRECTION('',(-5.37156154724569E-15,-1.,4.46980736780624E-16));
#2432=DIRECTION('',(-1.,5.37156154724569E-15,9.86977735442909E-15));
#2433=DIRECTION('',(4.88273082452105E-15,1.,-4.59406735191368E-16));
#2434=DIRECTION('',(-1.,5.37156154724569E-15,1.71459354970617E-15));
#2435=DIRECTION('',(5.46609688653599E-15,1.,5.2770262079554E-15));
#2436=DIRECTION('center_axis',(-5.37156154724569E-15,-1.,9.45353392902892E-17));
#2437=DIRECTION('ref_axis',(0.,-9.45353392902892E-17,-1.));
#2438=DIRECTION('',(1.71459354970617E-15,1.86669779373116E-16,1.));
#2439=DIRECTION('center_axis',(5.37156154724569E-15,1.,-9.45353392902892E-17));
#2440=DIRECTION('ref_axis',(1.,-5.82794238648379E-15,2.62257407391771E-14));
#2441=DIRECTION('',(-1.,5.46369598732852E-15,0.));
#2442=DIRECTION('center_axis',(5.37156154724569E-15,1.,-1.86669779373126E-16));
#2443=DIRECTION('ref_axis',(1.,-5.37156154724569E-15,-1.71512449944288E-15));
#2444=DIRECTION('',(1.,-5.37156154724569E-15,-1.71459354970617E-15));
#2445=DIRECTION('',(1.71512449944288E-15,1.86669779373116E-16,1.));
#2446=DIRECTION('',(1.71512449944288E-15,1.86669779373116E-16,1.));
#2447=DIRECTION('center_axis',(1.,-5.46609688653598E-15,-1.71512449944288E-15));
#2448=DIRECTION('ref_axis',(-1.71512449944285E-15,5.27702620795541E-15,
-1.));
#2449=DIRECTION('',(-5.46609688653599E-15,-1.,-5.2770262079554E-15));
#2450=DIRECTION('',(1.71512449944288E-15,1.86669779373116E-16,1.));
#2451=DIRECTION('center_axis',(5.37156154724569E-15,1.,-9.45353392902892E-17));
#2452=DIRECTION('ref_axis',(0.,9.45353392902892E-17,1.));
#2453=DIRECTION('',(-1.,0.,0.));
#2454=DIRECTION('center_axis',(5.37156154724569E-15,1.,-9.45353392902892E-17));
#2455=DIRECTION('ref_axis',(1.,-5.82794238648372E-15,0.));
#2456=DIRECTION('center_axis',(-5.24725734026756E-15,-1.,1.86669779373125E-16));
#2457=DIRECTION('ref_axis',(-1.,5.24725734026756E-15,1.71512449944288E-15));
#2458=DIRECTION('',(-1.,5.24725734026756E-15,1.71459354970617E-15));
#2459=DIRECTION('',(1.71512449944288E-15,1.86669779373116E-16,1.));
#2460=DIRECTION('center_axis',(-1.,4.88273082452105E-15,1.71512449944288E-15));
#2461=DIRECTION('ref_axis',(1.71512449944286E-15,-5.27702620795541E-15,
1.));
#2462=DIRECTION('',(4.88273082452105E-15,1.,-4.59406735191368E-16));
#2463=DIRECTION('center_axis',(-1.77349691373129E-15,-4.38357296845672E-16,
-1.));
#2464=DIRECTION('ref_axis',(-1.,5.46609688653598E-15,1.77349691373128E-15));
#2465=DIRECTION('center_axis',(5.37156154724569E-15,1.,-9.45353392902892E-17));
#2466=DIRECTION('ref_axis',(1.,-5.37156154724569E-15,5.3094973671446E-19));
#2467=DIRECTION('',(5.37156154724569E-15,1.,-9.77050976524823E-17));
#2468=DIRECTION('center_axis',(-5.30949736712447E-19,3.74771720404793E-16,
1.));
#2469=DIRECTION('ref_axis',(1.,-5.37156154724569E-15,5.3094973671446E-19));
#2470=DIRECTION('',(-5.30949736713046E-19,2.14616884708813E-16,1.));
#2471=DIRECTION('center_axis',(-5.30949736712447E-19,3.74771720404793E-16,
1.));
#2472=DIRECTION('ref_axis',(1.,-2.33117695459349E-14,0.));
#2473=DIRECTION('',(-5.30949736716619E-19,-4.00528083265184E-16,-1.));
#2474=DIRECTION('center_axis',(5.30949736712447E-19,-3.74771720404793E-16,
-1.));
#2475=DIRECTION('ref_axis',(6.99353086378051E-14,1.,0.));
#2476=DIRECTION('center_axis',(3.78203558227858E-15,1.,-2.14616884708813E-16));
#2477=DIRECTION('ref_axis',(-3.74240770668081E-16,-2.14616884708812E-16,
-1.));
#2478=DIRECTION('',(5.30949736713046E-19,-2.14616884708813E-16,-1.));
#2479=DIRECTION('',(-3.74240770668081E-16,-3.75302670141506E-16,-1.));
#2480=DIRECTION('',(-1.,3.65643704780281E-15,-3.734435706711E-16));
#2481=DIRECTION('',(-2.22963205697617E-17,1.77034124522584E-16,1.));
#2482=DIRECTION('',(-1.,3.65643704780281E-15,-2.49139363692971E-16));
#2483=DIRECTION('',(3.74240770668081E-16,3.75302670141506E-16,1.));
#2484=DIRECTION('center_axis',(-2.4913936369297E-16,3.75302670141505E-16,
1.));
#2485=DIRECTION('ref_axis',(-1.71512449944288E-15,1.,-3.75302670141506E-16));
#2486=DIRECTION('',(1.,-3.65643704780281E-15,2.49139363692971E-16));
#2487=DIRECTION('',(1.71512449944288E-15,-1.,3.75302670141506E-16));
#2488=DIRECTION('',(1.71512449944288E-15,-1.,3.75302670141506E-16));
#2489=DIRECTION('center_axis',(1.,1.71512449944288E-15,-3.74240770668081E-16));
#2490=DIRECTION('ref_axis',(-3.74240770668081E-16,-3.75302670141506E-16,
-1.));
#2491=DIRECTION('',(-3.74240770668081E-16,-3.75302670141506E-16,-1.));
#2492=DIRECTION('',(1.71512449944288E-15,-1.,3.75302670141506E-16));
#2493=DIRECTION('center_axis',(-5.30949736712447E-19,3.74771720404793E-16,
1.));
#2494=DIRECTION('ref_axis',(1.,0.,5.30949736712447E-19));
#2495=DIRECTION('',(-1.,0.,0.));
#2496=DIRECTION('center_axis',(-5.30949736712447E-19,3.74771720404793E-16,
1.));
#2497=DIRECTION('ref_axis',(1.,0.,0.));
#2498=DIRECTION('center_axis',(5.30949736712447E-19,-3.74771720404793E-16,
-1.));
#2499=DIRECTION('ref_axis',(-1.,0.,-5.30949736712447E-19));
#2500=DIRECTION('',(1.71512449944288E-15,-1.,3.75302670141506E-16));
#2501=DIRECTION('center_axis',(-5.30949736712447E-19,3.74771720404793E-16,
1.));
#2502=DIRECTION('ref_axis',(1.,-1.74838271594512E-14,0.));
#2503=DIRECTION('center_axis',(1.,1.71512449944288E-15,-3.74240770668081E-16));
#2504=DIRECTION('ref_axis',(-3.74240770668081E-16,-3.75302670141506E-16,
-1.));
#2505=DIRECTION('',(-3.74240770668081E-16,-3.75302670141506E-16,-1.));
#2506=DIRECTION('',(1.71512449944288E-15,-1.,3.75302670141506E-16));
#2507=DIRECTION('center_axis',(3.73443570671099E-16,-3.75302670141505E-16,
-1.));
#2508=DIRECTION('ref_axis',(1.71512449944288E-15,-1.,3.75302670141506E-16));
#2509=DIRECTION('',(-1.,3.65643704780281E-15,-3.734435706711E-16));
#2510=DIRECTION('',(1.71512449944288E-15,-1.,3.75302670141506E-16));
#2511=DIRECTION('center_axis',(-1.,-1.71512449944288E-15,-2.22963205697615E-17));
#2512=DIRECTION('ref_axis',(-2.22963205697621E-17,3.75302670141506E-16,
1.));
#2513=DIRECTION('',(-2.22963205697617E-17,1.77034124522584E-16,1.));
#2514=DIRECTION('center_axis',(3.78203558227857E-15,1.,-2.14616884708813E-16));
#2515=DIRECTION('ref_axis',(-3.74240770668081E-16,-2.14616884708811E-16,
-1.));
#2516=DIRECTION('center_axis',(-5.30949736712447E-19,3.74771720404793E-16,
1.));
#2517=DIRECTION('ref_axis',(1.,-5.37156154724569E-15,5.3094973671446E-19));
#2518=DIRECTION('',(-5.30949736712309E-19,4.00528083265184E-16,1.));
#2519=DIRECTION('center_axis',(-5.37156154724569E-15,-1.,-9.45353392902892E-17));
#2520=DIRECTION('ref_axis',(1.,-5.37156154724569E-15,5.3094973671446E-19));
#2521=DIRECTION('',(-5.37156154724569E-15,-1.,-3.61239936075252E-16));
#2522=DIRECTION('center_axis',(-5.37156154724569E-15,-1.,-9.45353392902892E-17));
#2523=DIRECTION('ref_axis',(1.,0.,5.82794238648372E-15));
#2524=DIRECTION('',(5.37156154724569E-15,1.,0.));
#2525=DIRECTION('center_axis',(5.37156154724569E-15,1.,9.45353392902892E-17));
#2526=DIRECTION('ref_axis',(-5.82794238648379E-15,0.,1.));
#2527=DIRECTION('center_axis',(-5.37156154724572E-15,-1.,5.2770262079554E-15));
#2528=DIRECTION('ref_axis',(1.,-5.37156154724571E-15,1.71512449944288E-15));
#2529=DIRECTION('',(-1.71565544917957E-15,5.27702620795541E-15,1.));
#2530=DIRECTION('',(-1.,5.37156154724569E-15,-5.82407000197291E-15));
#2531=DIRECTION('',(1.71512449944285E-15,-5.27702620795541E-15,-1.));
#2532=DIRECTION('',(1.,-5.37156154724569E-15,5.82407000197291E-15));
#2533=DIRECTION('center_axis',(-1.65448917840799E-15,-3.56948030910514E-16,
1.));
#2534=DIRECTION('ref_axis',(1.,-5.46609688653598E-15,1.65448917840799E-15));
#2535=DIRECTION('',(5.37156154724569E-15,1.,3.56948030910523E-16));
#2536=DIRECTION('',(5.46609688653599E-15,1.,-5.2770262079554E-15));
#2537=DIRECTION('',(-1.,5.62016996120194E-15,-1.7156554491796E-15));
#2538=DIRECTION('',(-5.85500759454593E-15,-1.,-3.62179058188882E-16));
#2539=DIRECTION('center_axis',(-5.37156154724569E-15,-1.,-9.45353392902892E-17));
#2540=DIRECTION('ref_axis',(0.,9.45353392902892E-17,-1.));
#2541=DIRECTION('',(-1.,0.,0.));
#2542=DIRECTION('center_axis',(-5.37156154724569E-15,-1.,-9.45353392902892E-17));
#2543=DIRECTION('ref_axis',(1.,-5.82794238648377E-15,2.91397119324189E-15));
#2544=DIRECTION('center_axis',(5.37156154724569E-15,1.,9.45353392902892E-17));
#2545=DIRECTION('ref_axis',(0.,-9.45353392902892E-17,1.));
#2546=DIRECTION('',(1.71512449944285E-15,-5.27702620795541E-15,-1.));
#2547=DIRECTION('center_axis',(-5.37156154724569E-15,-1.,-9.45353392902892E-17));
#2548=DIRECTION('ref_axis',(1.,-5.82794238648374E-15,5.82794238648374E-15));
#2549=DIRECTION('center_axis',(1.,-5.46609688653598E-15,1.71512449944288E-15));
#2550=DIRECTION('ref_axis',(1.71512449944285E-15,-5.27702620795541E-15,
-1.));
#2551=DIRECTION('',(5.46609688653599E-15,1.,-5.2770262079554E-15));
#2552=DIRECTION('',(1.71512449944285E-15,-5.27702620795541E-15,-1.));
#2553=DIRECTION('center_axis',(5.62016996120195E-15,1.,-5.2770262079554E-15));
#2554=DIRECTION('ref_axis',(-1.,5.62016996120194E-15,-1.71512449944288E-15));
#2555=DIRECTION('',(-1.,5.62016996120194E-15,-1.7156554491796E-15));
#2556=DIRECTION('',(1.71512449944285E-15,-5.27702620795541E-15,-1.));
#2557=DIRECTION('center_axis',(-1.,5.85500759454593E-15,-1.71512449944288E-15));
#2558=DIRECTION('ref_axis',(-1.71512449944285E-15,5.27702620795541E-15,
1.));
#2559=DIRECTION('',(-5.85500759454593E-15,-1.,-3.62179058188882E-16));
#2560=DIRECTION('center_axis',(-1.65093429692898E-15,-3.61239936075243E-16,
1.));
#2561=DIRECTION('ref_axis',(1.,-5.46609688653598E-15,1.65093429692898E-15));
#2562=DIRECTION('center_axis',(-5.37156154724569E-15,-1.,-9.45353392902892E-17));
#2563=DIRECTION('ref_axis',(1.,-5.37156154724569E-15,5.3094973671446E-19));
#2564=DIRECTION('',(-5.37156154724569E-15,-1.,0.));
#2565=DIRECTION('center_axis',(-1.,0.,0.));
#2566=DIRECTION('ref_axis',(0.,0.,1.));
#2567=DIRECTION('',(0.,-1.,0.));
#2568=DIRECTION('',(0.,0.,-1.));
#2569=DIRECTION('',(0.,-1.,0.));
#2570=DIRECTION('',(0.,0.,1.));
#2571=DIRECTION('center_axis',(-1.41181418480345E-28,1.03895299708109E-28,
1.));
#2572=DIRECTION('ref_axis',(1.,0.,1.41181418480345E-28));
#2573=DIRECTION('center_axis',(-1.41181418480345E-28,1.03895299708109E-28,
1.));
#2574=DIRECTION('ref_axis',(0.,-1.,0.));
#2575=DIRECTION('center_axis',(1.41181418480345E-28,-1.03895299708109E-28,
-1.));
#2576=DIRECTION('ref_axis',(0.,-1.,0.));
#2577=DIRECTION('center_axis',(-1.,0.,0.));
#2578=DIRECTION('ref_axis',(0.,0.,1.));
#2579=DIRECTION('',(0.,-1.,0.));
#2580=DIRECTION('',(0.,0.,1.));
#2581=DIRECTION('',(0.,-1.,0.));
#2582=DIRECTION('',(0.,0.,-1.));
#2583=DIRECTION('center_axis',(-9.88618629994021E-28,6.76379978037707E-28,
1.));
#2584=DIRECTION('ref_axis',(1.,0.,9.88618629994021E-28));
#2585=DIRECTION('center_axis',(9.88618629994021E-28,-6.76379978037707E-28,
-1.));
#2586=DIRECTION('ref_axis',(0.,-1.,0.));
#2587=DIRECTION('center_axis',(-9.88618629994021E-28,6.76379978037707E-28,
1.));
#2588=DIRECTION('ref_axis',(0.,-1.,0.));
#2589=DIRECTION('center_axis',(0.,0.,1.));
#2590=DIRECTION('ref_axis',(0.,-1.,0.));
#2591=DIRECTION('',(0.,0.,-1.));
#2592=DIRECTION('',(5.30949736714468E-19,-2.8619798833503E-33,1.));
#2593=DIRECTION('center_axis',(-1.,5.37156154724569E-15,-5.3094973671446E-19));
#2594=DIRECTION('ref_axis',(-5.3094973671446E-19,2.86197988335026E-33,1.));
#2595=DIRECTION('',(5.3094973671446E-19,-2.86197988335026E-33,-1.));
#2596=DIRECTION('center_axis',(-1.75744903508251E-15,-1.,2.9995725133918E-31));
#2597=DIRECTION('ref_axis',(-1.,1.75744903508251E-15,9.76835733415522E-17));
#2598=DIRECTION('',(-1.7574490350825E-15,-1.,3.14369444752847E-16));
#2599=DIRECTION('center_axis',(-1.75744903508251E-15,-1.,2.9995725133918E-31));
#2600=DIRECTION('ref_axis',(-1.,0.,0.));
#2601=DIRECTION('',(1.75727238722331E-15,1.,0.));
#2602=DIRECTION('center_axis',(1.75744903508251E-15,1.,-2.9995725133918E-31));
#2603=DIRECTION('ref_axis',(-5.82794238648379E-15,0.,-1.));
#2604=DIRECTION('center_axis',(-1.7574490350825E-15,-1.,1.75744903508251E-15));
#2605=DIRECTION('ref_axis',(1.,-1.75744903508251E-15,-5.39030285815812E-15));
#2606=DIRECTION('',(-5.48798643149967E-15,-1.7574490350825E-15,-1.));
#2607=DIRECTION('',(1.,-1.75744903508251E-15,-3.85438118196928E-15));
#2608=DIRECTION('',(5.39030285815812E-15,1.7574490350825E-15,1.));
#2609=DIRECTION('',(-1.,1.75744903508251E-15,3.85438118196928E-15));
#2610=DIRECTION('center_axis',(5.4856425066908E-15,3.18661349917566E-16,
1.));
#2611=DIRECTION('ref_axis',(1.,-1.75744903508251E-15,-5.4856425066908E-15));
#2612=DIRECTION('',(1.7574490350825E-15,1.,-3.18661349917576E-16));
#2613=DIRECTION('',(1.7574490350825E-15,1.,-1.75744903508251E-15));
#2614=DIRECTION('',(1.,-1.50884062112625E-15,-5.48798643149967E-15));
#2615=DIRECTION('',(-2.14635974309245E-15,-1.,4.93489234050169E-16));
#2616=DIRECTION('center_axis',(-1.75744903508251E-15,-1.,2.9995725133918E-31));
#2617=DIRECTION('ref_axis',(0.,-2.9995725133918E-31,-1.));
#2618=DIRECTION('',(1.,0.,0.));
#2619=DIRECTION('center_axis',(-1.75744903508251E-15,-1.,2.9995725133918E-31));
#2620=DIRECTION('ref_axis',(-1.,2.91397119324188E-15,2.91397119324188E-15));
#2621=DIRECTION('center_axis',(1.75744903508251E-15,1.,-2.9995725133918E-31));
#2622=DIRECTION('ref_axis',(0.,2.9995725133918E-31,1.));
#2623=DIRECTION('',(5.39030285815812E-15,1.7574490350825E-15,1.));
#2624=DIRECTION('center_axis',(-1.75744903508251E-15,-1.,2.9995725133918E-31));
#2625=DIRECTION('ref_axis',(-1.,0.,0.));
#2626=DIRECTION('',(1.,0.,0.));
#2627=DIRECTION('center_axis',(-1.,1.75744903508251E-15,5.39030285815812E-15));
#2628=DIRECTION('ref_axis',(5.39030285815812E-15,1.7574490350825E-15,1.));
#2629=DIRECTION('',(1.7574490350825E-15,1.,-1.75744903508251E-15));
#2630=DIRECTION('',(5.39030285815812E-15,1.7574490350825E-15,1.));
#2631=DIRECTION('center_axis',(1.50884062112624E-15,1.,-1.7574490350825E-15));
#2632=DIRECTION('ref_axis',(-1.,1.50884062112625E-15,5.39030285815812E-15));
#2633=DIRECTION('',(1.,-1.50884062112625E-15,-5.48798643149967E-15));
#2634=DIRECTION('',(5.39030285815812E-15,1.7574490350825E-15,1.));
#2635=DIRECTION('center_axis',(1.,-2.14635974309246E-15,-5.39030285815812E-15));
#2636=DIRECTION('ref_axis',(-5.39030285815812E-15,-1.7574490350825E-15,
-1.));
#2637=DIRECTION('',(-2.14635974309245E-15,-1.,4.93489234050169E-16));
#2638=DIRECTION('center_axis',(5.48208762521179E-15,3.14369444752838E-16,
1.));
#2639=DIRECTION('ref_axis',(1.,-1.75744903508251E-15,-5.48208762521179E-15));
#2640=DIRECTION('center_axis',(-1.75744903508251E-15,-1.,2.9995725133918E-31));
#2641=DIRECTION('ref_axis',(-1.,1.75744903508251E-15,9.76835733415522E-17));
#2642=DIRECTION('',(-1.75744903508251E-15,-1.,0.));
#2643=DIRECTION('center_axis',(1.75744903508251E-15,1.,9.45353392902889E-17));
#2644=DIRECTION('ref_axis',(-1.,1.75744903508251E-15,9.76835733415522E-17));
#2645=DIRECTION('',(1.7574490350825E-15,1.,4.37341819631905E-16));
#2646=DIRECTION('center_axis',(1.75744903508251E-15,1.,9.45353392902889E-17));
#2647=DIRECTION('ref_axis',(-1.,0.,-5.82794238648376E-15));
#2648=DIRECTION('',(-1.75727238722331E-15,-1.,0.));
#2649=DIRECTION('center_axis',(-1.75744903508251E-15,-1.,-9.45353392902889E-17));
#2650=DIRECTION('ref_axis',(0.,0.,1.));
#2651=DIRECTION('center_axis',(5.44437579128217E-15,4.4014766008909E-16,
-1.));
#2652=DIRECTION('ref_axis',(-1.,1.66291369579222E-15,-5.44437579128217E-15));
#2653=DIRECTION('',(-1.7574490350825E-15,-1.,-4.40147660089099E-16));
#2654=DIRECTION('',(1.,-1.75744903508251E-15,3.5830379226872E-15));
#2655=DIRECTION('',(2.05182440380216E-15,1.,4.9079689633797E-16));
#2656=DIRECTION('',(1.,-1.50884062112625E-15,5.29261928481657E-15));
#2657=DIRECTION('',(1.66291369579221E-15,1.,1.85198437437279E-15));
#2658=DIRECTION('center_axis',(-1.75744903508251E-15,-1.,-9.45353392902889E-17));
#2659=DIRECTION('ref_axis',(0.,9.45353392902889E-17,-1.));
#2660=DIRECTION('',(5.29261928481657E-15,3.07523785966106E-17,-1.));
#2661=DIRECTION('center_axis',(1.75744903508251E-15,1.,9.45353392902889E-17));
#2662=DIRECTION('ref_axis',(-1.,2.91397119324189E-15,-5.82794238648377E-15));
#2663=DIRECTION('',(1.,-1.82123199577617E-15,0.));
#2664=DIRECTION('center_axis',(1.50884062112625E-15,1.,3.07523785966187E-17));
#2665=DIRECTION('ref_axis',(1.,-1.50884062112625E-15,5.39030285815812E-15));
#2666=DIRECTION('',(-1.,1.50884062112625E-15,-5.29261928481657E-15));
#2667=DIRECTION('',(5.39030285815812E-15,3.07523785966105E-17,-1.));
#2668=DIRECTION('',(5.39030285815812E-15,3.07523785966105E-17,-1.));
#2669=DIRECTION('center_axis',(-1.,1.66291369579222E-15,-5.39030285815812E-15));
#2670=DIRECTION('ref_axis',(-5.39030285815812E-15,-1.85198437437278E-15,
1.));
#2671=DIRECTION('',(-1.66291369579221E-15,-1.,-1.85198437437279E-15));
#2672=DIRECTION('',(5.39030285815812E-15,3.07523785966105E-17,-1.));
#2673=DIRECTION('center_axis',(1.75744903508251E-15,1.,9.45353392902889E-17));
#2674=DIRECTION('ref_axis',(0.,-9.45353392902889E-17,1.));
#2675=DIRECTION('',(1.,0.,0.));
#2676=DIRECTION('center_axis',(1.75744903508251E-15,1.,9.45353392902889E-17));
#2677=DIRECTION('ref_axis',(-1.,0.,-2.91397119324187E-15));
#2678=DIRECTION('center_axis',(-1.63314482810438E-15,-1.,-3.07523785966194E-17));
#2679=DIRECTION('ref_axis',(-1.,1.63314482810438E-15,-5.39030285815812E-15));
#2680=DIRECTION('',(1.,-1.63314482810438E-15,5.29261928481657E-15));
#2681=DIRECTION('',(5.39030285815812E-15,3.07523785966105E-17,-1.));
#2682=DIRECTION('center_axis',(1.,-2.05182440380217E-15,5.39030285815812E-15));
#2683=DIRECTION('ref_axis',(5.39030285815812E-15,1.85198437437278E-15,-1.));
#2684=DIRECTION('',(2.05182440380216E-15,1.,4.9079689633797E-16));
#2685=DIRECTION('center_axis',(5.44740498431935E-15,4.37341819631896E-16,
-1.));
#2686=DIRECTION('ref_axis',(-1.,1.66291369579222E-15,-5.44740498431935E-15));
#2687=DIRECTION('center_axis',(1.75744903508251E-15,1.,9.45353392902889E-17));
#2688=DIRECTION('ref_axis',(-1.,1.75744903508251E-15,9.76835733415522E-17));
#2689=DIRECTION('',(1.75744903508251E-15,1.,0.));
#2690=DIRECTION('center_axis',(-9.76835733415525E-17,-1.77635683940025E-16,
-1.));
#2691=DIRECTION('ref_axis',(-1.,1.75744903508251E-15,9.76835733415522E-17));
#2692=DIRECTION('',(-9.76835733415503E-17,-7.74166596188494E-16,-1.));
#2693=DIRECTION('center_axis',(-9.76835733415525E-17,-1.77635683940025E-16,
-1.));
#2694=DIRECTION('ref_axis',(-1.,1.16558847729674E-14,0.));
#2695=DIRECTION('',(9.88339644377668E-17,0.,1.));
#2696=DIRECTION('center_axis',(9.76835733415525E-17,1.77635683940025E-16,
1.));
#2697=DIRECTION('ref_axis',(1.74838271594515E-14,1.,0.));
#2698=DIRECTION('center_axis',(3.73870910855886E-15,-1.,7.74166596188493E-16));
#2699=DIRECTION('ref_axis',(7.9952110598476E-17,-7.74166596188492E-16,-1.));
#2700=DIRECTION('',(9.76835733415503E-17,7.74166596188493E-16,1.));
#2701=DIRECTION('',(-7.99521105984733E-17,2.75319257281577E-16,1.));
#2702=DIRECTION('',(1.,3.63285382307561E-15,-2.21987780319682E-16));
#2703=DIRECTION('',(-3.16584980639368E-16,-6.71856348519422E-16,-1.));
#2704=DIRECTION('',(1.,3.63285382307561E-15,2.66206336365756E-17));
#2705=DIRECTION('',(7.99521105984733E-17,-2.75319257281577E-16,-1.));
#2706=DIRECTION('center_axis',(2.66206336365766E-17,-2.75319257281577E-16,
-1.));
#2707=DIRECTION('ref_axis',(-5.39030285815812E-15,1.,-2.75319257281577E-16));
#2708=DIRECTION('',(-1.,-3.63285382307561E-15,-2.66206336365756E-17));
#2709=DIRECTION('',(5.39030285815812E-15,-1.,2.75319257281577E-16));
#2710=DIRECTION('',(5.39030285815812E-15,-1.,2.75319257281577E-16));
#2711=DIRECTION('center_axis',(-1.,-5.39030285815812E-15,-7.99521105984718E-17));
#2712=DIRECTION('ref_axis',(7.99521105984733E-17,-2.75319257281577E-16,
-1.));
#2713=DIRECTION('',(-7.99521105984733E-17,2.75319257281577E-16,1.));
#2714=DIRECTION('',(5.39030285815812E-15,-1.,2.75319257281577E-16));
#2715=DIRECTION('center_axis',(-9.76835733415525E-17,-1.77635683940025E-16,
-1.));
#2716=DIRECTION('ref_axis',(-1.,0.,9.76835733415525E-17));
#2717=DIRECTION('center_axis',(-9.76835733415525E-17,-1.77635683940025E-16,
-1.));
#2718=DIRECTION('ref_axis',(-1.,5.82794238648374E-15,0.));
#2719=DIRECTION('center_axis',(9.76835733415525E-17,1.77635683940025E-16,
1.));
#2720=DIRECTION('ref_axis',(1.,0.,-9.76835733415525E-17));
#2721=DIRECTION('',(5.39030285815812E-15,-1.,2.75319257281577E-16));
#2722=DIRECTION('center_axis',(-9.76835733415525E-17,-1.77635683940025E-16,
-1.));
#2723=DIRECTION('ref_axis',(-1.,1.16558847729675E-14,0.));
#2724=DIRECTION('center_axis',(-1.,-5.39030285815812E-15,-7.99521105984718E-17));
#2725=DIRECTION('ref_axis',(7.99521105984733E-17,-2.75319257281577E-16,
-1.));
#2726=DIRECTION('',(-7.99521105984733E-17,2.75319257281577E-16,1.));
#2727=DIRECTION('',(5.39030285815812E-15,-1.,2.75319257281577E-16));
#2728=DIRECTION('center_axis',(2.21987780319681E-16,2.75319257281578E-16,
1.));
#2729=DIRECTION('ref_axis',(5.39030285815812E-15,-1.,2.75319257281577E-16));
#2730=DIRECTION('',(1.,3.63285382307561E-15,-2.21987780319682E-16));
#2731=DIRECTION('',(5.39030285815812E-15,-1.,2.75319257281577E-16));
#2732=DIRECTION('center_axis',(1.,5.39030285815812E-15,-3.16584980639371E-16));
#2733=DIRECTION('ref_axis',(3.1658498063937E-16,2.75319257281579E-16,1.));
#2734=DIRECTION('',(-3.16584980639368E-16,-6.71856348519422E-16,-1.));
#2735=DIRECTION('center_axis',(3.74839872434621E-15,-1.,7.74166596188494E-16));
#2736=DIRECTION('ref_axis',(7.9952110598476E-17,-7.74166596188493E-16,-1.));
#2737=DIRECTION('center_axis',(-9.76835733415525E-17,-1.77635683940025E-16,
-1.));
#2738=DIRECTION('ref_axis',(-1.,1.75744903508251E-15,9.76835733415522E-17));
#2739=DIRECTION('',(-9.76835733415521E-17,0.,-1.));
#2740=DIRECTION('center_axis',(1.,0.,0.));
#2741=DIRECTION('ref_axis',(0.,0.,-1.));
#2742=DIRECTION('',(0.,-1.,0.));
#2743=DIRECTION('',(-1.89167324011783E-16,0.,-1.));
#2744=DIRECTION('',(0.,-1.,0.));
#2745=DIRECTION('',(1.89167324011783E-16,0.,1.));
#2746=DIRECTION('center_axis',(2.6189481753444E-28,1.88104806257915E-28,
1.));
#2747=DIRECTION('ref_axis',(1.,0.,-2.6189481753444E-28));
#2748=DIRECTION('center_axis',(2.6189481753444E-28,1.88104806257915E-28,
1.));
#2749=DIRECTION('ref_axis',(0.,-1.,0.));
#2750=DIRECTION('center_axis',(-2.6189481753444E-28,-1.88104806257915E-28,
-1.));
#2751=DIRECTION('ref_axis',(0.,-1.,0.));
#2752=DIRECTION('center_axis',(-1.77635683940025E-16,0.,-1.));
#2753=DIRECTION('ref_axis',(0.,-1.,0.));
#2754=DIRECTION('',(-9.88339644377668E-17,-1.23259516440783E-31,-1.));
#2755=DIRECTION('center_axis',(6.13400876475682E-29,4.3544440051728E-29,
1.));
#2756=DIRECTION('ref_axis',(0.,-1.,0.));
#2757=DIRECTION('',(1.89167324011783E-16,0.,1.));
#2758=DIRECTION('center_axis',(1.,0.,0.));
#2759=DIRECTION('ref_axis',(0.,0.,-1.));
#2760=DIRECTION('',(0.,-1.,0.));
#2761=DIRECTION('',(1.89167324011783E-16,0.,1.));
#2762=DIRECTION('',(0.,-1.,0.));
#2763=DIRECTION('',(-1.89167324011783E-16,0.,-1.));
#2764=DIRECTION('center_axis',(6.13400876475682E-29,4.3544440051728E-29,
1.));
#2765=DIRECTION('ref_axis',(1.,0.,-6.13400876475682E-29));
#2766=DIRECTION('center_axis',(-6.13400876475682E-29,-4.3544440051728E-29,
-1.));
#2767=DIRECTION('ref_axis',(0.,-1.,0.));
#2768=DIRECTION('center_axis',(1.,-1.75727238722331E-15,-9.88339644377668E-17));
#2769=DIRECTION('ref_axis',(9.88339644377671E-17,1.77635683940025E-16,1.));
#2770=DIRECTION('center_axis',(1.,-1.75744903508251E-15,-9.76835733415522E-17));
#2771=DIRECTION('ref_axis',(9.76835733415524E-17,1.77635683940025E-16,1.));
#2772=DIRECTION('',(9.76835733415521E-17,1.4791141972894E-31,1.));
#2773=DIRECTION('center_axis',(1.,0.,-2.368475785867E-16));
#2774=DIRECTION('ref_axis',(0.,-1.,0.));
#2775=DIRECTION('center_axis',(1.,0.,-2.368475785867E-16));
#2776=DIRECTION('ref_axis',(0.,-1.,2.91397119324188E-15));
#2777=DIRECTION('',(1.,0.,-2.46880814904416E-16));
#2778=DIRECTION('center_axis',(-1.,0.,2.368475785867E-16));
#2779=DIRECTION('ref_axis',(0.,-5.46369598732852E-15,-1.));
#2780=DIRECTION('center_axis',(-1.,-1.89070678580578E-16,2.368475785867E-16));
#2781=DIRECTION('ref_axis',(1.89070678580579E-16,-1.,1.83758917935762E-15));
#2782=DIRECTION('',(-2.368475785867E-16,-1.83758917935762E-15,-1.));
#2783=DIRECTION('center_axis',(-2.368475785867E-16,-1.,1.83758917935762E-15));
#2784=DIRECTION('ref_axis',(1.,-2.368475785867E-16,-2.368475785867E-16));
#2785=DIRECTION('',(-2.368475785867E-16,-1.83758917935762E-15,-1.));
#2786=DIRECTION('center_axis',(-1.,0.,2.368475785867E-16));
#2787=DIRECTION('ref_axis',(2.368475785867E-16,0.,1.));
#2788=DIRECTION('center_axis',(1.,0.,-2.368475785867E-16));
#2789=DIRECTION('ref_axis',(0.,-1.,5.82794238648376E-15));
#2790=DIRECTION('center_axis',(1.,0.,-2.368475785867E-16));
#2791=DIRECTION('ref_axis',(-2.368475785867E-16,0.,-1.));
#2792=DIRECTION('',(-2.368475785867E-16,-1.83758917935762E-15,-1.));
#2793=DIRECTION('center_axis',(1.,0.,-2.368475785867E-16));
#2794=DIRECTION('ref_axis',(0.,-1.,5.82794238648376E-15));
#2795=DIRECTION('center_axis',(-2.368475785867E-16,-1.,1.83758917935762E-15));
#2796=DIRECTION('ref_axis',(1.,-2.368475785867E-16,-2.368475785867E-16));
#2797=DIRECTION('center_axis',(1.,0.,-2.368475785867E-16));
#2798=DIRECTION('ref_axis',(0.,-1.,0.));
#2799=DIRECTION('',(-1.,0.,2.46880814904416E-16));
#2800=DIRECTION('center_axis',(-1.,0.,2.368475785867E-16));
#2801=DIRECTION('ref_axis',(0.,-1.,0.));
#2802=DIRECTION('center_axis',(-1.,0.,2.368475785867E-16));
#2803=DIRECTION('ref_axis',(0.,-1.,-2.91397119324188E-15));
#2804=DIRECTION('',(-1.,0.,2.46880814904416E-16));
#2805=DIRECTION('center_axis',(1.,0.,-2.368475785867E-16));
#2806=DIRECTION('ref_axis',(0.,1.63910879619856E-15,1.));
#2807=DIRECTION('center_axis',(1.,-1.89070678580578E-16,-2.36847578586701E-16));
#2808=DIRECTION('ref_axis',(-1.8907067858058E-16,-1.,-5.39030285815812E-15));
#2809=DIRECTION('',(2.368475785867E-16,-5.39030285815812E-15,1.));
#2810=DIRECTION('center_axis',(2.36847578586699E-16,-1.,-5.39030285815812E-15));
#2811=DIRECTION('ref_axis',(-1.,-2.368475785867E-16,2.36847578586699E-16));
#2812=DIRECTION('',(2.368475785867E-16,-5.39030285815812E-15,1.));
#2813=DIRECTION('center_axis',(1.,0.,-2.368475785867E-16));
#2814=DIRECTION('ref_axis',(-2.368475785867E-16,0.,-1.));
#2815=DIRECTION('center_axis',(-1.,0.,2.368475785867E-16));
#2816=DIRECTION('ref_axis',(0.,-1.,-5.82794238648376E-15));
#2817=DIRECTION('center_axis',(-1.,0.,2.368475785867E-16));
#2818=DIRECTION('ref_axis',(2.368475785867E-16,0.,1.));
#2819=DIRECTION('',(2.368475785867E-16,-5.39030285815812E-15,1.));
#2820=DIRECTION('center_axis',(-1.,0.,2.368475785867E-16));
#2821=DIRECTION('ref_axis',(0.,-1.,-5.82794238648376E-15));
#2822=DIRECTION('center_axis',(2.36847578586699E-16,-1.,-5.39030285815812E-15));
#2823=DIRECTION('ref_axis',(-1.,-2.368475785867E-16,2.36847578586699E-16));
#2824=DIRECTION('center_axis',(-1.,0.,2.368475785867E-16));
#2825=DIRECTION('ref_axis',(0.,-1.,0.));
#2826=DIRECTION('',(1.,0.,-2.46880814904416E-16));
#2827=DIRECTION('center_axis',(-1.77635683940025E-16,0.,-1.));
#2828=DIRECTION('ref_axis',(0.,-1.,0.));
#2829=DIRECTION('',(-1.89167324011783E-16,0.,-1.));
#2830=DIRECTION('center_axis',(0.,0.,1.));
#2831=DIRECTION('ref_axis',(0.,-1.,0.));
#2832=DIRECTION('',(0.,0.,1.));
#2833=DIRECTION('center_axis',(-1.,5.37156154724569E-15,5.30949736714468E-19));
#2834=DIRECTION('ref_axis',(5.30949736714468E-19,-2.8619798833503E-33,1.));
#2835=DIRECTION('center_axis',(0.,1.,0.));
#2836=DIRECTION('ref_axis',(0.,0.,1.));
#2837=DIRECTION('center_axis',(0.,1.,0.));
#2838=DIRECTION('ref_axis',(0.,0.,1.));
#2839=DIRECTION('center_axis',(0.,0.,1.));
#2840=DIRECTION('ref_axis',(1.,0.,0.));
#2841=DIRECTION('',(-1.,-2.45014736469E-16,0.));
#2842=DIRECTION('center_axis',(0.,0.,1.));
#2843=DIRECTION('ref_axis',(3.5527136788005E-15,-1.,0.));
#2844=DIRECTION('',(-1.85639685539716E-15,-1.,0.));
#2845=DIRECTION('',(-1.,4.44089209850056E-15,0.));
#2846=DIRECTION('',(0.,1.,0.));
#2847=DIRECTION('center_axis',(0.,0.,-1.));
#2848=DIRECTION('ref_axis',(-3.22973970800043E-15,1.,0.));
#2849=DIRECTION('',(1.,-1.225073682345E-16,0.));
#2850=DIRECTION('center_axis',(0.,0.,-1.));
#2851=DIRECTION('ref_axis',(1.,0.,0.));
#2852=DIRECTION('',(1.8806979623515E-16,-1.,0.));
#2853=DIRECTION('',(-1.,2.22044604925036E-15,0.));
#2854=DIRECTION('',(-9.40348981175751E-17,1.,0.));
#2855=DIRECTION('center_axis',(0.,0.,1.));
#2856=DIRECTION('ref_axis',(-1.,0.,0.));
#2857=DIRECTION('center_axis',(0.,0.,1.));
#2858=DIRECTION('ref_axis',(3.5527136788005E-15,-1.,0.));
#2859=DIRECTION('',(0.,0.,-1.));
#2860=DIRECTION('center_axis',(0.,0.,-1.));
#2861=DIRECTION('ref_axis',(3.5527136788005E-15,-1.,0.));
#2862=DIRECTION('',(0.,0.,1.));
#2863=DIRECTION('center_axis',(1.,-1.85639685539716E-15,0.));
#2864=DIRECTION('ref_axis',(1.85639685539716E-15,1.,0.));
#2865=DIRECTION('',(1.85639685539716E-15,1.,0.));
#2866=DIRECTION('',(0.,0.,1.));
#2867=DIRECTION('center_axis',(-4.44089209850056E-15,-1.,0.));
#2868=DIRECTION('ref_axis',(1.,-4.44089209850056E-15,0.));
#2869=DIRECTION('',(1.,-4.44089209850056E-15,0.));
#2870=DIRECTION('',(0.,0.,1.));
#2871=DIRECTION('center_axis',(-1.,0.,0.));
#2872=DIRECTION('ref_axis',(0.,-1.,0.));
#2873=DIRECTION('',(0.,-1.,0.));
#2874=DIRECTION('',(0.,0.,1.));
#2875=DIRECTION('center_axis',(0.,0.,1.));
#2876=DIRECTION('ref_axis',(-3.22973970800043E-15,1.,0.));
#2877=DIRECTION('center_axis',(0.,0.,1.));
#2878=DIRECTION('ref_axis',(-3.22973970800043E-15,1.,0.));
#2879=DIRECTION('',(0.,0.,1.));
#2880=DIRECTION('center_axis',(1.225073682345E-16,1.,0.));
#2881=DIRECTION('ref_axis',(-1.,1.225073682345E-16,0.));
#2882=DIRECTION('',(-1.,1.225073682345E-16,0.));
#2883=DIRECTION('',(0.,0.,1.));
#2884=DIRECTION('center_axis',(0.,0.,1.));
#2885=DIRECTION('ref_axis',(1.,0.,0.));
#2886=DIRECTION('center_axis',(0.,0.,1.));
#2887=DIRECTION('ref_axis',(1.,0.,0.));
#2888=DIRECTION('',(0.,0.,1.));
#2889=DIRECTION('center_axis',(1.,1.8806979623515E-16,0.));
#2890=DIRECTION('ref_axis',(-1.8806979623515E-16,1.,0.));
#2891=DIRECTION('',(-1.8806979623515E-16,1.,0.));
#2892=DIRECTION('',(0.,0.,1.));
#2893=DIRECTION('center_axis',(-2.22044604925036E-15,-1.,0.));
#2894=DIRECTION('ref_axis',(1.,-2.22044604925036E-15,0.));
#2895=DIRECTION('',(1.,-2.22044604925036E-15,0.));
#2896=DIRECTION('',(0.,0.,1.));
#2897=DIRECTION('center_axis',(-1.,-9.40348981175751E-17,0.));
#2898=DIRECTION('ref_axis',(9.40348981175751E-17,-1.,0.));
#2899=DIRECTION('',(9.40348981175751E-17,-1.,0.));
#2900=DIRECTION('',(0.,0.,1.));
#2901=DIRECTION('center_axis',(0.,0.,1.));
#2902=DIRECTION('ref_axis',(-1.,0.,0.));
#2903=DIRECTION('center_axis',(0.,0.,-1.));
#2904=DIRECTION('ref_axis',(-1.,0.,0.));
#2905=DIRECTION('',(0.,0.,1.));
#2906=DIRECTION('center_axis',(2.45014736469E-16,-1.,0.));
#2907=DIRECTION('ref_axis',(1.,2.45014736469E-16,0.));
#2908=DIRECTION('',(1.,2.45014736469E-16,0.));
#2909=DIRECTION('center_axis',(0.,0.,1.));
#2910=DIRECTION('ref_axis',(1.,0.,0.));
#2911=CARTESIAN_POINT('',(0.,0.,0.));
#2912=CARTESIAN_POINT('Origin',(1.02490205904023E-15,193.904,-93.9040000000004));
#2913=CARTESIAN_POINT('',(-144.796738530943,196.952,-93.9040000000004));
#2914=CARTESIAN_POINT('',(144.796738530943,196.952,-93.9040000000004));
#2915=CARTESIAN_POINT('',(-2.4641646876343E-15,196.952,-93.9040000000004));
#2916=CARTESIAN_POINT('',(-144.796738530943,193.904,-96.9520000000003));
#2917=CARTESIAN_POINT('Origin',(-144.796738530943,193.904,-93.9040000000003));
#2918=CARTESIAN_POINT('',(144.796738530943,193.904,-96.9520000000004));
#2919=CARTESIAN_POINT('',(72.3983692654717,193.904,-96.9520000000004));
#2920=CARTESIAN_POINT('Origin',(144.796738530943,193.904,-93.9040000000004));
#2921=CARTESIAN_POINT('Origin',(144.796738530943,200.,-93.9040000000004));
#2922=CARTESIAN_POINT('',(144.796738530943,200.,-93.9040000000004));
#2923=CARTESIAN_POINT('',(144.796738530943,199.14656,-93.9040000000004));
#2924=CARTESIAN_POINT('',(144.796738530943,200.,-1.00000000000041));
#2925=CARTESIAN_POINT('',(144.796738530943,200.,-100.798413573862));
#2926=CARTESIAN_POINT('',(144.796738530943,196.952,-1.00000000000041));
#2927=CARTESIAN_POINT('',(144.796738530943,200.,-1.00000000000041));
#2928=CARTESIAN_POINT('',(144.796738530943,196.952,-100.798413573862));
#2929=CARTESIAN_POINT('Origin',(2.95654048136341E-15,200.,-50.8992067869314));
#2930=CARTESIAN_POINT('',(-144.796738530943,200.,-93.9040000000004));
#2931=CARTESIAN_POINT('',(-2.81668304430765E-15,200.,-93.9040000000004));
#2932=CARTESIAN_POINT('',(-144.796738530943,200.,-1.00000000000033));
#2933=CARTESIAN_POINT('',(-144.796738530943,200.,-100.798413573862));
#2934=CARTESIAN_POINT('',(-144.796738530943,200.,-1.00000000000033));
#2935=CARTESIAN_POINT('Origin',(-144.796738530943,200.,-93.9040000000003));
#2936=CARTESIAN_POINT('',(-144.796738530943,199.14656,-93.9040000000004));
#2937=CARTESIAN_POINT('',(-144.796738530943,193.904,-100.));
#2938=CARTESIAN_POINT('Origin',(-144.796738530943,193.904,-93.9040000000003));
#2939=CARTESIAN_POINT('',(-144.796738530943,193.904,-98.4760000000003));
#2940=CARTESIAN_POINT('Origin',(144.796738530943,196.952,-93.9040000000004));
#2941=CARTESIAN_POINT('',(144.796738530943,193.904,-100.));
#2942=CARTESIAN_POINT('',(144.796738530943,193.904,-98.4760000000002));
#2943=CARTESIAN_POINT('Origin',(144.796738530943,193.904,-93.9040000000004));
#2944=CARTESIAN_POINT('Origin',(-144.796738530943,200.,-93.9040000000004));
#2945=CARTESIAN_POINT('',(-144.796738530943,196.952,-1.00000000000033));
#2946=CARTESIAN_POINT('',(-144.796738530943,196.952,-93.9040000000004));
#2947=CARTESIAN_POINT('',(-144.796738530943,200.,-1.00000000000033));
#2948=CARTESIAN_POINT('Origin',(-144.796738530943,200.,-1.00000000000033));
#2949=CARTESIAN_POINT('',(-144.796738530943,196.952,-1.00000000000033));
#2950=CARTESIAN_POINT('Origin',(4.49119082995773E-15,196.952,-50.8992067869314));
#2951=CARTESIAN_POINT('Origin',(1.02490205904023E-15,193.904,-93.9040000000004));
#2952=CARTESIAN_POINT('',(72.3983692654717,193.904,-100.));
#2953=CARTESIAN_POINT('Origin',(-9.45829174933139E-15,96.6134996781535,
-100.));
#2954=CARTESIAN_POINT('',(144.796738530943,6.09599999999997,-100.));
#2955=CARTESIAN_POINT('',(144.796738530943,6.09599999999997,-100.));
#2956=CARTESIAN_POINT('',(143.904,6.09599999999997,-100.));
#2957=CARTESIAN_POINT('',(143.904,6.09599999999997,-100.));
#2958=CARTESIAN_POINT('',(-143.904,6.09599999999999,-100.));
#2959=CARTESIAN_POINT('',(-5.44820860820895E-15,6.09599999999997,-100.));
#2960=CARTESIAN_POINT('',(-144.796738530944,6.09599999999999,-100.));
#2961=CARTESIAN_POINT('',(-143.904,6.09599999999999,-100.));
#2962=CARTESIAN_POINT('',(-144.796738530943,6.09599999999999,-100.));
#2963=CARTESIAN_POINT('Origin',(144.796738530943,6.09599999999997,-96.952));
#2964=CARTESIAN_POINT('',(144.796738530943,6.09599999999997,-96.952));
#2965=CARTESIAN_POINT('',(144.796738530943,6.09599999999997,-96.952));
#2966=CARTESIAN_POINT('',(144.796738530943,6.09599999999997,-96.952));
#2967=CARTESIAN_POINT('Origin',(-8.73638032979912E-15,96.6134996781535,
-96.9520000000002));
#2968=CARTESIAN_POINT('',(-144.796738530944,6.09599999999999,-96.952));
#2969=CARTESIAN_POINT('',(-144.796738530943,6.09599999999999,-96.952));
#2970=CARTESIAN_POINT('',(-143.904,6.09599999999999,-96.952));
#2971=CARTESIAN_POINT('',(-143.904,6.09599999999999,-96.952));
#2972=CARTESIAN_POINT('',(143.904,6.09599999999997,-96.952));
#2973=CARTESIAN_POINT('',(-4.73091946042937E-15,6.096,-96.952));
#2974=CARTESIAN_POINT('',(143.904,6.09599999999997,-96.952));
#2975=CARTESIAN_POINT('Origin',(1.67315992854267E-14,193.904,93.904000000001));
#2976=CARTESIAN_POINT('',(144.796738530943,196.952,93.904000000001));
#2977=CARTESIAN_POINT('',(-144.796738530943,196.952,93.904000000001));
#2978=CARTESIAN_POINT('',(1.9499579176376E-14,196.952,93.904000000001));
#2979=CARTESIAN_POINT('',(144.796738530943,193.904,96.9520000000009));
#2980=CARTESIAN_POINT('Origin',(144.796738530943,193.904,93.9040000000009));
#2981=CARTESIAN_POINT('',(-144.796738530943,193.904,96.952000000001));
#2982=CARTESIAN_POINT('',(-72.3983692654717,193.904,96.952000000001));
#2983=CARTESIAN_POINT('Origin',(-144.796738530943,193.904,93.904000000001));
#2984=CARTESIAN_POINT('Origin',(-144.796738530943,200.,93.904000000001));
#2985=CARTESIAN_POINT('',(-144.796738530943,200.,93.904000000001));
#2986=CARTESIAN_POINT('',(-144.796738530943,199.14656,93.904000000001));
#2987=CARTESIAN_POINT('',(-144.796738530943,200.000000000001,1.00000000000101));
#2988=CARTESIAN_POINT('',(-144.796738530943,200.,100.798413573863));
#2989=CARTESIAN_POINT('',(-144.796738530943,196.952000000001,1.00000000000101));
#2990=CARTESIAN_POINT('',(-144.796738530943,200.000000000001,1.00000000000101));
#2991=CARTESIAN_POINT('',(-144.796738530943,196.952,100.798413573863));
#2992=CARTESIAN_POINT('Origin',(1.12199336247665E-14,200.000000000001,50.899206786932));
#2993=CARTESIAN_POINT('',(144.796738530943,200.,93.904000000001));
#2994=CARTESIAN_POINT('',(1.85436116119625E-14,200.,93.904000000001));
#2995=CARTESIAN_POINT('',(144.796738530943,200.000000000001,1.00000000000097));
#2996=CARTESIAN_POINT('',(144.796738530943,200.,100.798413573863));
#2997=CARTESIAN_POINT('',(144.796738530943,200.000000000001,1.00000000000097));
#2998=CARTESIAN_POINT('Origin',(144.796738530943,200.,93.904000000001));
#2999=CARTESIAN_POINT('',(144.796738530943,199.14656,93.904000000001));
#3000=CARTESIAN_POINT('',(144.796738530943,193.904,100.000000000001));
#3001=CARTESIAN_POINT('Origin',(144.796738530943,193.904,93.9040000000009));
#3002=CARTESIAN_POINT('',(144.796738530943,193.904,98.4760000000009));
#3003=CARTESIAN_POINT('Origin',(-144.796738530943,196.952,93.904000000001));
#3004=CARTESIAN_POINT('',(-144.796738530943,193.904,100.000000000001));
#3005=CARTESIAN_POINT('',(-144.796738530943,193.904,98.4760000000005));
#3006=CARTESIAN_POINT('Origin',(-144.796738530943,193.904,93.904000000001));
#3007=CARTESIAN_POINT('Origin',(144.796738530943,200.,93.904000000001));
#3008=CARTESIAN_POINT('',(144.796738530943,196.952000000001,1.00000000000097));
#3009=CARTESIAN_POINT('',(144.796738530943,196.952,93.904000000001));
#3010=CARTESIAN_POINT('',(144.796738530943,200.000000000001,1.00000000000097));
#3011=CARTESIAN_POINT('Origin',(144.796738530943,200.000000000001,1.00000000000097));
#3012=CARTESIAN_POINT('',(144.796738530943,196.952000000001,1.00000000000097));
#3013=CARTESIAN_POINT('Origin',(1.22845636286493E-14,196.952000000001,50.899206786932));
#3014=CARTESIAN_POINT('Origin',(1.67315992854267E-14,193.904,93.904000000001));
#3015=CARTESIAN_POINT('',(-72.3983692654717,193.904,100.000000000001));
#3016=CARTESIAN_POINT('Origin',(3.61036443403352E-14,96.6134996781536,100.));
#3017=CARTESIAN_POINT('',(-144.796738530943,6.09599999999999,100.));
#3018=CARTESIAN_POINT('',(-144.796738530943,6.09599999999999,100.));
#3019=CARTESIAN_POINT('',(-143.904,6.09599999999999,100.));
#3020=CARTESIAN_POINT('',(-143.904,6.09599999999999,100.));
#3021=CARTESIAN_POINT('',(143.904,6.096,100.));
#3022=CARTESIAN_POINT('',(2.76540432492329E-14,6.09599999999997,100.));
#3023=CARTESIAN_POINT('',(144.796738530944,6.096,100.));
#3024=CARTESIAN_POINT('',(143.904,6.096,100.));
#3025=CARTESIAN_POINT('',(144.796738530943,6.096,100.));
#3026=CARTESIAN_POINT('Origin',(-144.796738530943,6.096,96.952));
#3027=CARTESIAN_POINT('',(-144.796738530943,6.096,96.952));
#3028=CARTESIAN_POINT('',(-144.796738530943,6.096,96.952));
#3029=CARTESIAN_POINT('',(-144.796738530943,6.096,96.952));
#3030=CARTESIAN_POINT('Origin',(3.53817329208029E-14,96.6134996781536,96.9520000000005));
#3031=CARTESIAN_POINT('',(144.796738530944,6.09600000000002,96.952));
#3032=CARTESIAN_POINT('',(144.796738530943,6.09600000000002,96.952));
#3033=CARTESIAN_POINT('',(143.904,6.09600000000002,96.952));
#3034=CARTESIAN_POINT('',(143.904,6.09600000000002,96.952));
#3035=CARTESIAN_POINT('',(-143.904,6.096,96.952));
#3036=CARTESIAN_POINT('',(2.69342228202234E-14,6.09599999999999,96.952));
#3037=CARTESIAN_POINT('',(-143.904,6.096,96.952));
#3038=CARTESIAN_POINT('Origin',(143.904,97.0000000000001,-88.7007385309436));
#3039=CARTESIAN_POINT('',(143.904,6.09599999999998,-91.7487385309435));
#3040=CARTESIAN_POINT('',(143.904000000001,187.904,-91.7487385309436));
#3041=CARTESIAN_POINT('',(143.904,97.2185568700734,-91.7487385309436));
#3042=CARTESIAN_POINT('',(146.952,6.09599999999995,-88.7007385309435));
#3043=CARTESIAN_POINT('Origin',(143.904,6.09599999999999,-88.7007385309436));
#3044=CARTESIAN_POINT('',(146.952000000001,187.904,-88.7007385309435));
#3045=CARTESIAN_POINT('',(146.952000000001,142.260402639955,-88.7007385309435));
#3046=CARTESIAN_POINT('Origin',(143.904000000001,187.904,-88.7007385309436));
#3047=CARTESIAN_POINT('Origin',(75.8899512616066,97.4371137401472,-94.7967385309435));
#3048=CARTESIAN_POINT('',(143.904000000001,187.904,-94.7967385309436));
#3049=CARTESIAN_POINT('',(143.904,6.09599999999998,-94.7967385309435));
#3050=CARTESIAN_POINT('',(143.904,97.2185568700735,-94.7967385309436));
#3051=CARTESIAN_POINT('',(1.00000000000012,6.09600000000073,-94.7967385309433));
#3052=CARTESIAN_POINT('',(157.692827147724,6.0959999999999,-94.7967385309437));
#3053=CARTESIAN_POINT('',(1.00000000000101,188.796738530944,-94.7967385309434));
#3054=CARTESIAN_POINT('',(1.00000000000012,6.09600000000073,-94.7967385309433));
#3055=CARTESIAN_POINT('',(143.904000000001,188.796738530943,-94.7967385309436));
#3056=CARTESIAN_POINT('',(143.904000000001,188.796738530943,-94.7967385309436));
#3057=CARTESIAN_POINT('',(143.904000000001,187.904,-94.7967385309436));
#3058=CARTESIAN_POINT('Origin',(143.904,6.09599999999997,-94.7967385309435));
#3059=CARTESIAN_POINT('',(143.904,6.09599999999998,-93.9432985309435));
#3060=CARTESIAN_POINT('',(150.,6.09599999999993,-88.7007385309435));
#3061=CARTESIAN_POINT('Origin',(143.904,6.09599999999997,-88.7007385309436));
#3062=CARTESIAN_POINT('',(150.,6.09599999999993,-88.7007385309435));
#3063=CARTESIAN_POINT('Origin',(1.00000000000101,188.796738530944,-94.7967385309434));
#3064=CARTESIAN_POINT('',(1.00000000000101,188.796738530944,-91.7487385309434));
#3065=CARTESIAN_POINT('',(143.904000000001,188.796738530943,-91.7487385309437));
#3066=CARTESIAN_POINT('',(143.904000000001,188.796738530943,-91.7487385309436));
#3067=CARTESIAN_POINT('',(143.904000000001,188.796738530943,-94.7967385309436));
#3068=CARTESIAN_POINT('',(1.00000000000101,188.796738530944,-94.7967385309434));
#3069=CARTESIAN_POINT('Origin',(143.904000000001,188.796738530943,-94.7967385309436));
#3070=CARTESIAN_POINT('',(143.904000000001,187.904,-91.7487385309436));
#3071=CARTESIAN_POINT('',(143.904000000001,187.904,-94.7967385309436));
#3072=CARTESIAN_POINT('Origin',(143.904000000001,187.904,-91.7487385309436));
#3073=CARTESIAN_POINT('',(150.000000000001,187.904,-88.7007385309435));
#3074=CARTESIAN_POINT('',(150.000000000001,187.904,-88.7007385309435));
#3075=CARTESIAN_POINT('Origin',(143.904000000001,187.904,-88.7007385309436));
#3076=CARTESIAN_POINT('Origin',(143.904,6.09599999999998,-94.7967385309435));
#3077=CARTESIAN_POINT('',(1.00000000000012,6.09600000000073,-91.7487385309433));
#3078=CARTESIAN_POINT('',(143.904,6.09599999999998,-91.7487385309435));
#3079=CARTESIAN_POINT('',(1.00000000000012,6.09600000000073,-94.7967385309433));
#3080=CARTESIAN_POINT('Origin',(1.00000000000012,6.09600000000073,-94.7967385309433));
#3081=CARTESIAN_POINT('',(1.00000000000012,6.09600000000073,-91.7487385309433));
#3082=CARTESIAN_POINT('Origin',(75.8899512616066,97.4371137401472,-91.7487385309435));
#3083=CARTESIAN_POINT('Origin',(143.904,97.0000000000001,-88.7007385309436));
#3084=CARTESIAN_POINT('',(150.000000000001,142.260402639955,-88.7007385309435));
#3085=CARTESIAN_POINT('Origin',(143.904000000001,187.904,-2.33040210840817E-18));
#3086=CARTESIAN_POINT('',(143.904000000001,190.952,-88.7007385309436));
#3087=CARTESIAN_POINT('',(143.904000000001,190.952,88.7007385309436));
#3088=CARTESIAN_POINT('',(143.904000000001,190.952,-2.82913658604659E-14));
#3089=CARTESIAN_POINT('Origin',(143.904000000001,187.904,-88.7007385309436));
#3090=CARTESIAN_POINT('',(146.952000000001,187.904,88.7007385309434));
#3091=CARTESIAN_POINT('',(146.952000000001,187.904,44.3503692654717));
#3092=CARTESIAN_POINT('Origin',(143.904000000001,187.904,88.7007385309436));
#3093=CARTESIAN_POINT('Origin',(75.8804980258441,194.000000000001,-5.41829038115854E-14));
#3094=CARTESIAN_POINT('',(143.904000000001,194.,88.7007385309436));
#3095=CARTESIAN_POINT('',(143.904000000001,194.,-88.7007385309436));
#3096=CARTESIAN_POINT('',(143.904000000001,194.,-2.80801802374326E-14));
#3097=CARTESIAN_POINT('',(143.904000000001,194.,-89.5934770618868));
#3098=CARTESIAN_POINT('',(143.904000000001,194.,-88.7007385309436));
#3099=CARTESIAN_POINT('',(1.00000000000115,194.000000000001,-89.5934770618869));
#3100=CARTESIAN_POINT('',(143.904000000001,194.,-89.5934770618869));
#3101=CARTESIAN_POINT('',(1.00000000000108,194.000000000001,89.5934770618868));
#3102=CARTESIAN_POINT('',(1.00000000000115,194.000000000001,-89.5934770618869));
#3103=CARTESIAN_POINT('',(143.904000000001,194.,89.5934770618867));
#3104=CARTESIAN_POINT('',(143.904000000001,194.,89.5934770618869));
#3105=CARTESIAN_POINT('',(143.904000000001,194.,88.7007385309436));
#3106=CARTESIAN_POINT('Origin',(1.00000000000108,194.000000000001,89.5934770618868));
#3107=CARTESIAN_POINT('',(1.00000000000108,190.952000000001,89.5934770618868));
#3108=CARTESIAN_POINT('',(143.904000000001,190.952,89.5934770618867));
#3109=CARTESIAN_POINT('',(143.904000000001,190.952,89.5934770618869));
#3110=CARTESIAN_POINT('',(143.904000000001,194.,89.5934770618867));
#3111=CARTESIAN_POINT('',(1.00000000000108,194.000000000001,89.5934770618868));
#3112=CARTESIAN_POINT('Origin',(143.904000000001,194.,89.5934770618867));
#3113=CARTESIAN_POINT('',(143.904000000001,190.952,88.7007385309436));
#3114=CARTESIAN_POINT('',(143.904000000001,194.,88.7007385309436));
#3115=CARTESIAN_POINT('Origin',(143.904000000001,190.952,88.7007385309436));
#3116=CARTESIAN_POINT('',(150.000000000001,187.904,88.7007385309434));
#3117=CARTESIAN_POINT('',(150.000000000001,187.904,88.7007385309434));
#3118=CARTESIAN_POINT('Origin',(143.904000000001,187.904,88.7007385309436));
#3119=CARTESIAN_POINT('Origin',(146.952000000001,187.904,-88.7007385309436));
#3120=CARTESIAN_POINT('',(143.904000000001,194.,-88.7007385309436));
#3121=CARTESIAN_POINT('Origin',(143.904000000001,187.904,-88.7007385309436));
#3122=CARTESIAN_POINT('Origin',(143.904000000001,194.,-88.7007385309436));
#3123=CARTESIAN_POINT('',(143.904000000001,190.952,-89.5934770618868));
#3124=CARTESIAN_POINT('',(143.904000000001,190.952,-88.7007385309436));
#3125=CARTESIAN_POINT('',(143.904000000001,194.,-89.5934770618868));
#3126=CARTESIAN_POINT('Origin',(143.904000000001,194.,-89.5934770618868));
#3127=CARTESIAN_POINT('',(1.00000000000115,190.952000000001,-89.5934770618869));
#3128=CARTESIAN_POINT('',(143.904000000001,190.952,-89.5934770618869));
#3129=CARTESIAN_POINT('',(1.00000000000115,194.000000000001,-89.5934770618869));
#3130=CARTESIAN_POINT('Origin',(1.00000000000115,194.000000000001,-89.5934770618869));
#3131=CARTESIAN_POINT('',(1.00000000000115,190.952000000001,-89.5934770618869));
#3132=CARTESIAN_POINT('Origin',(75.8804980258441,190.952000000001,-5.52594273222444E-14));
#3133=CARTESIAN_POINT('Origin',(143.904000000001,187.904,-2.33040210840817E-18));
#3134=CARTESIAN_POINT('',(150.000000000001,187.904,44.3503692654717));
#3135=CARTESIAN_POINT('Origin',(143.904,97.,88.7007385309434));
#3136=CARTESIAN_POINT('',(143.904000000001,187.904,91.7487385309435));
#3137=CARTESIAN_POINT('',(143.904,6.09599999999998,91.7487385309434));
#3138=CARTESIAN_POINT('',(143.904,97.2185568700734,91.7487385309435));
#3139=CARTESIAN_POINT('Origin',(143.904000000001,187.904,88.7007385309434));
#3140=CARTESIAN_POINT('',(146.952,6.09599999999993,88.7007385309434));
#3141=CARTESIAN_POINT('',(146.952,51.3564026399545,88.7007385309434));
#3142=CARTESIAN_POINT('Origin',(143.904,6.09599999999997,88.7007385309434));
#3143=CARTESIAN_POINT('Origin',(143.904,6.09599999999999,94.7967385309434));
#3144=CARTESIAN_POINT('',(143.904,6.09599999999999,94.7967385309434));
#3145=CARTESIAN_POINT('',(143.904,6.09599999999999,93.9432985309436));
#3146=CARTESIAN_POINT('',(0.999999999999908,6.0960000000008,94.7967385309431));
#3147=CARTESIAN_POINT('',(157.692827147724,6.09599999999992,94.7967385309435));
#3148=CARTESIAN_POINT('',(0.999999999999908,6.09600000000079,91.7487385309432));
#3149=CARTESIAN_POINT('',(0.999999999999908,6.0960000000008,94.7967385309431));
#3150=CARTESIAN_POINT('',(157.692827147724,6.0959999999999,91.7487385309435));
#3151=CARTESIAN_POINT('Origin',(75.8899512616065,97.4371137401472,94.7967385309433));
#3152=CARTESIAN_POINT('',(143.904000000001,187.904,94.7967385309435));
#3153=CARTESIAN_POINT('',(143.904,97.2185568700735,94.7967385309434));
#3154=CARTESIAN_POINT('',(143.904000000001,188.796738530943,94.7967385309435));
#3155=CARTESIAN_POINT('',(143.904000000001,187.904,94.7967385309435));
#3156=CARTESIAN_POINT('',(1.00000000000097,188.796738530944,94.7967385309432));
#3157=CARTESIAN_POINT('',(143.904000000001,188.796738530943,94.7967385309435));
#3158=CARTESIAN_POINT('',(1.00000000000097,188.796738530944,94.7967385309432));
#3159=CARTESIAN_POINT('Origin',(143.904,6.09599999999997,91.7487385309434));
#3160=CARTESIAN_POINT('',(150.,6.09599999999993,88.7007385309434));
#3161=CARTESIAN_POINT('',(150.,6.09599999999993,88.7007385309434));
#3162=CARTESIAN_POINT('Origin',(143.904,6.09599999999999,88.7007385309434));
#3163=CARTESIAN_POINT('Origin',(146.952000000001,187.904,88.7007385309434));
#3164=CARTESIAN_POINT('',(143.904000000001,187.904,94.7967385309435));
#3165=CARTESIAN_POINT('Origin',(143.904000000001,187.904,88.7007385309434));
#3166=CARTESIAN_POINT('Origin',(143.904000000001,187.904,94.7967385309435));
#3167=CARTESIAN_POINT('',(143.904000000001,188.796738530943,91.7487385309435));
#3168=CARTESIAN_POINT('',(143.904000000001,187.904,91.7487385309435));
#3169=CARTESIAN_POINT('',(143.904000000001,188.796738530943,94.7967385309435));
#3170=CARTESIAN_POINT('Origin',(143.904000000001,188.796738530943,94.7967385309435));
#3171=CARTESIAN_POINT('',(1.00000000000097,188.796738530944,91.7487385309433));
#3172=CARTESIAN_POINT('',(143.904000000001,188.796738530943,91.7487385309435));
#3173=CARTESIAN_POINT('',(1.00000000000097,188.796738530944,94.7967385309432));
#3174=CARTESIAN_POINT('Origin',(1.00000000000097,188.796738530944,94.7967385309432));
#3175=CARTESIAN_POINT('',(1.00000000000097,188.796738530944,91.7487385309432));
#3176=CARTESIAN_POINT('Origin',(75.8899512616065,97.4371137401472,91.7487385309433));
#3177=CARTESIAN_POINT('Origin',(143.904,97.,88.7007385309434));
#3178=CARTESIAN_POINT('',(150.,51.3564026399545,88.7007385309434));
#3179=CARTESIAN_POINT('Origin',(143.904,3.048,-88.7007385309435));
#3180=CARTESIAN_POINT('',(143.904,3.048,-93.904));
#3181=CARTESIAN_POINT('',(143.904,5.55111512312578E-16,-93.904));
#3182=CARTESIAN_POINT('',(143.904,3.048,-93.904));
#3183=CARTESIAN_POINT('',(143.904,3.048,-88.7007385309435));
#3184=CARTESIAN_POINT('',(143.904,3.048,-46.952));
#3185=CARTESIAN_POINT('',(143.904,0.,-88.7007385309435));
#3186=CARTESIAN_POINT('',(143.904,3.048,-88.7007385309435));
#3187=CARTESIAN_POINT('',(143.904,0.,-46.952));
#3188=CARTESIAN_POINT('Origin',(146.807017089431,3.19298291056945,-88.7007385309435));
#3189=CARTESIAN_POINT('Origin',(143.904,6.096,-88.7007385309435));
#3190=CARTESIAN_POINT('Origin',(143.904,6.096,-88.7007385309435));
#3191=CARTESIAN_POINT('Origin',(143.904,0.,88.7007385309434));
#3192=CARTESIAN_POINT('',(143.904,3.048,93.904));
#3193=CARTESIAN_POINT('',(143.904,5.55111512312578E-16,93.904));
#3194=CARTESIAN_POINT('',(143.904,3.048,93.904));
#3195=CARTESIAN_POINT('',(143.904,0.,88.7007385309434));
#3196=CARTESIAN_POINT('',(143.904,0.,-46.952));
#3197=CARTESIAN_POINT('',(143.904,3.048,88.7007385309434));
#3198=CARTESIAN_POINT('',(143.904,3.048,88.7007385309434));
#3199=CARTESIAN_POINT('',(143.904,3.048,-46.952));
#3200=CARTESIAN_POINT('Origin',(146.807017089431,3.19298291056945,88.7007385309434));
#3201=CARTESIAN_POINT('Origin',(143.904,6.096,88.7007385309434));
#3202=CARTESIAN_POINT('Origin',(143.904,6.096,88.7007385309434));
#3203=CARTESIAN_POINT('Origin',(143.904,6.096,-1.77635683940025E-14));
#3204=CARTESIAN_POINT('',(143.904,3.048,-46.952));
#3205=CARTESIAN_POINT('',(146.952,6.09599999999995,-8.8814281633458E-15));
#3206=CARTESIAN_POINT('Origin',(150.,96.6168052799091,4.44089209850063E-15));
#3207=CARTESIAN_POINT('',(150.,6.09599999999993,-6.66088501400764E-15));
#3208=CARTESIAN_POINT('Origin',(-143.904,97.,-88.7007385309434));
#3209=CARTESIAN_POINT('',(-143.904,187.904,-91.7487385309434));
#3210=CARTESIAN_POINT('',(-143.904,6.09600000000002,-91.7487385309434));
#3211=CARTESIAN_POINT('',(-143.904,97.2185568700734,-91.7487385309434));
#3212=CARTESIAN_POINT('',(-146.952,187.904,-88.7007385309434));
#3213=CARTESIAN_POINT('Origin',(-143.904,187.904,-88.7007385309434));
#3214=CARTESIAN_POINT('',(-146.952,6.09599999999997,-88.7007385309434));
#3215=CARTESIAN_POINT('',(-146.952,51.3564026399546,-88.7007385309434));
#3216=CARTESIAN_POINT('Origin',(-143.904,6.09600000000004,-88.7007385309434));
#3217=CARTESIAN_POINT('Origin',(-143.904,6.09600000000002,-94.7967385309433));
#3218=CARTESIAN_POINT('',(-143.904,6.09600000000002,-94.7967385309434));
#3219=CARTESIAN_POINT('',(-143.904,6.09600000000002,-93.9432985309433));
#3220=CARTESIAN_POINT('',(-0.999999999999908,6.0959999999998,-94.7967385309441));
#3221=CARTESIAN_POINT('',(-157.692827147724,6.09600000000004,-94.7967385309433));
#3222=CARTESIAN_POINT('',(-0.999999999999908,6.0959999999998,-91.7487385309442));
#3223=CARTESIAN_POINT('',(-0.999999999999908,6.0959999999998,-94.7967385309441));
#3224=CARTESIAN_POINT('',(-157.692827147724,6.09600000000005,-91.7487385309433));
#3225=CARTESIAN_POINT('Origin',(-75.8899512616059,97.4371137401467,-94.7967385309438));
#3226=CARTESIAN_POINT('',(-143.904,187.904,-94.7967385309434));
#3227=CARTESIAN_POINT('',(-143.904,97.2185568700734,-94.7967385309434));
#3228=CARTESIAN_POINT('',(-143.904,188.796738530943,-94.7967385309434));
#3229=CARTESIAN_POINT('',(-143.904,187.904,-94.7967385309434));
#3230=CARTESIAN_POINT('',(-0.999999999999517,188.796738530943,-94.7967385309442));
#3231=CARTESIAN_POINT('',(-143.904,188.796738530943,-94.7967385309434));
#3232=CARTESIAN_POINT('',(-0.999999999999517,188.796738530943,-94.7967385309442));
#3233=CARTESIAN_POINT('Origin',(-143.904,6.09600000000004,-91.7487385309434));
#3234=CARTESIAN_POINT('',(-150.,6.09599999999997,-88.7007385309434));
#3235=CARTESIAN_POINT('',(-150.,6.09599999999997,-88.7007385309434));
#3236=CARTESIAN_POINT('Origin',(-143.904,6.09600000000002,-88.7007385309434));
#3237=CARTESIAN_POINT('Origin',(-146.952,187.904,-88.7007385309434));
#3238=CARTESIAN_POINT('',(-143.904,187.904,-94.7967385309434));
#3239=CARTESIAN_POINT('',(-150.,187.904,-88.7007385309434));
#3240=CARTESIAN_POINT('Origin',(-143.904,187.904,-88.7007385309434));
#3241=CARTESIAN_POINT('',(-150.,187.904,-88.7007385309434));
#3242=CARTESIAN_POINT('Origin',(-143.904,187.904,-94.7967385309434));
#3243=CARTESIAN_POINT('',(-143.904,188.796738530943,-91.7487385309434));
#3244=CARTESIAN_POINT('',(-143.904,187.904,-91.7487385309434));
#3245=CARTESIAN_POINT('',(-143.904,188.796738530943,-94.7967385309434));
#3246=CARTESIAN_POINT('Origin',(-143.904,188.796738530943,-94.7967385309434));
#3247=CARTESIAN_POINT('',(-0.999999999999517,188.796738530943,-91.7487385309442));
#3248=CARTESIAN_POINT('',(-143.904,188.796738530943,-91.7487385309434));
#3249=CARTESIAN_POINT('',(-0.999999999999517,188.796738530943,-94.7967385309442));
#3250=CARTESIAN_POINT('Origin',(-0.999999999999517,188.796738530943,-94.7967385309442));
#3251=CARTESIAN_POINT('',(-0.999999999999517,188.796738530943,-91.7487385309442));
#3252=CARTESIAN_POINT('Origin',(-75.8899512616058,97.4371137401467,-91.7487385309438));
#3253=CARTESIAN_POINT('Origin',(-143.904,97.,-88.7007385309434));
#3254=CARTESIAN_POINT('',(-150.,51.3564026399545,-88.7007385309434));
#3255=CARTESIAN_POINT('Origin',(-143.904,97.,88.7007385309435));
#3256=CARTESIAN_POINT('',(-143.904,6.096,91.7487385309435));
#3257=CARTESIAN_POINT('',(-143.904,187.904,91.7487385309435));
#3258=CARTESIAN_POINT('',(-143.904,97.2185568700734,91.7487385309435));
#3259=CARTESIAN_POINT('',(-146.952,6.09599999999998,88.7007385309435));
#3260=CARTESIAN_POINT('Origin',(-143.904,6.096,88.7007385309435));
#3261=CARTESIAN_POINT('',(-146.952,187.904,88.7007385309435));
#3262=CARTESIAN_POINT('',(-146.952,142.260402639955,88.7007385309435));
#3263=CARTESIAN_POINT('Origin',(-143.904,187.904,88.7007385309435));
#3264=CARTESIAN_POINT('Origin',(-75.8899512616059,97.4371137401467,94.7967385309438));
#3265=CARTESIAN_POINT('',(-143.904,187.904,94.7967385309435));
#3266=CARTESIAN_POINT('',(-143.904,6.09600000000001,94.7967385309434));
#3267=CARTESIAN_POINT('',(-143.904,97.2185568700734,94.7967385309435));
#3268=CARTESIAN_POINT('',(-0.999999999999943,6.09599999999977,94.7967385309442));
#3269=CARTESIAN_POINT('',(-157.692827147724,6.09600000000004,94.7967385309434));
#3270=CARTESIAN_POINT('',(-0.999999999999588,188.796738530943,94.7967385309443));
#3271=CARTESIAN_POINT('',(-0.999999999999943,6.09599999999977,94.7967385309442));
#3272=CARTESIAN_POINT('',(-143.904,188.796738530943,94.7967385309435));
#3273=CARTESIAN_POINT('',(-143.904,188.796738530943,94.7967385309435));
#3274=CARTESIAN_POINT('',(-143.904,187.904,94.7967385309435));
#3275=CARTESIAN_POINT('Origin',(-143.904,6.09600000000002,94.7967385309434));
#3276=CARTESIAN_POINT('',(-143.904,6.09600000000001,93.9432985309435));
#3277=CARTESIAN_POINT('',(-150.,6.09599999999999,88.7007385309435));
#3278=CARTESIAN_POINT('Origin',(-143.904,6.09600000000002,88.7007385309435));
#3279=CARTESIAN_POINT('',(-150.,6.09599999999999,88.7007385309435));
#3280=CARTESIAN_POINT('Origin',(-0.999999999999588,188.796738530943,94.7967385309443));
#3281=CARTESIAN_POINT('',(-0.999999999999552,188.796738530943,91.7487385309443));
#3282=CARTESIAN_POINT('',(-143.904,188.796738530943,91.7487385309435));
#3283=CARTESIAN_POINT('',(-143.904,188.796738530943,91.7487385309435));
#3284=CARTESIAN_POINT('',(-143.904,188.796738530943,94.7967385309435));
#3285=CARTESIAN_POINT('',(-0.999999999999588,188.796738530943,94.7967385309443));
#3286=CARTESIAN_POINT('Origin',(-143.904,188.796738530943,94.7967385309435));
#3287=CARTESIAN_POINT('',(-143.904,187.904,91.7487385309435));
#3288=CARTESIAN_POINT('',(-143.904,187.904,94.7967385309435));
#3289=CARTESIAN_POINT('Origin',(-143.904,187.904,91.7487385309435));
#3290=CARTESIAN_POINT('',(-150.,187.904,88.7007385309435));
#3291=CARTESIAN_POINT('',(-150.,187.904,88.7007385309435));
#3292=CARTESIAN_POINT('Origin',(-143.904,187.904,88.7007385309435));
#3293=CARTESIAN_POINT('Origin',(-143.904,6.09600000000001,94.7967385309434));
#3294=CARTESIAN_POINT('',(-0.999999999999943,6.09599999999977,91.7487385309442));
#3295=CARTESIAN_POINT('',(-143.904,6.096,91.7487385309435));
#3296=CARTESIAN_POINT('',(-0.999999999999943,6.09599999999977,94.7967385309442));
#3297=CARTESIAN_POINT('Origin',(-0.999999999999943,6.09599999999977,94.7967385309442));
#3298=CARTESIAN_POINT('',(-0.999999999999943,6.09599999999977,91.7487385309442));
#3299=CARTESIAN_POINT('Origin',(-75.8899512616058,97.4371137401467,91.7487385309439));
#3300=CARTESIAN_POINT('Origin',(-143.904,97.,88.7007385309435));
#3301=CARTESIAN_POINT('',(-150.,142.260402639955,88.7007385309435));
#3302=CARTESIAN_POINT('Origin',(-143.904,187.904,7.06255286505851E-14));
#3303=CARTESIAN_POINT('',(-143.904,190.952,88.7007385309435));
#3304=CARTESIAN_POINT('',(-143.904,190.952,-88.7007385309434));
#3305=CARTESIAN_POINT('',(-143.904,190.952,5.61094176673819E-14));
#3306=CARTESIAN_POINT('Origin',(-143.904,187.904,88.7007385309435));
#3307=CARTESIAN_POINT('',(-146.952,187.904,-44.3503692654717));
#3308=CARTESIAN_POINT('Origin',(-143.904,187.904,-88.7007385309434));
#3309=CARTESIAN_POINT('Origin',(-75.8804980258428,194.,3.38507688715571E-14));
#3310=CARTESIAN_POINT('',(-143.904,194.,-88.7007385309434));
#3311=CARTESIAN_POINT('',(-143.904,194.,88.7007385309435));
#3312=CARTESIAN_POINT('',(-143.904,194.,5.45100012266935E-14));
#3313=CARTESIAN_POINT('',(-143.904,194.,89.5934770618868));
#3314=CARTESIAN_POINT('',(-143.904,194.,88.7007385309435));
#3315=CARTESIAN_POINT('',(-0.999999999999517,194.000000000001,89.5934770618869));
#3316=CARTESIAN_POINT('',(-143.904,194.,89.5934770618869));
#3317=CARTESIAN_POINT('',(-0.999999999999588,194.000000000001,-89.5934770618868));
#3318=CARTESIAN_POINT('',(-0.999999999999517,194.000000000001,89.5934770618869));
#3319=CARTESIAN_POINT('',(-143.904,194.,-89.5934770618868));
#3320=CARTESIAN_POINT('',(-143.904,194.,-89.5934770618868));
#3321=CARTESIAN_POINT('',(-143.904,194.,-88.7007385309434));
#3322=CARTESIAN_POINT('Origin',(-0.999999999999588,194.000000000001,-89.5934770618868));
#3323=CARTESIAN_POINT('',(-0.999999999999588,190.952000000001,-89.5934770618868));
#3324=CARTESIAN_POINT('',(-143.904,190.952,-89.5934770618868));
#3325=CARTESIAN_POINT('',(-143.904,190.952,-89.5934770618868));
#3326=CARTESIAN_POINT('',(-143.904,194.,-89.5934770618868));
#3327=CARTESIAN_POINT('',(-0.999999999999588,194.000000000001,-89.5934770618868));
#3328=CARTESIAN_POINT('Origin',(-143.904,194.,-89.5934770618868));
#3329=CARTESIAN_POINT('',(-143.904,190.952,-88.7007385309434));
#3330=CARTESIAN_POINT('',(-143.904,194.,-88.7007385309434));
#3331=CARTESIAN_POINT('Origin',(-143.904,190.952,-88.7007385309434));
#3332=CARTESIAN_POINT('Origin',(-143.904,187.904,-88.7007385309434));
#3333=CARTESIAN_POINT('Origin',(-146.952,187.904,88.7007385309435));
#3334=CARTESIAN_POINT('',(-143.904,194.,88.7007385309435));
#3335=CARTESIAN_POINT('Origin',(-143.904,187.904,88.7007385309435));
#3336=CARTESIAN_POINT('Origin',(-143.904,194.,88.7007385309435));
#3337=CARTESIAN_POINT('',(-143.904,190.952,89.5934770618868));
#3338=CARTESIAN_POINT('',(-143.904,190.952,88.7007385309435));
#3339=CARTESIAN_POINT('',(-143.904,194.,89.5934770618868));
#3340=CARTESIAN_POINT('Origin',(-143.904,194.,89.5934770618868));
#3341=CARTESIAN_POINT('',(-0.999999999999517,190.952000000001,89.5934770618869));
#3342=CARTESIAN_POINT('',(-143.904,190.952,89.5934770618869));
#3343=CARTESIAN_POINT('',(-0.999999999999517,194.000000000001,89.5934770618869));
#3344=CARTESIAN_POINT('Origin',(-0.999999999999517,194.000000000001,89.5934770618869));
#3345=CARTESIAN_POINT('',(-0.999999999999517,190.952000000001,89.5934770618869));
#3346=CARTESIAN_POINT('Origin',(-75.8804980258427,190.952,3.46899419677514E-14));
#3347=CARTESIAN_POINT('Origin',(-143.904,187.904,7.06255286505851E-14));
#3348=CARTESIAN_POINT('',(-150.,187.904,-44.3503692654717));
#3349=CARTESIAN_POINT('Origin',(-143.904,0.,-88.7007385309434));
#3350=CARTESIAN_POINT('',(-143.904,3.048,-93.9039999999999));
#3351=CARTESIAN_POINT('',(-143.904,5.55111512312578E-16,-93.9039999999999));
#3352=CARTESIAN_POINT('',(-143.904,3.048,-93.9039999999999));
#3353=CARTESIAN_POINT('',(-143.904,0.,-88.7007385309434));
#3354=CARTESIAN_POINT('',(-143.904,0.,46.952));
#3355=CARTESIAN_POINT('',(-143.904,3.048,-88.7007385309434));
#3356=CARTESIAN_POINT('',(-143.904,3.048,-88.7007385309434));
#3357=CARTESIAN_POINT('',(-143.904,3.048,46.952));
#3358=CARTESIAN_POINT('Origin',(-146.807017089431,3.19298291056947,-88.7007385309434));
#3359=CARTESIAN_POINT('Origin',(-143.904,6.096,-88.7007385309434));
#3360=CARTESIAN_POINT('Origin',(-143.904,6.096,-88.7007385309434));
#3361=CARTESIAN_POINT('Origin',(-143.904,6.096,3.5527136788005E-14));
#3362=CARTESIAN_POINT('',(-146.952,6.09600000000002,2.74692021200552E-14));
#3363=CARTESIAN_POINT('',(-143.904,3.048,88.7007385309435));
#3364=CARTESIAN_POINT('Origin',(-143.904,6.096,88.7007385309435));
#3365=CARTESIAN_POINT('',(-143.904,3.048,46.952));
#3366=CARTESIAN_POINT('Origin',(-143.904,3.048,88.7007385309435));
#3367=CARTESIAN_POINT('',(-143.904,3.048,93.904));
#3368=CARTESIAN_POINT('',(-143.904,5.55111512312578E-16,93.904));
#3369=CARTESIAN_POINT('',(-143.904,3.048,93.904));
#3370=CARTESIAN_POINT('',(-143.904,3.048,46.952));
#3371=CARTESIAN_POINT('',(-143.904,0.,88.7007385309435));
#3372=CARTESIAN_POINT('',(-143.904,3.048,88.7007385309435));
#3373=CARTESIAN_POINT('',(-143.904,0.,46.952));
#3374=CARTESIAN_POINT('Origin',(-146.807017089431,3.19298291056947,88.7007385309435));
#3375=CARTESIAN_POINT('Origin',(-143.904,6.096,88.7007385309435));
#3376=CARTESIAN_POINT('Origin',(-146.952,96.6168052799091,1.87641513253973E-14));
#3377=CARTESIAN_POINT('Origin',(-150.,96.6168052799091,1.93055848900465E-14));
#3378=CARTESIAN_POINT('',(-150.,6.09599999999999,2.78895600744058E-14));
#3379=CARTESIAN_POINT('Origin',(0.,6.096,-93.904));
#3380=CARTESIAN_POINT('Origin',(143.904,6.096,-93.9040000000001));
#3381=CARTESIAN_POINT('',(-71.952,0.,-93.904));
#3382=CARTESIAN_POINT('Origin',(-143.904,6.096,-93.904));
#3383=CARTESIAN_POINT('Origin',(-144.796738530943,194.,-96.9520000000003));
#3384=CARTESIAN_POINT('',(-144.796738530944,6.09599999999999,-96.952));
#3385=CARTESIAN_POINT('Origin',(-144.796738530944,6.09599999999999,-96.952));
#3386=CARTESIAN_POINT('',(-143.904,6.09599999999999,-96.952));
#3387=CARTESIAN_POINT('Origin',(-143.904,6.09599999999997,-100.));
#3388=CARTESIAN_POINT('Origin',(-143.904,6.096,-93.904));
#3389=CARTESIAN_POINT('Origin',(143.904,-1.11022302462516E-15,-93.904));
#3390=CARTESIAN_POINT('',(143.904,6.09599999999997,-96.952));
#3391=CARTESIAN_POINT('Origin',(143.904,6.096,-93.9040000000001));
#3392=CARTESIAN_POINT('Origin',(143.904,6.09599999999997,-96.952));
#3393=CARTESIAN_POINT('Origin',(0.,6.096,-93.904));
#3394=CARTESIAN_POINT('',(-71.952,3.048,-93.904));
#3395=CARTESIAN_POINT('Origin',(1.77635683940025E-14,6.096,93.904));
#3396=CARTESIAN_POINT('Origin',(-143.904,6.096,93.904));
#3397=CARTESIAN_POINT('',(71.952,0.,93.904));
#3398=CARTESIAN_POINT('Origin',(143.904,6.096,93.904));
#3399=CARTESIAN_POINT('Origin',(144.796738530943,194.,96.952000000001));
#3400=CARTESIAN_POINT('',(144.796738530944,6.09600000000002,96.952));
#3401=CARTESIAN_POINT('Origin',(144.796738530944,6.09600000000002,96.952));
#3402=CARTESIAN_POINT('',(143.904,6.09600000000002,96.952));
#3403=CARTESIAN_POINT('Origin',(143.904,6.09600000000001,100.));
#3404=CARTESIAN_POINT('Origin',(143.904,6.096,93.904));
#3405=CARTESIAN_POINT('Origin',(-143.904,-1.11022302462516E-15,93.904));
#3406=CARTESIAN_POINT('',(-143.904,6.096,96.952));
#3407=CARTESIAN_POINT('Origin',(-143.904,6.096,93.904));
#3408=CARTESIAN_POINT('Origin',(-143.904,6.096,96.952));
#3409=CARTESIAN_POINT('Origin',(1.77635683940025E-14,6.096,93.904));
#3410=CARTESIAN_POINT('',(71.952,3.048,93.904));
#3411=CARTESIAN_POINT('Origin',(-143.904,6.096,3.5527136788005E-14));
#3412=CARTESIAN_POINT('',(-143.904,0.,46.952));
#3413=CARTESIAN_POINT('Origin',(143.904,6.096,-1.77635683940025E-14));
#3414=CARTESIAN_POINT('',(143.904,0.,-46.952));
#3415=CARTESIAN_POINT('Origin',(146.952,96.616805279909,0.));
#3416=CARTESIAN_POINT('Origin',(0.,0.,0.));
#3417=CARTESIAN_POINT('Origin',(0.,3.048,0.));
#3418=CARTESIAN_POINT('Origin',(1.65201186064223E-12,103.298000000001,-25.));
#3419=CARTESIAN_POINT('',(145.000000000001,200.000000000001,-25.));
#3420=CARTESIAN_POINT('',(-144.999999999998,200.000000000001,-25.));
#3421=CARTESIAN_POINT('',(-144.999999999998,200.000000000001,-25.));
#3422=CARTESIAN_POINT('',(-149.999999999998,195.000000000001,-25.));
#3423=CARTESIAN_POINT('Origin',(-144.999999999998,195.000000000001,-25.));
#3424=CARTESIAN_POINT('',(-149.999999999998,6.09599999999997,-25.));
#3425=CARTESIAN_POINT('',(-150.,6.09599999999997,-25.));
#3426=CARTESIAN_POINT('',(-150.499999999998,6.096,-25.));
#3427=CARTESIAN_POINT('',(-150.499999999998,6.09599999999999,-25.));
#3428=CARTESIAN_POINT('',(-150.499999999998,195.000000000001,-25.));
#3429=CARTESIAN_POINT('',(-150.499999999998,195.000000000001,-25.));
#3430=CARTESIAN_POINT('',(-144.999999999998,200.500000000001,-25.));
#3431=CARTESIAN_POINT('Origin',(-144.999999999998,195.000000000001,-25.));
#3432=CARTESIAN_POINT('',(145.000000000001,200.500000000001,-25.));
#3433=CARTESIAN_POINT('',(145.000000000001,200.500000000001,-25.));
#3434=CARTESIAN_POINT('',(150.500000000001,195.000000000001,-25.));
#3435=CARTESIAN_POINT('Origin',(145.000000000001,195.000000000001,-25.));
#3436=CARTESIAN_POINT('',(150.500000000001,6.096,-25.));
#3437=CARTESIAN_POINT('',(150.500000000001,6.096,-25.));
#3438=CARTESIAN_POINT('',(150.,6.09599999999993,-25.));
#3439=CARTESIAN_POINT('',(150.000000000001,6.096,-25.));
#3440=CARTESIAN_POINT('',(150.000000000001,195.000000000001,-25.));
#3441=CARTESIAN_POINT('',(150.000000000001,195.000000000001,-25.));
#3442=CARTESIAN_POINT('Origin',(145.000000000001,195.000000000001,-25.));
#3443=CARTESIAN_POINT('Origin',(-144.999999999998,195.000000000001,0.));
#3444=CARTESIAN_POINT('',(-144.999999999998,200.000000000001,25.));
#3445=CARTESIAN_POINT('',(-144.999999999998,200.000000000001,0.));
#3446=CARTESIAN_POINT('',(-149.999999999998,195.000000000001,25.));
#3447=CARTESIAN_POINT('Origin',(-144.999999999998,195.000000000001,25.));
#3448=CARTESIAN_POINT('',(-149.999999999998,195.000000000001,0.));
#3449=CARTESIAN_POINT('Origin',(-150.,6.09599999999998,0.));
#3450=CARTESIAN_POINT('',(-149.999999999998,6.09599999999997,25.));
#3451=CARTESIAN_POINT('',(-150.,6.09599999999997,25.));
#3452=CARTESIAN_POINT('',(-149.999999999998,6.09599999999998,0.));
#3453=CARTESIAN_POINT('Origin',(-150.499999999998,6.09599999999999,0.));
#3454=CARTESIAN_POINT('',(-150.499999999998,6.096,25.));
#3455=CARTESIAN_POINT('',(-150.499999999998,6.09599999999999,25.));
#3456=CARTESIAN_POINT('',(-150.499999999998,6.09599999999999,0.));
#3457=CARTESIAN_POINT('Origin',(-150.499999999998,195.000000000001,0.));
#3458=CARTESIAN_POINT('',(-150.499999999998,195.000000000001,25.));
#3459=CARTESIAN_POINT('',(-150.499999999998,195.000000000001,25.));
#3460=CARTESIAN_POINT('',(-150.499999999998,195.000000000001,0.));
#3461=CARTESIAN_POINT('Origin',(-144.999999999998,195.000000000001,0.));
#3462=CARTESIAN_POINT('',(-144.999999999998,200.500000000001,25.));
#3463=CARTESIAN_POINT('Origin',(-144.999999999998,195.000000000001,25.));
#3464=CARTESIAN_POINT('',(-144.999999999998,200.500000000001,0.));
#3465=CARTESIAN_POINT('Origin',(145.000000000001,200.500000000001,0.));
#3466=CARTESIAN_POINT('',(145.000000000001,200.500000000001,25.));
#3467=CARTESIAN_POINT('',(145.000000000001,200.500000000001,25.));
#3468=CARTESIAN_POINT('',(145.000000000001,200.500000000001,0.));
#3469=CARTESIAN_POINT('Origin',(145.000000000001,195.000000000001,0.));
#3470=CARTESIAN_POINT('',(150.500000000001,195.000000000001,25.));
#3471=CARTESIAN_POINT('Origin',(145.000000000001,195.000000000001,25.));
#3472=CARTESIAN_POINT('',(150.500000000001,195.000000000001,0.));
#3473=CARTESIAN_POINT('Origin',(150.500000000001,6.096,0.));
#3474=CARTESIAN_POINT('',(150.500000000001,6.096,25.));
#3475=CARTESIAN_POINT('',(150.500000000001,6.096,25.));
#3476=CARTESIAN_POINT('',(150.500000000001,6.096,0.));
#3477=CARTESIAN_POINT('Origin',(150.,6.096,0.));
#3478=CARTESIAN_POINT('',(150.,6.09599999999993,25.));
#3479=CARTESIAN_POINT('',(150.000000000001,6.096,25.));
#3480=CARTESIAN_POINT('',(150.,6.09599999999993,0.));
#3481=CARTESIAN_POINT('Origin',(150.000000000001,195.000000000001,0.));
#3482=CARTESIAN_POINT('',(150.000000000001,195.000000000001,25.));
#3483=CARTESIAN_POINT('',(150.000000000001,195.000000000001,25.));
#3484=CARTESIAN_POINT('',(150.000000000001,195.000000000001,0.));
#3485=CARTESIAN_POINT('Origin',(145.000000000001,195.000000000001,0.));
#3486=CARTESIAN_POINT('',(145.000000000001,200.000000000001,25.));
#3487=CARTESIAN_POINT('Origin',(145.000000000001,195.000000000001,25.));
#3488=CARTESIAN_POINT('',(145.000000000001,200.000000000001,0.));
#3489=CARTESIAN_POINT('Origin',(-144.999999999998,200.000000000001,0.));
#3490=CARTESIAN_POINT('',(-144.999999999998,200.000000000001,25.));
#3491=CARTESIAN_POINT('Origin',(1.65201186064223E-12,103.298000000001,25.));
#3492=UNCERTAINTY_MEASURE_WITH_UNIT(LENGTH_MEASURE(0.01),#3496,
'DISTANCE_ACCURACY_VALUE',
'Maximum model space distance between geometric entities at asserted c
onnectivities');
#3493=UNCERTAINTY_MEASURE_WITH_UNIT(LENGTH_MEASURE(0.01),#3496,
'DISTANCE_ACCURACY_VALUE',
'Maximum model space distance between geometric entities at asserted c
onnectivities');
#3494=(
GEOMETRIC_REPRESENTATION_CONTEXT(3)
GLOBAL_UNCERTAINTY_ASSIGNED_CONTEXT((#3492))
GLOBAL_UNIT_ASSIGNED_CONTEXT((#3496,#3498,#3499))
REPRESENTATION_CONTEXT('','3D')
);
#3495=(
GEOMETRIC_REPRESENTATION_CONTEXT(3)
GLOBAL_UNCERTAINTY_ASSIGNED_CONTEXT((#3493))
GLOBAL_UNIT_ASSIGNED_CONTEXT((#3496,#3498,#3499))
REPRESENTATION_CONTEXT('','3D')
);
#3496=(
LENGTH_UNIT()
NAMED_UNIT(*)
SI_UNIT(.MILLI.,.METRE.)
);
#3497=(
LENGTH_UNIT()
NAMED_UNIT(*)
SI_UNIT(.CENTI.,.METRE.)
);
#3498=(
NAMED_UNIT(*)
PLANE_ANGLE_UNIT()
SI_UNIT($,.RADIAN.)
);
#3499=(
NAMED_UNIT(*)
SI_UNIT($,.STERADIAN.)
SOLID_ANGLE_UNIT()
);
#3500=SHAPE_DEFINITION_REPRESENTATION(#3501,#3502);
#3501=PRODUCT_DEFINITION_SHAPE('',$,#3504);
#3502=SHAPE_REPRESENTATION('',(#2112),#3494);
#3503=PRODUCT_DEFINITION_CONTEXT('part definition',#3508,'design');
#3504=PRODUCT_DEFINITION('\X2\041A043E0440043E0431\X0\ 300\X2\0445\X0\2
00\X2\0445\X0\200','\X2\041A043E0440043E0431\X0\ 300\X2\0445\X0\200\X2\0445\X0\2
00',#3505,#3503);
#3505=PRODUCT_DEFINITION_FORMATION('',$,#3510);
#3506=PRODUCT_RELATED_PRODUCT_CATEGORY('\X2\041A043E0440043E0431\X0\ 3
00\X2\0445\X0\200\X2\0445\X0\200','\X2\041A043E0440043E0431\X0\ 300\X2\0445\X0\2
00\X2\0445\X0\200',(#3510));
#3507=APPLICATION_PROTOCOL_DEFINITION('international standard',
'automotive_design',2009,#3508);
#3508=APPLICATION_CONTEXT(
'Core Data for Automotive Mechanical Design Process');
#3509=PRODUCT_CONTEXT('part definition',#3508,'mechanical');
#3510=PRODUCT('\X2\041A043E0440043E0431\X0\ 300\X2\0445\X0\200\X2\0445\X0\2
00','\X2\041A043E0440043E0431\X0\ 300\X2\0445\X0\200\X2\0445\X0\200',$,
(#3509));
#3511=SURFACE_STYLE_RENDERING_WITH_PROPERTIES($,#3526,(#3512));
#3512=SURFACE_STYLE_TRANSPARENT(0.509999990463257);
#3513=PRESENTATION_STYLE_ASSIGNMENT((#3515));
#3514=PRESENTATION_STYLE_ASSIGNMENT((#3516));
#3515=SURFACE_STYLE_USAGE(.BOTH.,#3517);
#3516=SURFACE_STYLE_USAGE(.BOTH.,#3518);
#3517=SURFACE_SIDE_STYLE('',(#3519));
#3518=SURFACE_SIDE_STYLE('',(#3520,#3511));
#3519=SURFACE_STYLE_FILL_AREA(#3521);
#3520=SURFACE_STYLE_FILL_AREA(#3522);
#3521=FILL_AREA_STYLE('',(#3523));
#3522=FILL_AREA_STYLE('',(#3524));
#3523=FILL_AREA_STYLE_COLOUR('',#3525);
#3524=FILL_AREA_STYLE_COLOUR('',#3526);
#3525=COLOUR_RGB('',0.333333333333333,0.192156862745098,0.105882352941176);
#3526=COLOUR_RGB('',0.898039215686275,0.898039215686275,0.898039215686275);
ENDSEC;
END-ISO-10303-21;
