ISO-10303-21;
HEADER;
/* Generated by software containing ST-Developer
 * from STEP Tools, Inc. (www.steptools.com) 
 */

FILE_DESCRIPTION(
/* description */ (''),
/* implementation_level */ '2;1');

FILE_NAME(
/* name */ '',
/* time_stamp */ '2026-06-29T13:25:06+03:00',
/* author */ ('aidrisov'),
/* organization */ (''),
/* preprocessor_version */ 'ST-DEVELOPER v20.1',
/* originating_system */ 'Autodesk Inventor 2026',
/* authorisation */ '');

FILE_SCHEMA (('AUTOMOTIVE_DESIGN { 1 0 10303 214 3 1 1 }'));
ENDSEC;

DATA;
#10=MECHANICAL_DESIGN_GEOMETRIC_PRESENTATION_REPRESENTATION('',(#2860,#2861),
#5136);
#11=SHAPE_REPRESENTATION_RELATIONSHIP('SRR','None',#5143,#12);
#12=ADVANCED_BREP_SHAPE_REPRESENTATION('',(#13),#5135);
#13=MANIFOLD_SOLID_BREP('\X2\04220432043504400434043E0435\X0\ \X2\04420435043B043E\X0\1',
#3042);
#14=B_SPLINE_CURVE_WITH_KNOTS('',3,(#4843,#4844,#4845,#4846,#4847,#4848,
#4849,#4850,#4851,#4852),.UNSPECIFIED.,.F.,.F.,(4,2,2,2,4),(-3.01808160964923,
-2.95843135991796,-2.73260916631542,-2.50678697271288,-2.44713672298161),
 .UNSPECIFIED.);
#15=B_SPLINE_CURVE_WITH_KNOTS('',3,(#4856,#4857,#4858,#4859,#4860,#4861),
 .UNSPECIFIED.,.F.,.F.,(4,2,4),(-0.91086972210514,-0.685047528502599,-0.625397278771328),
 .UNSPECIFIED.);
#16=B_SPLINE_CURVE_WITH_KNOTS('',3,(#4863,#4864,#4865,#4866,#4867,#4868),
 .UNSPECIFIED.,.F.,.F.,(4,2,4),(-1.19634216543895,-1.13669191570768,-0.91086972210514),
 .UNSPECIFIED.);
#17=CONICAL_SURFACE('',#3185,6.8,0.785398163397448);
#18=CONICAL_SURFACE('',#3217,2.,0.785398163397448);
#19=CONICAL_SURFACE('',#3231,2.,0.785398163397448);
#20=CONICAL_SURFACE('',#3245,2.,0.785398163397448);
#21=CONICAL_SURFACE('',#3259,2.,0.785398163397448);
#22=CONICAL_SURFACE('',#3275,7.75,0.349065850398866);
#23=CONICAL_SURFACE('',#3287,5.08,0.785398163397448);
#24=CONICAL_SURFACE('',#3295,5.08,0.785398163397448);
#25=CONICAL_SURFACE('',#3334,6.8,0.785398163397448);
#26=ELLIPSE('',#3108,2.82842712474619,2.);
#27=ELLIPSE('',#3109,2.82842712474619,2.);
#28=ELLIPSE('',#3110,2.82842712474619,2.);
#29=ELLIPSE('',#3111,2.82842712474619,2.);
#30=ELLIPSE('',#3114,2.82842712474619,2.);
#31=ELLIPSE('',#3117,2.82842712474619,2.);
#32=ELLIPSE('',#3120,2.82842712474619,2.);
#33=ELLIPSE('',#3121,2.82842712474619,2.);
#34=ELLIPSE('',#3122,2.82842712474619,2.);
#35=ELLIPSE('',#3123,2.82842712474619,2.);
#36=ELLIPSE('',#3126,2.82842712474619,2.);
#37=ELLIPSE('',#3129,2.82842712474619,2.);
#38=ELLIPSE('',#3195,17.6776695296639,12.5);
#39=ELLIPSE('',#3197,17.6776695296639,12.5);
#40=SPHERICAL_SURFACE('',#3087,9.);
#41=SPHERICAL_SURFACE('',#3090,9.);
#42=FACE_BOUND('',#399,.T.);
#43=FACE_BOUND('',#401,.T.);
#44=FACE_BOUND('',#405,.T.);
#45=FACE_BOUND('',#407,.T.);
#46=FACE_BOUND('',#429,.T.);
#47=FACE_BOUND('',#433,.T.);
#48=FACE_BOUND('',#447,.T.);
#49=FACE_BOUND('',#457,.T.);
#50=FACE_BOUND('',#460,.T.);
#51=FACE_BOUND('',#463,.T.);
#52=FACE_BOUND('',#467,.T.);
#53=FACE_BOUND('',#476,.T.);
#54=FACE_BOUND('',#480,.T.);
#55=FACE_BOUND('',#483,.T.);
#56=FACE_BOUND('',#484,.T.);
#57=FACE_BOUND('',#485,.T.);
#58=FACE_BOUND('',#486,.T.);
#59=FACE_BOUND('',#487,.T.);
#60=FACE_BOUND('',#495,.T.);
#61=FACE_BOUND('',#506,.T.);
#62=FACE_BOUND('',#517,.T.);
#63=FACE_BOUND('',#528,.T.);
#64=FACE_BOUND('',#535,.T.);
#65=FACE_BOUND('',#547,.T.);
#66=FACE_BOUND('',#561,.T.);
#67=FACE_BOUND('',#571,.T.);
#68=FACE_BOUND('',#574,.T.);
#69=FACE_BOUND('',#577,.T.);
#70=FACE_BOUND('',#580,.T.);
#71=FACE_BOUND('',#588,.T.);
#72=FACE_BOUND('',#590,.T.);
#73=FACE_BOUND('',#593,.T.);
#74=FACE_BOUND('',#596,.T.);
#75=FACE_BOUND('',#597,.T.);
#76=FACE_BOUND('',#598,.T.);
#77=FACE_BOUND('',#599,.T.);
#78=FACE_BOUND('',#600,.T.);
#79=FACE_BOUND('',#602,.T.);
#80=FACE_BOUND('',#603,.T.);
#81=FACE_BOUND('',#604,.T.);
#82=FACE_BOUND('',#605,.T.);
#83=FACE_BOUND('',#606,.T.);
#84=FACE_BOUND('',#614,.T.);
#85=PLANE('',#3083);
#86=PLANE('',#3085);
#87=PLANE('',#3093);
#88=PLANE('',#3095);
#89=PLANE('',#3099);
#90=PLANE('',#3102);
#91=PLANE('',#3115);
#92=PLANE('',#3127);
#93=PLANE('',#3131);
#94=PLANE('',#3132);
#95=PLANE('',#3138);
#96=PLANE('',#3147);
#97=PLANE('',#3148);
#98=PLANE('',#3149);
#99=PLANE('',#3150);
#100=PLANE('',#3151);
#101=PLANE('',#3152);
#102=PLANE('',#3153);
#103=PLANE('',#3154);
#104=PLANE('',#3155);
#105=PLANE('',#3156);
#106=PLANE('',#3157);
#107=PLANE('',#3158);
#108=PLANE('',#3159);
#109=PLANE('',#3160);
#110=PLANE('',#3161);
#111=PLANE('',#3165);
#112=PLANE('',#3166);
#113=PLANE('',#3167);
#114=PLANE('',#3168);
#115=PLANE('',#3169);
#116=PLANE('',#3170);
#117=PLANE('',#3171);
#118=PLANE('',#3172);
#119=PLANE('',#3176);
#120=PLANE('',#3180);
#121=PLANE('',#3184);
#122=PLANE('',#3191);
#123=PLANE('',#3193);
#124=PLANE('',#3198);
#125=PLANE('',#3199);
#126=PLANE('',#3200);
#127=PLANE('',#3201);
#128=PLANE('',#3202);
#129=PLANE('',#3203);
#130=PLANE('',#3204);
#131=PLANE('',#3205);
#132=PLANE('',#3206);
#133=PLANE('',#3207);
#134=PLANE('',#3208);
#135=PLANE('',#3209);
#136=PLANE('',#3210);
#137=PLANE('',#3211);
#138=PLANE('',#3212);
#139=PLANE('',#3213);
#140=PLANE('',#3214);
#141=PLANE('',#3215);
#142=PLANE('',#3222);
#143=PLANE('',#3223);
#144=PLANE('',#3224);
#145=PLANE('',#3225);
#146=PLANE('',#3226);
#147=PLANE('',#3227);
#148=PLANE('',#3228);
#149=PLANE('',#3229);
#150=PLANE('',#3236);
#151=PLANE('',#3237);
#152=PLANE('',#3238);
#153=PLANE('',#3239);
#154=PLANE('',#3240);
#155=PLANE('',#3241);
#156=PLANE('',#3242);
#157=PLANE('',#3243);
#158=PLANE('',#3250);
#159=PLANE('',#3251);
#160=PLANE('',#3252);
#161=PLANE('',#3253);
#162=PLANE('',#3254);
#163=PLANE('',#3255);
#164=PLANE('',#3256);
#165=PLANE('',#3257);
#166=PLANE('',#3264);
#167=PLANE('',#3269);
#168=PLANE('',#3273);
#169=PLANE('',#3280);
#170=PLANE('',#3281);
#171=PLANE('',#3284);
#172=PLANE('',#3294);
#173=PLANE('',#3297);
#174=PLANE('',#3298);
#175=PLANE('',#3304);
#176=PLANE('',#3305);
#177=PLANE('',#3306);
#178=PLANE('',#3307);
#179=PLANE('',#3308);
#180=PLANE('',#3309);
#181=PLANE('',#3310);
#182=PLANE('',#3314);
#183=PLANE('',#3315);
#184=PLANE('',#3316);
#185=PLANE('',#3317);
#186=PLANE('',#3318);
#187=PLANE('',#3319);
#188=PLANE('',#3320);
#189=PLANE('',#3321);
#190=PLANE('',#3325);
#191=PLANE('',#3329);
#192=PLANE('',#3333);
#193=PLANE('',#3336);
#194=PLANE('',#3338);
#195=PLANE('',#3341);
#196=PLANE('',#3342);
#197=PLANE('',#3343);
#198=PLANE('',#3344);
#199=PLANE('',#3345);
#200=PLANE('',#3346);
#201=PLANE('',#3347);
#202=PLANE('',#3348);
#203=PLANE('',#3349);
#204=PLANE('',#3350);
#205=PLANE('',#3351);
#206=PLANE('',#3353);
#207=PLANE('',#3354);
#208=PLANE('',#3355);
#209=PLANE('',#3356);
#210=PLANE('',#3357);
#211=PLANE('',#3360);
#212=FACE_OUTER_BOUND('',#392,.T.);
#213=FACE_OUTER_BOUND('',#393,.T.);
#214=FACE_OUTER_BOUND('',#394,.T.);
#215=FACE_OUTER_BOUND('',#395,.T.);
#216=FACE_OUTER_BOUND('',#396,.T.);
#217=FACE_OUTER_BOUND('',#397,.T.);
#218=FACE_OUTER_BOUND('',#398,.T.);
#219=FACE_OUTER_BOUND('',#400,.T.);
#220=FACE_OUTER_BOUND('',#402,.T.);
#221=FACE_OUTER_BOUND('',#403,.T.);
#222=FACE_OUTER_BOUND('',#404,.T.);
#223=FACE_OUTER_BOUND('',#406,.T.);
#224=FACE_OUTER_BOUND('',#408,.T.);
#225=FACE_OUTER_BOUND('',#409,.T.);
#226=FACE_OUTER_BOUND('',#410,.T.);
#227=FACE_OUTER_BOUND('',#411,.T.);
#228=FACE_OUTER_BOUND('',#412,.T.);
#229=FACE_OUTER_BOUND('',#413,.T.);
#230=FACE_OUTER_BOUND('',#414,.T.);
#231=FACE_OUTER_BOUND('',#415,.T.);
#232=FACE_OUTER_BOUND('',#416,.T.);
#233=FACE_OUTER_BOUND('',#417,.T.);
#234=FACE_OUTER_BOUND('',#418,.T.);
#235=FACE_OUTER_BOUND('',#419,.T.);
#236=FACE_OUTER_BOUND('',#420,.T.);
#237=FACE_OUTER_BOUND('',#421,.T.);
#238=FACE_OUTER_BOUND('',#422,.T.);
#239=FACE_OUTER_BOUND('',#423,.T.);
#240=FACE_OUTER_BOUND('',#424,.T.);
#241=FACE_OUTER_BOUND('',#425,.T.);
#242=FACE_OUTER_BOUND('',#426,.T.);
#243=FACE_OUTER_BOUND('',#427,.T.);
#244=FACE_OUTER_BOUND('',#428,.T.);
#245=FACE_OUTER_BOUND('',#430,.T.);
#246=FACE_OUTER_BOUND('',#431,.T.);
#247=FACE_OUTER_BOUND('',#432,.T.);
#248=FACE_OUTER_BOUND('',#434,.T.);
#249=FACE_OUTER_BOUND('',#435,.T.);
#250=FACE_OUTER_BOUND('',#436,.T.);
#251=FACE_OUTER_BOUND('',#437,.T.);
#252=FACE_OUTER_BOUND('',#438,.T.);
#253=FACE_OUTER_BOUND('',#439,.T.);
#254=FACE_OUTER_BOUND('',#440,.T.);
#255=FACE_OUTER_BOUND('',#441,.T.);
#256=FACE_OUTER_BOUND('',#442,.T.);
#257=FACE_OUTER_BOUND('',#443,.T.);
#258=FACE_OUTER_BOUND('',#444,.T.);
#259=FACE_OUTER_BOUND('',#445,.T.);
#260=FACE_OUTER_BOUND('',#446,.T.);
#261=FACE_OUTER_BOUND('',#448,.T.);
#262=FACE_OUTER_BOUND('',#449,.T.);
#263=FACE_OUTER_BOUND('',#450,.T.);
#264=FACE_OUTER_BOUND('',#451,.T.);
#265=FACE_OUTER_BOUND('',#452,.T.);
#266=FACE_OUTER_BOUND('',#453,.T.);
#267=FACE_OUTER_BOUND('',#454,.T.);
#268=FACE_OUTER_BOUND('',#455,.T.);
#269=FACE_OUTER_BOUND('',#456,.T.);
#270=FACE_OUTER_BOUND('',#458,.T.);
#271=FACE_OUTER_BOUND('',#459,.T.);
#272=FACE_OUTER_BOUND('',#461,.T.);
#273=FACE_OUTER_BOUND('',#462,.T.);
#274=FACE_OUTER_BOUND('',#464,.T.);
#275=FACE_OUTER_BOUND('',#465,.T.);
#276=FACE_OUTER_BOUND('',#466,.T.);
#277=FACE_OUTER_BOUND('',#468,.T.);
#278=FACE_OUTER_BOUND('',#469,.T.);
#279=FACE_OUTER_BOUND('',#470,.T.);
#280=FACE_OUTER_BOUND('',#471,.T.);
#281=FACE_OUTER_BOUND('',#472,.T.);
#282=FACE_OUTER_BOUND('',#473,.T.);
#283=FACE_OUTER_BOUND('',#474,.T.);
#284=FACE_OUTER_BOUND('',#475,.T.);
#285=FACE_OUTER_BOUND('',#477,.T.);
#286=FACE_OUTER_BOUND('',#478,.T.);
#287=FACE_OUTER_BOUND('',#479,.T.);
#288=FACE_OUTER_BOUND('',#481,.T.);
#289=FACE_OUTER_BOUND('',#482,.T.);
#290=FACE_OUTER_BOUND('',#488,.T.);
#291=FACE_OUTER_BOUND('',#489,.T.);
#292=FACE_OUTER_BOUND('',#490,.T.);
#293=FACE_OUTER_BOUND('',#491,.T.);
#294=FACE_OUTER_BOUND('',#492,.T.);
#295=FACE_OUTER_BOUND('',#493,.T.);
#296=FACE_OUTER_BOUND('',#494,.T.);
#297=FACE_OUTER_BOUND('',#496,.T.);
#298=FACE_OUTER_BOUND('',#497,.T.);
#299=FACE_OUTER_BOUND('',#498,.T.);
#300=FACE_OUTER_BOUND('',#499,.T.);
#301=FACE_OUTER_BOUND('',#500,.T.);
#302=FACE_OUTER_BOUND('',#501,.T.);
#303=FACE_OUTER_BOUND('',#502,.T.);
#304=FACE_OUTER_BOUND('',#503,.T.);
#305=FACE_OUTER_BOUND('',#504,.T.);
#306=FACE_OUTER_BOUND('',#505,.T.);
#307=FACE_OUTER_BOUND('',#507,.T.);
#308=FACE_OUTER_BOUND('',#508,.T.);
#309=FACE_OUTER_BOUND('',#509,.T.);
#310=FACE_OUTER_BOUND('',#510,.T.);
#311=FACE_OUTER_BOUND('',#511,.T.);
#312=FACE_OUTER_BOUND('',#512,.T.);
#313=FACE_OUTER_BOUND('',#513,.T.);
#314=FACE_OUTER_BOUND('',#514,.T.);
#315=FACE_OUTER_BOUND('',#515,.T.);
#316=FACE_OUTER_BOUND('',#516,.T.);
#317=FACE_OUTER_BOUND('',#518,.T.);
#318=FACE_OUTER_BOUND('',#519,.T.);
#319=FACE_OUTER_BOUND('',#520,.T.);
#320=FACE_OUTER_BOUND('',#521,.T.);
#321=FACE_OUTER_BOUND('',#522,.T.);
#322=FACE_OUTER_BOUND('',#523,.T.);
#323=FACE_OUTER_BOUND('',#524,.T.);
#324=FACE_OUTER_BOUND('',#525,.T.);
#325=FACE_OUTER_BOUND('',#526,.T.);
#326=FACE_OUTER_BOUND('',#527,.T.);
#327=FACE_OUTER_BOUND('',#529,.T.);
#328=FACE_OUTER_BOUND('',#530,.T.);
#329=FACE_OUTER_BOUND('',#531,.T.);
#330=FACE_OUTER_BOUND('',#532,.T.);
#331=FACE_OUTER_BOUND('',#533,.T.);
#332=FACE_OUTER_BOUND('',#534,.T.);
#333=FACE_OUTER_BOUND('',#536,.T.);
#334=FACE_OUTER_BOUND('',#537,.T.);
#335=FACE_OUTER_BOUND('',#538,.T.);
#336=FACE_OUTER_BOUND('',#539,.T.);
#337=FACE_OUTER_BOUND('',#540,.T.);
#338=FACE_OUTER_BOUND('',#541,.T.);
#339=FACE_OUTER_BOUND('',#542,.T.);
#340=FACE_OUTER_BOUND('',#543,.T.);
#341=FACE_OUTER_BOUND('',#544,.T.);
#342=FACE_OUTER_BOUND('',#545,.T.);
#343=FACE_OUTER_BOUND('',#546,.T.);
#344=FACE_OUTER_BOUND('',#548,.T.);
#345=FACE_OUTER_BOUND('',#549,.T.);
#346=FACE_OUTER_BOUND('',#550,.T.);
#347=FACE_OUTER_BOUND('',#551,.T.);
#348=FACE_OUTER_BOUND('',#552,.T.);
#349=FACE_OUTER_BOUND('',#553,.T.);
#350=FACE_OUTER_BOUND('',#554,.T.);
#351=FACE_OUTER_BOUND('',#555,.T.);
#352=FACE_OUTER_BOUND('',#556,.T.);
#353=FACE_OUTER_BOUND('',#557,.T.);
#354=FACE_OUTER_BOUND('',#558,.T.);
#355=FACE_OUTER_BOUND('',#559,.T.);
#356=FACE_OUTER_BOUND('',#560,.T.);
#357=FACE_OUTER_BOUND('',#562,.T.);
#358=FACE_OUTER_BOUND('',#563,.T.);
#359=FACE_OUTER_BOUND('',#564,.T.);
#360=FACE_OUTER_BOUND('',#565,.T.);
#361=FACE_OUTER_BOUND('',#566,.T.);
#362=FACE_OUTER_BOUND('',#567,.T.);
#363=FACE_OUTER_BOUND('',#568,.T.);
#364=FACE_OUTER_BOUND('',#569,.T.);
#365=FACE_OUTER_BOUND('',#570,.T.);
#366=FACE_OUTER_BOUND('',#572,.T.);
#367=FACE_OUTER_BOUND('',#573,.T.);
#368=FACE_OUTER_BOUND('',#575,.T.);
#369=FACE_OUTER_BOUND('',#576,.T.);
#370=FACE_OUTER_BOUND('',#578,.T.);
#371=FACE_OUTER_BOUND('',#579,.T.);
#372=FACE_OUTER_BOUND('',#581,.T.);
#373=FACE_OUTER_BOUND('',#582,.T.);
#374=FACE_OUTER_BOUND('',#583,.T.);
#375=FACE_OUTER_BOUND('',#584,.T.);
#376=FACE_OUTER_BOUND('',#585,.T.);
#377=FACE_OUTER_BOUND('',#586,.T.);
#378=FACE_OUTER_BOUND('',#587,.T.);
#379=FACE_OUTER_BOUND('',#589,.T.);
#380=FACE_OUTER_BOUND('',#591,.T.);
#381=FACE_OUTER_BOUND('',#592,.T.);
#382=FACE_OUTER_BOUND('',#594,.T.);
#383=FACE_OUTER_BOUND('',#595,.T.);
#384=FACE_OUTER_BOUND('',#601,.T.);
#385=FACE_OUTER_BOUND('',#607,.T.);
#386=FACE_OUTER_BOUND('',#608,.T.);
#387=FACE_OUTER_BOUND('',#609,.T.);
#388=FACE_OUTER_BOUND('',#610,.T.);
#389=FACE_OUTER_BOUND('',#611,.T.);
#390=FACE_OUTER_BOUND('',#612,.T.);
#391=FACE_OUTER_BOUND('',#613,.T.);
#392=EDGE_LOOP('',(#1990,#1991,#1992,#1993));
#393=EDGE_LOOP('',(#1994,#1995,#1996,#1997));
#394=EDGE_LOOP('',(#1998,#1999,#2000,#2001));
#395=EDGE_LOOP('',(#2002,#2003,#2004,#2005));
#396=EDGE_LOOP('',(#2006,#2007,#2008,#2009));
#397=EDGE_LOOP('',(#2010,#2011,#2012,#2013));
#398=EDGE_LOOP('',(#2014));
#399=EDGE_LOOP('',(#2015));
#400=EDGE_LOOP('',(#2016));
#401=EDGE_LOOP('',(#2017));
#402=EDGE_LOOP('',(#2018,#2019,#2020,#2021));
#403=EDGE_LOOP('',(#2022,#2023,#2024,#2025));
#404=EDGE_LOOP('',(#2026));
#405=EDGE_LOOP('',(#2027));
#406=EDGE_LOOP('',(#2028));
#407=EDGE_LOOP('',(#2029));
#408=EDGE_LOOP('',(#2030,#2031,#2032,#2033));
#409=EDGE_LOOP('',(#2034,#2035,#2036,#2037));
#410=EDGE_LOOP('',(#2038,#2039,#2040,#2041));
#411=EDGE_LOOP('',(#2042,#2043,#2044,#2045));
#412=EDGE_LOOP('',(#2046,#2047,#2048,#2049,#2050,#2051));
#413=EDGE_LOOP('',(#2052,#2053,#2054,#2055,#2056));
#414=EDGE_LOOP('',(#2057,#2058,#2059,#2060));
#415=EDGE_LOOP('',(#2061,#2062,#2063,#2064,#2065));
#416=EDGE_LOOP('',(#2066,#2067,#2068,#2069,#2070,#2071));
#417=EDGE_LOOP('',(#2072,#2073,#2074,#2075,#2076));
#418=EDGE_LOOP('',(#2077,#2078,#2079,#2080));
#419=EDGE_LOOP('',(#2081,#2082,#2083,#2084,#2085));
#420=EDGE_LOOP('',(#2086,#2087,#2088,#2089,#2090,#2091,#2092,#2093));
#421=EDGE_LOOP('',(#2094,#2095,#2096,#2097,#2098,#2099,#2100,#2101));
#422=EDGE_LOOP('',(#2102,#2103,#2104,#2105,#2106,#2107,#2108));
#423=EDGE_LOOP('',(#2109,#2110,#2111,#2112,#2113,#2114,#2115));
#424=EDGE_LOOP('',(#2116,#2117,#2118,#2119));
#425=EDGE_LOOP('',(#2120,#2121,#2122,#2123,#2124,#2125));
#426=EDGE_LOOP('',(#2126,#2127,#2128,#2129,#2130,#2131));
#427=EDGE_LOOP('',(#2132,#2133,#2134,#2135));
#428=EDGE_LOOP('',(#2136,#2137,#2138,#2139,#2140,#2141,#2142,#2143));
#429=EDGE_LOOP('',(#2144));
#430=EDGE_LOOP('',(#2145,#2146,#2147,#2148));
#431=EDGE_LOOP('',(#2149,#2150,#2151,#2152));
#432=EDGE_LOOP('',(#2153,#2154,#2155,#2156,#2157,#2158,#2159,#2160));
#433=EDGE_LOOP('',(#2161));
#434=EDGE_LOOP('',(#2162,#2163,#2164,#2165));
#435=EDGE_LOOP('',(#2166,#2167,#2168,#2169));
#436=EDGE_LOOP('',(#2170,#2171,#2172));
#437=EDGE_LOOP('',(#2173,#2174,#2175));
#438=EDGE_LOOP('',(#2176,#2177,#2178,#2179));
#439=EDGE_LOOP('',(#2180,#2181,#2182,#2183));
#440=EDGE_LOOP('',(#2184,#2185,#2186,#2187));
#441=EDGE_LOOP('',(#2188,#2189,#2190,#2191));
#442=EDGE_LOOP('',(#2192,#2193,#2194,#2195));
#443=EDGE_LOOP('',(#2196,#2197,#2198,#2199));
#444=EDGE_LOOP('',(#2200,#2201,#2202,#2203,#2204,#2205));
#445=EDGE_LOOP('',(#2206,#2207,#2208,#2209));
#446=EDGE_LOOP('',(#2210));
#447=EDGE_LOOP('',(#2211,#2212,#2213,#2214,#2215,#2216));
#448=EDGE_LOOP('',(#2217,#2218,#2219,#2220));
#449=EDGE_LOOP('',(#2221,#2222,#2223,#2224));
#450=EDGE_LOOP('',(#2225,#2226,#2227,#2228));
#451=EDGE_LOOP('',(#2229,#2230,#2231,#2232));
#452=EDGE_LOOP('',(#2233,#2234,#2235,#2236));
#453=EDGE_LOOP('',(#2237,#2238,#2239,#2240));
#454=EDGE_LOOP('',(#2241,#2242,#2243,#2244,#2245,#2246));
#455=EDGE_LOOP('',(#2247,#2248,#2249,#2250));
#456=EDGE_LOOP('',(#2251));
#457=EDGE_LOOP('',(#2252,#2253,#2254,#2255,#2256,#2257));
#458=EDGE_LOOP('',(#2258,#2259,#2260,#2261));
#459=EDGE_LOOP('',(#2262));
#460=EDGE_LOOP('',(#2263));
#461=EDGE_LOOP('',(#2264,#2265,#2266,#2267));
#462=EDGE_LOOP('',(#2268));
#463=EDGE_LOOP('',(#2269));
#464=EDGE_LOOP('',(#2270,#2271,#2272,#2273,#2274));
#465=EDGE_LOOP('',(#2275,#2276,#2277,#2278,#2279));
#466=EDGE_LOOP('',(#2280,#2281));
#467=EDGE_LOOP('',(#2282));
#468=EDGE_LOOP('',(#2283));
#469=EDGE_LOOP('',(#2284,#2285,#2286,#2287,#2288,#2289));
#470=EDGE_LOOP('',(#2290,#2291,#2292,#2293,#2294,#2295,#2296,#2297,#2298,
#2299));
#471=EDGE_LOOP('',(#2300,#2301,#2302,#2303));
#472=EDGE_LOOP('',(#2304,#2305,#2306,#2307));
#473=EDGE_LOOP('',(#2308,#2309,#2310,#2311,#2312,#2313));
#474=EDGE_LOOP('',(#2314,#2315,#2316,#2317,#2318,#2319));
#475=EDGE_LOOP('',(#2320,#2321,#2322,#2323));
#476=EDGE_LOOP('',(#2324));
#477=EDGE_LOOP('',(#2325,#2326,#2327,#2328,#2329,#2330));
#478=EDGE_LOOP('',(#2331,#2332,#2333,#2334,#2335,#2336));
#479=EDGE_LOOP('',(#2337,#2338,#2339,#2340));
#480=EDGE_LOOP('',(#2341));
#481=EDGE_LOOP('',(#2342,#2343,#2344,#2345));
#482=EDGE_LOOP('',(#2346,#2347,#2348,#2349));
#483=EDGE_LOOP('',(#2350));
#484=EDGE_LOOP('',(#2351));
#485=EDGE_LOOP('',(#2352));
#486=EDGE_LOOP('',(#2353));
#487=EDGE_LOOP('',(#2354));
#488=EDGE_LOOP('',(#2355,#2356,#2357,#2358));
#489=EDGE_LOOP('',(#2359,#2360,#2361,#2362));
#490=EDGE_LOOP('',(#2363,#2364,#2365,#2366));
#491=EDGE_LOOP('',(#2367,#2368,#2369,#2370));
#492=EDGE_LOOP('',(#2371,#2372,#2373,#2374));
#493=EDGE_LOOP('',(#2375,#2376,#2377,#2378));
#494=EDGE_LOOP('',(#2379,#2380,#2381,#2382,#2383,#2384));
#495=EDGE_LOOP('',(#2385));
#496=EDGE_LOOP('',(#2386,#2387,#2388,#2389,#2390));
#497=EDGE_LOOP('',(#2391,#2392,#2393,#2394,#2395));
#498=EDGE_LOOP('',(#2396));
#499=EDGE_LOOP('',(#2397,#2398,#2399,#2400));
#500=EDGE_LOOP('',(#2401,#2402,#2403,#2404));
#501=EDGE_LOOP('',(#2405,#2406,#2407,#2408));
#502=EDGE_LOOP('',(#2409,#2410,#2411,#2412));
#503=EDGE_LOOP('',(#2413,#2414,#2415,#2416));
#504=EDGE_LOOP('',(#2417,#2418,#2419,#2420));
#505=EDGE_LOOP('',(#2421,#2422,#2423,#2424,#2425,#2426));
#506=EDGE_LOOP('',(#2427));
#507=EDGE_LOOP('',(#2428,#2429,#2430,#2431,#2432));
#508=EDGE_LOOP('',(#2433,#2434,#2435,#2436,#2437));
#509=EDGE_LOOP('',(#2438));
#510=EDGE_LOOP('',(#2439,#2440,#2441,#2442));
#511=EDGE_LOOP('',(#2443,#2444,#2445,#2446));
#512=EDGE_LOOP('',(#2447,#2448,#2449,#2450));
#513=EDGE_LOOP('',(#2451,#2452,#2453,#2454));
#514=EDGE_LOOP('',(#2455,#2456,#2457,#2458));
#515=EDGE_LOOP('',(#2459,#2460,#2461,#2462));
#516=EDGE_LOOP('',(#2463,#2464,#2465,#2466,#2467,#2468));
#517=EDGE_LOOP('',(#2469));
#518=EDGE_LOOP('',(#2470,#2471,#2472,#2473,#2474));
#519=EDGE_LOOP('',(#2475,#2476,#2477,#2478,#2479));
#520=EDGE_LOOP('',(#2480));
#521=EDGE_LOOP('',(#2481,#2482,#2483,#2484));
#522=EDGE_LOOP('',(#2485,#2486,#2487,#2488));
#523=EDGE_LOOP('',(#2489,#2490,#2491,#2492));
#524=EDGE_LOOP('',(#2493,#2494,#2495,#2496));
#525=EDGE_LOOP('',(#2497,#2498,#2499,#2500));
#526=EDGE_LOOP('',(#2501,#2502,#2503,#2504));
#527=EDGE_LOOP('',(#2505,#2506,#2507,#2508,#2509,#2510));
#528=EDGE_LOOP('',(#2511));
#529=EDGE_LOOP('',(#2512,#2513,#2514,#2515,#2516));
#530=EDGE_LOOP('',(#2517,#2518,#2519,#2520,#2521));
#531=EDGE_LOOP('',(#2522));
#532=EDGE_LOOP('',(#2523,#2524,#2525,#2526));
#533=EDGE_LOOP('',(#2527,#2528,#2529,#2530,#2531));
#534=EDGE_LOOP('',(#2532,#2533,#2534,#2535));
#535=EDGE_LOOP('',(#2536));
#536=EDGE_LOOP('',(#2537,#2538));
#537=EDGE_LOOP('',(#2539,#2540,#2541,#2542,#2543,#2544,#2545,#2546));
#538=EDGE_LOOP('',(#2547,#2548));
#539=EDGE_LOOP('',(#2549,#2550,#2551,#2552));
#540=EDGE_LOOP('',(#2553,#2554,#2555,#2556,#2557));
#541=EDGE_LOOP('',(#2558,#2559,#2560,#2561));
#542=EDGE_LOOP('',(#2562,#2563,#2564,#2565));
#543=EDGE_LOOP('',(#2566,#2567,#2568,#2569));
#544=EDGE_LOOP('',(#2570,#2571,#2572,#2573,#2574));
#545=EDGE_LOOP('',(#2575,#2576,#2577,#2578,#2579,#2580));
#546=EDGE_LOOP('',(#2581));
#547=EDGE_LOOP('',(#2582));
#548=EDGE_LOOP('',(#2583,#2584,#2585,#2586,#2587));
#549=EDGE_LOOP('',(#2588));
#550=EDGE_LOOP('',(#2589,#2590));
#551=EDGE_LOOP('',(#2591,#2592,#2593,#2594,#2595,#2596,#2597,#2598,#2599));
#552=EDGE_LOOP('',(#2600,#2601,#2602,#2603));
#553=EDGE_LOOP('',(#2604,#2605,#2606,#2607));
#554=EDGE_LOOP('',(#2608,#2609,#2610,#2611));
#555=EDGE_LOOP('',(#2612,#2613,#2614,#2615));
#556=EDGE_LOOP('',(#2616,#2617,#2618,#2619));
#557=EDGE_LOOP('',(#2620,#2621,#2622,#2623));
#558=EDGE_LOOP('',(#2624,#2625,#2626,#2627,#2628,#2629));
#559=EDGE_LOOP('',(#2630,#2631,#2632,#2633));
#560=EDGE_LOOP('',(#2634));
#561=EDGE_LOOP('',(#2635,#2636,#2637,#2638,#2639,#2640));
#562=EDGE_LOOP('',(#2641,#2642,#2643,#2644));
#563=EDGE_LOOP('',(#2645,#2646,#2647,#2648));
#564=EDGE_LOOP('',(#2649,#2650,#2651,#2652));
#565=EDGE_LOOP('',(#2653,#2654,#2655,#2656));
#566=EDGE_LOOP('',(#2657,#2658,#2659,#2660));
#567=EDGE_LOOP('',(#2661,#2662,#2663,#2664));
#568=EDGE_LOOP('',(#2665,#2666,#2667,#2668,#2669,#2670));
#569=EDGE_LOOP('',(#2671,#2672,#2673,#2674));
#570=EDGE_LOOP('',(#2675));
#571=EDGE_LOOP('',(#2676,#2677,#2678,#2679,#2680,#2681));
#572=EDGE_LOOP('',(#2682,#2683,#2684,#2685));
#573=EDGE_LOOP('',(#2686));
#574=EDGE_LOOP('',(#2687));
#575=EDGE_LOOP('',(#2688,#2689,#2690,#2691));
#576=EDGE_LOOP('',(#2692));
#577=EDGE_LOOP('',(#2693));
#578=EDGE_LOOP('',(#2694,#2695,#2696,#2697,#2698));
#579=EDGE_LOOP('',(#2699));
#580=EDGE_LOOP('',(#2700));
#581=EDGE_LOOP('',(#2701,#2702));
#582=EDGE_LOOP('',(#2703,#2704,#2705,#2706));
#583=EDGE_LOOP('',(#2707,#2708,#2709,#2710));
#584=EDGE_LOOP('',(#2711,#2712,#2713,#2714,#2715));
#585=EDGE_LOOP('',(#2716,#2717,#2718,#2719));
#586=EDGE_LOOP('',(#2720,#2721,#2722,#2723));
#587=EDGE_LOOP('',(#2724,#2725,#2726,#2727));
#588=EDGE_LOOP('',(#2728));
#589=EDGE_LOOP('',(#2729,#2730,#2731,#2732));
#590=EDGE_LOOP('',(#2733));
#591=EDGE_LOOP('',(#2734,#2735,#2736,#2737,#2738));
#592=EDGE_LOOP('',(#2739,#2740,#2741,#2742));
#593=EDGE_LOOP('',(#2743));
#594=EDGE_LOOP('',(#2744,#2745,#2746,#2747));
#595=EDGE_LOOP('',(#2748,#2749,#2750,#2751));
#596=EDGE_LOOP('',(#2752));
#597=EDGE_LOOP('',(#2753));
#598=EDGE_LOOP('',(#2754));
#599=EDGE_LOOP('',(#2755));
#600=EDGE_LOOP('',(#2756));
#601=EDGE_LOOP('',(#2757,#2758,#2759,#2760));
#602=EDGE_LOOP('',(#2761));
#603=EDGE_LOOP('',(#2762,#2763,#2764,#2765,#2766,#2767));
#604=EDGE_LOOP('',(#2768,#2769,#2770,#2771,#2772,#2773));
#605=EDGE_LOOP('',(#2774,#2775,#2776,#2777,#2778,#2779));
#606=EDGE_LOOP('',(#2780,#2781,#2782,#2783,#2784,#2785));
#607=EDGE_LOOP('',(#2786,#2787,#2788,#2789));
#608=EDGE_LOOP('',(#2790,#2791,#2792,#2793));
#609=EDGE_LOOP('',(#2794,#2795,#2796,#2797));
#610=EDGE_LOOP('',(#2798,#2799,#2800,#2801,#2802,#2803));
#611=EDGE_LOOP('',(#2804,#2805,#2806,#2807,#2808,#2809,#2810,#2811));
#612=EDGE_LOOP('',(#2812,#2813,#2814,#2815));
#613=EDGE_LOOP('',(#2816));
#614=EDGE_LOOP('',(#2817));
#615=LINE('',#4255,#910);
#616=LINE('',#4261,#911);
#617=LINE('',#4267,#912);
#618=LINE('',#4273,#913);
#619=LINE('',#4279,#914);
#620=LINE('',#4285,#915);
#621=LINE('',#4309,#916);
#622=LINE('',#4314,#917);
#623=LINE('',#4318,#918);
#624=LINE('',#4323,#919);
#625=LINE('',#4327,#920);
#626=LINE('',#4332,#921);
#627=LINE('',#4338,#922);
#628=LINE('',#4344,#923);
#629=LINE('',#4348,#924);
#630=LINE('',#4352,#925);
#631=LINE('',#4356,#926);
#632=LINE('',#4357,#927);
#633=LINE('',#4362,#928);
#634=LINE('',#4369,#929);
#635=LINE('',#4375,#930);
#636=LINE('',#4379,#931);
#637=LINE('',#4383,#932);
#638=LINE('',#4387,#933);
#639=LINE('',#4388,#934);
#640=LINE('',#4393,#935);
#641=LINE('',#4397,#936);
#642=LINE('',#4399,#937);
#643=LINE('',#4400,#938);
#644=LINE('',#4401,#939);
#645=LINE('',#4402,#940);
#646=LINE('',#4405,#941);
#647=LINE('',#4407,#942);
#648=LINE('',#4408,#943);
#649=LINE('',#4410,#944);
#650=LINE('',#4412,#945);
#651=LINE('',#4413,#946);
#652=LINE('',#4419,#947);
#653=LINE('',#4421,#948);
#654=LINE('',#4424,#949);
#655=LINE('',#4427,#950);
#656=LINE('',#4436,#951);
#657=LINE('',#4440,#952);
#658=LINE('',#4443,#953);
#659=LINE('',#4444,#954);
#660=LINE('',#4446,#955);
#661=LINE('',#4448,#956);
#662=LINE('',#4451,#957);
#663=LINE('',#4453,#958);
#664=LINE('',#4456,#959);
#665=LINE('',#4457,#960);
#666=LINE('',#4460,#961);
#667=LINE('',#4461,#962);
#668=LINE('',#4465,#963);
#669=LINE('',#4467,#964);
#670=LINE('',#4469,#965);
#671=LINE('',#4470,#966);
#672=LINE('',#4473,#967);
#673=LINE('',#4475,#968);
#674=LINE('',#4476,#969);
#675=LINE('',#4479,#970);
#676=LINE('',#4481,#971);
#677=LINE('',#4482,#972);
#678=LINE('',#4485,#973);
#679=LINE('',#4487,#974);
#680=LINE('',#4488,#975);
#681=LINE('',#4491,#976);
#682=LINE('',#4493,#977);
#683=LINE('',#4494,#978);
#684=LINE('',#4496,#979);
#685=LINE('',#4497,#980);
#686=LINE('',#4503,#981);
#687=LINE('',#4509,#982);
#688=LINE('',#4511,#983);
#689=LINE('',#4513,#984);
#690=LINE('',#4514,#985);
#691=LINE('',#4517,#986);
#692=LINE('',#4519,#987);
#693=LINE('',#4520,#988);
#694=LINE('',#4523,#989);
#695=LINE('',#4525,#990);
#696=LINE('',#4526,#991);
#697=LINE('',#4529,#992);
#698=LINE('',#4531,#993);
#699=LINE('',#4532,#994);
#700=LINE('',#4535,#995);
#701=LINE('',#4537,#996);
#702=LINE('',#4538,#997);
#703=LINE('',#4540,#998);
#704=LINE('',#4541,#999);
#705=LINE('',#4547,#1000);
#706=LINE('',#4554,#1001);
#707=LINE('',#4561,#1002);
#708=LINE('',#4569,#1003);
#709=LINE('',#4575,#1004);
#710=LINE('',#4579,#1005);
#711=LINE('',#4590,#1006);
#712=LINE('',#4591,#1007);
#713=LINE('',#4594,#1008);
#714=LINE('',#4595,#1009);
#715=LINE('',#4597,#1010);
#716=LINE('',#4598,#1011);
#717=LINE('',#4601,#1012);
#718=LINE('',#4602,#1013);
#719=LINE('',#4605,#1014);
#720=LINE('',#4606,#1015);
#721=LINE('',#4609,#1016);
#722=LINE('',#4611,#1017);
#723=LINE('',#4612,#1018);
#724=LINE('',#4614,#1019);
#725=LINE('',#4617,#1020);
#726=LINE('',#4619,#1021);
#727=LINE('',#4620,#1022);
#728=LINE('',#4623,#1023);
#729=LINE('',#4624,#1024);
#730=LINE('',#4626,#1025);
#731=LINE('',#4629,#1026);
#732=LINE('',#4630,#1027);
#733=LINE('',#4632,#1028);
#734=LINE('',#4637,#1029);
#735=LINE('',#4639,#1030);
#736=LINE('',#4641,#1031);
#737=LINE('',#4642,#1032);
#738=LINE('',#4645,#1033);
#739=LINE('',#4647,#1034);
#740=LINE('',#4648,#1035);
#741=LINE('',#4651,#1036);
#742=LINE('',#4653,#1037);
#743=LINE('',#4654,#1038);
#744=LINE('',#4657,#1039);
#745=LINE('',#4659,#1040);
#746=LINE('',#4660,#1041);
#747=LINE('',#4663,#1042);
#748=LINE('',#4665,#1043);
#749=LINE('',#4666,#1044);
#750=LINE('',#4668,#1045);
#751=LINE('',#4669,#1046);
#752=LINE('',#4679,#1047);
#753=LINE('',#4682,#1048);
#754=LINE('',#4687,#1049);
#755=LINE('',#4689,#1050);
#756=LINE('',#4691,#1051);
#757=LINE('',#4692,#1052);
#758=LINE('',#4695,#1053);
#759=LINE('',#4697,#1054);
#760=LINE('',#4698,#1055);
#761=LINE('',#4701,#1056);
#762=LINE('',#4703,#1057);
#763=LINE('',#4704,#1058);
#764=LINE('',#4707,#1059);
#765=LINE('',#4709,#1060);
#766=LINE('',#4710,#1061);
#767=LINE('',#4713,#1062);
#768=LINE('',#4715,#1063);
#769=LINE('',#4716,#1064);
#770=LINE('',#4718,#1065);
#771=LINE('',#4719,#1066);
#772=LINE('',#4729,#1067);
#773=LINE('',#4732,#1068);
#774=LINE('',#4737,#1069);
#775=LINE('',#4739,#1070);
#776=LINE('',#4741,#1071);
#777=LINE('',#4742,#1072);
#778=LINE('',#4745,#1073);
#779=LINE('',#4747,#1074);
#780=LINE('',#4748,#1075);
#781=LINE('',#4751,#1076);
#782=LINE('',#4753,#1077);
#783=LINE('',#4754,#1078);
#784=LINE('',#4757,#1079);
#785=LINE('',#4759,#1080);
#786=LINE('',#4760,#1081);
#787=LINE('',#4763,#1082);
#788=LINE('',#4765,#1083);
#789=LINE('',#4766,#1084);
#790=LINE('',#4768,#1085);
#791=LINE('',#4769,#1086);
#792=LINE('',#4779,#1087);
#793=LINE('',#4782,#1088);
#794=LINE('',#4787,#1089);
#795=LINE('',#4789,#1090);
#796=LINE('',#4791,#1091);
#797=LINE('',#4792,#1092);
#798=LINE('',#4795,#1093);
#799=LINE('',#4797,#1094);
#800=LINE('',#4798,#1095);
#801=LINE('',#4801,#1096);
#802=LINE('',#4803,#1097);
#803=LINE('',#4804,#1098);
#804=LINE('',#4807,#1099);
#805=LINE('',#4809,#1100);
#806=LINE('',#4810,#1101);
#807=LINE('',#4813,#1102);
#808=LINE('',#4815,#1103);
#809=LINE('',#4816,#1104);
#810=LINE('',#4818,#1105);
#811=LINE('',#4819,#1106);
#812=LINE('',#4829,#1107);
#813=LINE('',#4832,#1108);
#814=LINE('',#4838,#1109);
#815=LINE('',#4854,#1110);
#816=LINE('',#4869,#1111);
#817=LINE('',#4873,#1112);
#818=LINE('',#4877,#1113);
#819=LINE('',#4884,#1114);
#820=LINE('',#4888,#1115);
#821=LINE('',#4896,#1116);
#822=LINE('',#4898,#1117);
#823=LINE('',#4899,#1118);
#824=LINE('',#4901,#1119);
#825=LINE('',#4903,#1120);
#826=LINE('',#4908,#1121);
#827=LINE('',#4914,#1122);
#828=LINE('',#4922,#1123);
#829=LINE('',#4926,#1124);
#830=LINE('',#4933,#1125);
#831=LINE('',#4941,#1126);
#832=LINE('',#4943,#1127);
#833=LINE('',#4945,#1128);
#834=LINE('',#4946,#1129);
#835=LINE('',#4949,#1130);
#836=LINE('',#4951,#1131);
#837=LINE('',#4952,#1132);
#838=LINE('',#4955,#1133);
#839=LINE('',#4957,#1134);
#840=LINE('',#4958,#1135);
#841=LINE('',#4961,#1136);
#842=LINE('',#4963,#1137);
#843=LINE('',#4964,#1138);
#844=LINE('',#4967,#1139);
#845=LINE('',#4969,#1140);
#846=LINE('',#4970,#1141);
#847=LINE('',#4972,#1142);
#848=LINE('',#4973,#1143);
#849=LINE('',#4979,#1144);
#850=LINE('',#4985,#1145);
#851=LINE('',#4987,#1146);
#852=LINE('',#4989,#1147);
#853=LINE('',#4990,#1148);
#854=LINE('',#4993,#1149);
#855=LINE('',#4995,#1150);
#856=LINE('',#4996,#1151);
#857=LINE('',#4999,#1152);
#858=LINE('',#5001,#1153);
#859=LINE('',#5002,#1154);
#860=LINE('',#5005,#1155);
#861=LINE('',#5007,#1156);
#862=LINE('',#5008,#1157);
#863=LINE('',#5011,#1158);
#864=LINE('',#5013,#1159);
#865=LINE('',#5014,#1160);
#866=LINE('',#5016,#1161);
#867=LINE('',#5017,#1162);
#868=LINE('',#5023,#1163);
#869=LINE('',#5030,#1164);
#870=LINE('',#5037,#1165);
#871=LINE('',#5042,#1166);
#872=LINE('',#5050,#1167);
#873=LINE('',#5055,#1168);
#874=LINE('',#5057,#1169);
#875=LINE('',#5059,#1170);
#876=LINE('',#5060,#1171);
#877=LINE('',#5063,#1172);
#878=LINE('',#5065,#1173);
#879=LINE('',#5067,#1174);
#880=LINE('',#5068,#1175);
#881=LINE('',#5071,#1176);
#882=LINE('',#5073,#1177);
#883=LINE('',#5074,#1178);
#884=LINE('',#5077,#1179);
#885=LINE('',#5078,#1180);
#886=LINE('',#5081,#1181);
#887=LINE('',#5083,#1182);
#888=LINE('',#5084,#1183);
#889=LINE('',#5087,#1184);
#890=LINE('',#5088,#1185);
#891=LINE('',#5090,#1186);
#892=LINE('',#5091,#1187);
#893=LINE('',#5094,#1188);
#894=LINE('',#5095,#1189);
#895=LINE('',#5097,#1190);
#896=LINE('',#5102,#1191);
#897=LINE('',#5104,#1192);
#898=LINE('',#5106,#1193);
#899=LINE('',#5107,#1194);
#900=LINE('',#5113,#1195);
#901=LINE('',#5114,#1196);
#902=LINE('',#5115,#1197);
#903=LINE('',#5119,#1198);
#904=LINE('',#5120,#1199);
#905=LINE('',#5121,#1200);
#906=LINE('',#5123,#1201);
#907=LINE('',#5125,#1202);
#908=LINE('',#5126,#1203);
#909=LINE('',#5131,#1204);
#910=VECTOR('',#3367,15.5);
#911=VECTOR('',#3374,2.5);
#912=VECTOR('',#3381,2.5);
#913=VECTOR('',#3388,2.5);
#914=VECTOR('',#3395,2.5);
#915=VECTOR('',#3402,6.);
#916=VECTOR('',#3435,11.);
#917=VECTOR('',#3440,35.2489995996797);
#918=VECTOR('',#3443,34.);
#919=VECTOR('',#3448,35.2489995996797);
#920=VECTOR('',#3451,34.);
#921=VECTOR('',#3458,11.);
#922=VECTOR('',#3463,34.);
#923=VECTOR('',#3468,34.);
#924=VECTOR('',#3473,12.5);
#925=VECTOR('',#3476,12.5);
#926=VECTOR('',#3481,12.5);
#927=VECTOR('',#3482,34.);
#928=VECTOR('',#3487,12.5);
#929=VECTOR('',#3494,34.);
#930=VECTOR('',#3499,34.);
#931=VECTOR('',#3504,12.5);
#932=VECTOR('',#3507,12.5);
#933=VECTOR('',#3512,12.5);
#934=VECTOR('',#3513,34.);
#935=VECTOR('',#3518,12.5);
#936=VECTOR('',#3523,1.99999999999999);
#937=VECTOR('',#3524,9.);
#938=VECTOR('',#3525,1.99999999999999);
#939=VECTOR('',#3526,8.00000000000001);
#940=VECTOR('',#3527,8.00000000000001);
#941=VECTOR('',#3530,8.00000000000001);
#942=VECTOR('',#3531,34.);
#943=VECTOR('',#3532,8.00000000000001);
#944=VECTOR('',#3533,1.99999999999999);
#945=VECTOR('',#3534,9.);
#946=VECTOR('',#3535,1.99999999999999);
#947=VECTOR('',#3542,8.00000000000001);
#948=VECTOR('',#3545,8.00000000000001);
#949=VECTOR('',#3550,8.00000000000001);
#950=VECTOR('',#3553,8.00000000000001);
#951=VECTOR('',#3564,9.);
#952=VECTOR('',#3567,9.);
#953=VECTOR('',#3572,26.4007575648881);
#954=VECTOR('',#3573,26.4007575648881);
#955=VECTOR('',#3576,26.4007575648881);
#956=VECTOR('',#3579,26.4007575648881);
#957=VECTOR('',#3584,34.);
#958=VECTOR('',#3587,35.2489995996797);
#959=VECTOR('',#3590,1.27550020016015);
#960=VECTOR('',#3591,1.27550020016015);
#961=VECTOR('',#3594,1.27550020016015);
#962=VECTOR('',#3595,1.27550020016015);
#963=VECTOR('',#3598,2.88675134594801);
#964=VECTOR('',#3599,3.);
#965=VECTOR('',#3600,2.88675134594801);
#966=VECTOR('',#3601,3.);
#967=VECTOR('',#3604,2.88675134594808);
#968=VECTOR('',#3605,2.88675134594808);
#969=VECTOR('',#3606,3.);
#970=VECTOR('',#3609,2.88675134594808);
#971=VECTOR('',#3610,2.88675134594808);
#972=VECTOR('',#3611,3.);
#973=VECTOR('',#3614,2.88675134594801);
#974=VECTOR('',#3615,2.88675134594801);
#975=VECTOR('',#3616,3.);
#976=VECTOR('',#3619,2.8867513459481);
#977=VECTOR('',#3620,2.8867513459481);
#978=VECTOR('',#3621,3.);
#979=VECTOR('',#3624,2.8867513459481);
#980=VECTOR('',#3625,2.8867513459481);
#981=VECTOR('',#3632,5.);
#982=VECTOR('',#3639,2.88675134594801);
#983=VECTOR('',#3640,3.);
#984=VECTOR('',#3641,2.88675134594801);
#985=VECTOR('',#3642,3.);
#986=VECTOR('',#3645,2.8867513459481);
#987=VECTOR('',#3646,2.8867513459481);
#988=VECTOR('',#3647,3.);
#989=VECTOR('',#3650,2.8867513459481);
#990=VECTOR('',#3651,2.8867513459481);
#991=VECTOR('',#3652,3.);
#992=VECTOR('',#3655,2.88675134594801);
#993=VECTOR('',#3656,2.88675134594801);
#994=VECTOR('',#3657,3.);
#995=VECTOR('',#3660,2.88675134594808);
#996=VECTOR('',#3661,2.88675134594808);
#997=VECTOR('',#3662,3.);
#998=VECTOR('',#3665,2.88675134594808);
#999=VECTOR('',#3666,2.88675134594808);
#1000=VECTOR('',#3673,5.);
#1001=VECTOR('',#3682,5.5);
#1002=VECTOR('',#3691,5.5);
#1003=VECTOR('',#3700,6.8);
#1004=VECTOR('',#3709,5.75);
#1005=VECTOR('',#3712,11.8743420870379);
#1006=VECTOR('',#3725,0.4);
#1007=VECTOR('',#3726,0.4);
#1008=VECTOR('',#3729,6.27550020016015);
#1009=VECTOR('',#3730,12.9628289564811);
#1010=VECTOR('',#3731,12.9628289564811);
#1011=VECTOR('',#3732,6.27550020016015);
#1012=VECTOR('',#3735,12.8811765836887);
#1013=VECTOR('',#3736,0.173205080756871);
#1014=VECTOR('',#3739,0.173205080756871);
#1015=VECTOR('',#3740,12.8811765836887);
#1016=VECTOR('',#3743,0.173205080756871);
#1017=VECTOR('',#3744,38.);
#1018=VECTOR('',#3745,0.173205080756871);
#1019=VECTOR('',#3748,43.);
#1020=VECTOR('',#3751,25.9);
#1021=VECTOR('',#3752,43.);
#1022=VECTOR('',#3753,25.9);
#1023=VECTOR('',#3756,25.9);
#1024=VECTOR('',#3757,38.);
#1025=VECTOR('',#3760,43.);
#1026=VECTOR('',#3763,25.9);
#1027=VECTOR('',#3764,43.);
#1028=VECTOR('',#3767,38.);
#1029=VECTOR('',#3772,4.618802153517);
#1030=VECTOR('',#3773,4.7);
#1031=VECTOR('',#3774,4.618802153517);
#1032=VECTOR('',#3775,4.7);
#1033=VECTOR('',#3778,4.61880215351701);
#1034=VECTOR('',#3779,4.7);
#1035=VECTOR('',#3780,4.61880215351701);
#1036=VECTOR('',#3783,4.618802153517);
#1037=VECTOR('',#3784,4.7);
#1038=VECTOR('',#3785,4.61880215351701);
#1039=VECTOR('',#3788,4.618802153517);
#1040=VECTOR('',#3789,4.7);
#1041=VECTOR('',#3790,4.618802153517);
#1042=VECTOR('',#3793,4.618802153517);
#1043=VECTOR('',#3794,4.7);
#1044=VECTOR('',#3795,4.618802153517);
#1045=VECTOR('',#3798,4.618802153517);
#1046=VECTOR('',#3799,4.61880215351701);
#1047=VECTOR('',#3810,2.);
#1048=VECTOR('',#3815,2.5);
#1049=VECTOR('',#3820,4.618802153517);
#1050=VECTOR('',#3821,4.7);
#1051=VECTOR('',#3822,4.618802153517);
#1052=VECTOR('',#3823,4.7);
#1053=VECTOR('',#3826,4.618802153517);
#1054=VECTOR('',#3827,4.7);
#1055=VECTOR('',#3828,4.61880215351701);
#1056=VECTOR('',#3831,4.618802153517);
#1057=VECTOR('',#3832,4.7);
#1058=VECTOR('',#3833,4.618802153517);
#1059=VECTOR('',#3836,4.618802153517);
#1060=VECTOR('',#3837,4.7);
#1061=VECTOR('',#3838,4.618802153517);
#1062=VECTOR('',#3841,4.61880215351701);
#1063=VECTOR('',#3842,4.7);
#1064=VECTOR('',#3843,4.61880215351701);
#1065=VECTOR('',#3846,4.61880215351701);
#1066=VECTOR('',#3847,4.61880215351701);
#1067=VECTOR('',#3858,2.);
#1068=VECTOR('',#3863,2.5);
#1069=VECTOR('',#3868,4.618802153517);
#1070=VECTOR('',#3869,4.7);
#1071=VECTOR('',#3870,4.618802153517);
#1072=VECTOR('',#3871,4.7);
#1073=VECTOR('',#3874,4.618802153517);
#1074=VECTOR('',#3875,4.7);
#1075=VECTOR('',#3876,4.618802153517);
#1076=VECTOR('',#3879,4.618802153517);
#1077=VECTOR('',#3880,4.7);
#1078=VECTOR('',#3881,4.61880215351701);
#1079=VECTOR('',#3884,4.618802153517);
#1080=VECTOR('',#3885,4.7);
#1081=VECTOR('',#3886,4.618802153517);
#1082=VECTOR('',#3889,4.61880215351701);
#1083=VECTOR('',#3890,4.7);
#1084=VECTOR('',#3891,4.61880215351701);
#1085=VECTOR('',#3894,4.618802153517);
#1086=VECTOR('',#3895,4.61880215351701);
#1087=VECTOR('',#3906,2.);
#1088=VECTOR('',#3911,2.5);
#1089=VECTOR('',#3916,4.618802153517);
#1090=VECTOR('',#3917,4.7);
#1091=VECTOR('',#3918,4.618802153517);
#1092=VECTOR('',#3919,4.7);
#1093=VECTOR('',#3922,4.61880215351701);
#1094=VECTOR('',#3923,4.7);
#1095=VECTOR('',#3924,4.61880215351701);
#1096=VECTOR('',#3927,4.61880215351701);
#1097=VECTOR('',#3928,4.7);
#1098=VECTOR('',#3929,4.61880215351701);
#1099=VECTOR('',#3932,4.618802153517);
#1100=VECTOR('',#3933,4.7);
#1101=VECTOR('',#3934,4.618802153517);
#1102=VECTOR('',#3937,4.618802153517);
#1103=VECTOR('',#3938,4.7);
#1104=VECTOR('',#3939,4.61880215351701);
#1105=VECTOR('',#3942,4.618802153517);
#1106=VECTOR('',#3943,4.618802153517);
#1107=VECTOR('',#3954,2.);
#1108=VECTOR('',#3959,2.5);
#1109=VECTOR('',#3966,8.);
#1110=VECTOR('',#3971,10.0623058987491);
#1111=VECTOR('',#3972,10.0623058987491);
#1112=VECTOR('',#3975,7.48331477354788);
#1113=VECTOR('',#3978,7.48331477354788);
#1114=VECTOR('',#3985,7.48331477354788);
#1115=VECTOR('',#3990,7.75);
#1116=VECTOR('',#4001,7.48331477354788);
#1117=VECTOR('',#4004,5.5);
#1118=VECTOR('',#4005,5.5);
#1119=VECTOR('',#4008,5.5);
#1120=VECTOR('',#4011,5.5);
#1121=VECTOR('',#4018,4.85);
#1122=VECTOR('',#4023,5.08);
#1123=VECTOR('',#4034,6.);
#1124=VECTOR('',#4039,5.08);
#1125=VECTOR('',#4050,5.75);
#1126=VECTOR('',#4059,2.8867513459481);
#1127=VECTOR('',#4060,3.);
#1128=VECTOR('',#4061,2.8867513459481);
#1129=VECTOR('',#4062,3.);
#1130=VECTOR('',#4065,2.88675134594815);
#1131=VECTOR('',#4066,2.88675134594815);
#1132=VECTOR('',#4067,3.);
#1133=VECTOR('',#4070,2.88675134594815);
#1134=VECTOR('',#4071,2.88675134594815);
#1135=VECTOR('',#4072,3.);
#1136=VECTOR('',#4075,2.8867513459481);
#1137=VECTOR('',#4076,2.8867513459481);
#1138=VECTOR('',#4077,3.);
#1139=VECTOR('',#4080,2.88675134594815);
#1140=VECTOR('',#4081,2.88675134594815);
#1141=VECTOR('',#4082,3.);
#1142=VECTOR('',#4085,2.88675134594815);
#1143=VECTOR('',#4086,2.88675134594815);
#1144=VECTOR('',#4093,5.);
#1145=VECTOR('',#4100,2.8867513459481);
#1146=VECTOR('',#4101,3.);
#1147=VECTOR('',#4102,2.8867513459481);
#1148=VECTOR('',#4103,3.);
#1149=VECTOR('',#4106,2.88675134594815);
#1150=VECTOR('',#4107,2.88675134594815);
#1151=VECTOR('',#4108,3.);
#1152=VECTOR('',#4111,2.88675134594815);
#1153=VECTOR('',#4112,2.88675134594815);
#1154=VECTOR('',#4113,3.);
#1155=VECTOR('',#4116,2.8867513459481);
#1156=VECTOR('',#4117,2.8867513459481);
#1157=VECTOR('',#4118,3.);
#1158=VECTOR('',#4121,2.88675134594815);
#1159=VECTOR('',#4122,2.88675134594815);
#1160=VECTOR('',#4123,3.);
#1161=VECTOR('',#4126,2.88675134594815);
#1162=VECTOR('',#4127,2.88675134594815);
#1163=VECTOR('',#4134,5.);
#1164=VECTOR('',#4143,5.5);
#1165=VECTOR('',#4152,5.5);
#1166=VECTOR('',#4159,6.8);
#1167=VECTOR('',#4170,12.5);
#1168=VECTOR('',#4175,0.173205080756887);
#1169=VECTOR('',#4176,38.);
#1170=VECTOR('',#4177,0.173205080756887);
#1171=VECTOR('',#4178,37.8);
#1172=VECTOR('',#4181,37.9);
#1173=VECTOR('',#4182,4.9);
#1174=VECTOR('',#4183,0.173205080756881);
#1175=VECTOR('',#4184,43.);
#1176=VECTOR('',#4187,37.8);
#1177=VECTOR('',#4188,4.9);
#1178=VECTOR('',#4189,37.8);
#1179=VECTOR('',#4192,0.173205080756881);
#1180=VECTOR('',#4193,38.);
#1181=VECTOR('',#4196,37.9);
#1182=VECTOR('',#4197,43.);
#1183=VECTOR('',#4198,37.9);
#1184=VECTOR('',#4201,37.9);
#1185=VECTOR('',#4202,38.);
#1186=VECTOR('',#4205,43.);
#1187=VECTOR('',#4206,37.9);
#1188=VECTOR('',#4209,37.9);
#1189=VECTOR('',#4210,43.);
#1190=VECTOR('',#4213,38.);
#1191=VECTOR('',#4218,38.);
#1192=VECTOR('',#4219,38.);
#1193=VECTOR('',#4220,38.);
#1194=VECTOR('',#4221,38.);
#1195=VECTOR('',#4226,38.);
#1196=VECTOR('',#4227,10.);
#1197=VECTOR('',#4228,10.);
#1198=VECTOR('',#4231,38.);
#1199=VECTOR('',#4232,10.);
#1200=VECTOR('',#4233,10.);
#1201=VECTOR('',#4236,38.);
#1202=VECTOR('',#4239,0.0999999999999979);
#1203=VECTOR('',#4240,0.0999999999999979);
#1204=VECTOR('',#4247,14.25);
#1205=CIRCLE('',#3066,15.5);
#1206=CIRCLE('',#3067,15.5);
#1207=CIRCLE('',#3069,2.5);
#1208=CIRCLE('',#3070,2.5);
#1209=CIRCLE('',#3072,2.5);
#1210=CIRCLE('',#3073,2.5);
#1211=CIRCLE('',#3075,2.5);
#1212=CIRCLE('',#3076,2.5);
#1213=CIRCLE('',#3078,2.5);
#1214=CIRCLE('',#3079,2.5);
#1215=CIRCLE('',#3081,6.);
#1216=CIRCLE('',#3082,6.);
#1217=CIRCLE('',#3084,7.48331477354788);
#1218=CIRCLE('',#3086,7.48331477354788);
#1219=CIRCLE('',#3088,8.2915619758885);
#1220=CIRCLE('',#3089,8.99999999999999);
#1221=CIRCLE('',#3091,8.99999999999999);
#1222=CIRCLE('',#3092,8.2915619758885);
#1223=CIRCLE('',#3094,11.);
#1224=CIRCLE('',#3096,11.);
#1225=CIRCLE('',#3098,11.);
#1226=CIRCLE('',#3100,2.);
#1227=CIRCLE('',#3101,2.);
#1228=CIRCLE('',#3103,2.);
#1229=CIRCLE('',#3104,2.);
#1230=CIRCLE('',#3106,11.);
#1231=CIRCLE('',#3113,2.);
#1232=CIRCLE('',#3118,2.);
#1233=CIRCLE('',#3125,2.);
#1234=CIRCLE('',#3130,2.);
#1235=CIRCLE('',#3134,2.);
#1236=CIRCLE('',#3135,2.);
#1237=CIRCLE('',#3137,2.);
#1238=CIRCLE('',#3140,2.);
#1239=CIRCLE('',#3141,2.);
#1240=CIRCLE('',#3143,2.);
#1241=CIRCLE('',#3145,17.);
#1242=CIRCLE('',#3146,17.);
#1243=CIRCLE('',#3163,5.);
#1244=CIRCLE('',#3164,5.);
#1245=CIRCLE('',#3174,5.);
#1246=CIRCLE('',#3175,5.);
#1247=CIRCLE('',#3178,5.5);
#1248=CIRCLE('',#3179,5.5);
#1249=CIRCLE('',#3182,5.5);
#1250=CIRCLE('',#3183,5.5);
#1251=CIRCLE('',#3186,5.75);
#1252=CIRCLE('',#3187,6.8);
#1253=CIRCLE('',#3188,5.75);
#1254=CIRCLE('',#3190,5.75);
#1255=CIRCLE('',#3192,12.5);
#1256=CIRCLE('',#3196,12.5);
#1257=CIRCLE('',#3216,2.5);
#1258=CIRCLE('',#3218,2.5);
#1259=CIRCLE('',#3219,2.5);
#1260=CIRCLE('',#3220,2.);
#1261=CIRCLE('',#3230,2.5);
#1262=CIRCLE('',#3232,2.5);
#1263=CIRCLE('',#3233,2.5);
#1264=CIRCLE('',#3234,2.);
#1265=CIRCLE('',#3244,2.5);
#1266=CIRCLE('',#3246,2.5);
#1267=CIRCLE('',#3247,2.5);
#1268=CIRCLE('',#3248,2.);
#1269=CIRCLE('',#3258,2.5);
#1270=CIRCLE('',#3260,2.5);
#1271=CIRCLE('',#3261,2.5);
#1272=CIRCLE('',#3262,2.);
#1273=CIRCLE('',#3266,8.);
#1274=CIRCLE('',#3267,8.);
#1275=CIRCLE('',#3270,7.5);
#1276=CIRCLE('',#3271,7.5);
#1277=CIRCLE('',#3272,4.85);
#1278=CIRCLE('',#3274,7.5);
#1279=CIRCLE('',#3276,7.5);
#1280=CIRCLE('',#3277,7.5);
#1281=CIRCLE('',#3278,7.5);
#1282=CIRCLE('',#3279,7.5);
#1283=CIRCLE('',#3286,4.85);
#1284=CIRCLE('',#3288,6.);
#1285=CIRCLE('',#3289,5.08);
#1286=CIRCLE('',#3290,6.);
#1287=CIRCLE('',#3292,6.);
#1288=CIRCLE('',#3293,6.);
#1289=CIRCLE('',#3296,5.08);
#1290=CIRCLE('',#3299,5.75);
#1291=CIRCLE('',#3301,5.75);
#1292=CIRCLE('',#3302,5.75);
#1293=CIRCLE('',#3303,5.75);
#1294=CIRCLE('',#3312,5.);
#1295=CIRCLE('',#3313,5.);
#1296=CIRCLE('',#3323,5.);
#1297=CIRCLE('',#3324,5.);
#1298=CIRCLE('',#3327,5.5);
#1299=CIRCLE('',#3328,5.5);
#1300=CIRCLE('',#3331,5.5);
#1301=CIRCLE('',#3332,5.5);
#1302=CIRCLE('',#3335,6.8);
#1303=CIRCLE('',#3337,12.5);
#1304=CIRCLE('',#3340,12.5);
#1305=CIRCLE('',#3352,14.25);
#1306=CIRCLE('',#3359,14.25);
#1307=VERTEX_POINT('',#4252);
#1308=VERTEX_POINT('',#4254);
#1309=VERTEX_POINT('',#4258);
#1310=VERTEX_POINT('',#4260);
#1311=VERTEX_POINT('',#4264);
#1312=VERTEX_POINT('',#4266);
#1313=VERTEX_POINT('',#4270);
#1314=VERTEX_POINT('',#4272);
#1315=VERTEX_POINT('',#4276);
#1316=VERTEX_POINT('',#4278);
#1317=VERTEX_POINT('',#4282);
#1318=VERTEX_POINT('',#4284);
#1319=VERTEX_POINT('',#4288);
#1320=VERTEX_POINT('',#4291);
#1321=VERTEX_POINT('',#4294);
#1322=VERTEX_POINT('',#4298);
#1323=VERTEX_POINT('',#4302);
#1324=VERTEX_POINT('',#4305);
#1325=VERTEX_POINT('',#4308);
#1326=VERTEX_POINT('',#4312);
#1327=VERTEX_POINT('',#4313);
#1328=VERTEX_POINT('',#4315);
#1329=VERTEX_POINT('',#4317);
#1330=VERTEX_POINT('',#4321);
#1331=VERTEX_POINT('',#4322);
#1332=VERTEX_POINT('',#4324);
#1333=VERTEX_POINT('',#4326);
#1334=VERTEX_POINT('',#4330);
#1335=VERTEX_POINT('',#4334);
#1336=VERTEX_POINT('',#4335);
#1337=VERTEX_POINT('',#4337);
#1338=VERTEX_POINT('',#4339);
#1339=VERTEX_POINT('',#4341);
#1340=VERTEX_POINT('',#4343);
#1341=VERTEX_POINT('',#4347);
#1342=VERTEX_POINT('',#4349);
#1343=VERTEX_POINT('',#4351);
#1344=VERTEX_POINT('',#4355);
#1345=VERTEX_POINT('',#4359);
#1346=VERTEX_POINT('',#4361);
#1347=VERTEX_POINT('',#4365);
#1348=VERTEX_POINT('',#4366);
#1349=VERTEX_POINT('',#4368);
#1350=VERTEX_POINT('',#4370);
#1351=VERTEX_POINT('',#4372);
#1352=VERTEX_POINT('',#4374);
#1353=VERTEX_POINT('',#4378);
#1354=VERTEX_POINT('',#4380);
#1355=VERTEX_POINT('',#4382);
#1356=VERTEX_POINT('',#4386);
#1357=VERTEX_POINT('',#4390);
#1358=VERTEX_POINT('',#4392);
#1359=VERTEX_POINT('',#4396);
#1360=VERTEX_POINT('',#4398);
#1361=VERTEX_POINT('',#4404);
#1362=VERTEX_POINT('',#4406);
#1363=VERTEX_POINT('',#4409);
#1364=VERTEX_POINT('',#4411);
#1365=VERTEX_POINT('',#4415);
#1366=VERTEX_POINT('',#4417);
#1367=VERTEX_POINT('',#4426);
#1368=VERTEX_POINT('',#4428);
#1369=VERTEX_POINT('',#4434);
#1370=VERTEX_POINT('',#4435);
#1371=VERTEX_POINT('',#4437);
#1372=VERTEX_POINT('',#4439);
#1373=VERTEX_POINT('',#4455);
#1374=VERTEX_POINT('',#4459);
#1375=VERTEX_POINT('',#4463);
#1376=VERTEX_POINT('',#4464);
#1377=VERTEX_POINT('',#4466);
#1378=VERTEX_POINT('',#4468);
#1379=VERTEX_POINT('',#4472);
#1380=VERTEX_POINT('',#4474);
#1381=VERTEX_POINT('',#4478);
#1382=VERTEX_POINT('',#4480);
#1383=VERTEX_POINT('',#4484);
#1384=VERTEX_POINT('',#4486);
#1385=VERTEX_POINT('',#4490);
#1386=VERTEX_POINT('',#4492);
#1387=VERTEX_POINT('',#4500);
#1388=VERTEX_POINT('',#4502);
#1389=VERTEX_POINT('',#4507);
#1390=VERTEX_POINT('',#4508);
#1391=VERTEX_POINT('',#4510);
#1392=VERTEX_POINT('',#4512);
#1393=VERTEX_POINT('',#4516);
#1394=VERTEX_POINT('',#4518);
#1395=VERTEX_POINT('',#4522);
#1396=VERTEX_POINT('',#4524);
#1397=VERTEX_POINT('',#4528);
#1398=VERTEX_POINT('',#4530);
#1399=VERTEX_POINT('',#4534);
#1400=VERTEX_POINT('',#4536);
#1401=VERTEX_POINT('',#4544);
#1402=VERTEX_POINT('',#4546);
#1403=VERTEX_POINT('',#4551);
#1404=VERTEX_POINT('',#4553);
#1405=VERTEX_POINT('',#4558);
#1406=VERTEX_POINT('',#4560);
#1407=VERTEX_POINT('',#4565);
#1408=VERTEX_POINT('',#4566);
#1409=VERTEX_POINT('',#4568);
#1410=VERTEX_POINT('',#4573);
#1411=VERTEX_POINT('',#4577);
#1412=VERTEX_POINT('',#4578);
#1413=VERTEX_POINT('',#4583);
#1414=VERTEX_POINT('',#4584);
#1415=VERTEX_POINT('',#4586);
#1416=VERTEX_POINT('',#4588);
#1417=VERTEX_POINT('',#4593);
#1418=VERTEX_POINT('',#4596);
#1419=VERTEX_POINT('',#4600);
#1420=VERTEX_POINT('',#4604);
#1421=VERTEX_POINT('',#4608);
#1422=VERTEX_POINT('',#4610);
#1423=VERTEX_POINT('',#4616);
#1424=VERTEX_POINT('',#4618);
#1425=VERTEX_POINT('',#4622);
#1426=VERTEX_POINT('',#4628);
#1427=VERTEX_POINT('',#4635);
#1428=VERTEX_POINT('',#4636);
#1429=VERTEX_POINT('',#4638);
#1430=VERTEX_POINT('',#4640);
#1431=VERTEX_POINT('',#4644);
#1432=VERTEX_POINT('',#4646);
#1433=VERTEX_POINT('',#4650);
#1434=VERTEX_POINT('',#4652);
#1435=VERTEX_POINT('',#4656);
#1436=VERTEX_POINT('',#4658);
#1437=VERTEX_POINT('',#4662);
#1438=VERTEX_POINT('',#4664);
#1439=VERTEX_POINT('',#4671);
#1440=VERTEX_POINT('',#4674);
#1441=VERTEX_POINT('',#4675);
#1442=VERTEX_POINT('',#4678);
#1443=VERTEX_POINT('',#4685);
#1444=VERTEX_POINT('',#4686);
#1445=VERTEX_POINT('',#4688);
#1446=VERTEX_POINT('',#4690);
#1447=VERTEX_POINT('',#4694);
#1448=VERTEX_POINT('',#4696);
#1449=VERTEX_POINT('',#4700);
#1450=VERTEX_POINT('',#4702);
#1451=VERTEX_POINT('',#4706);
#1452=VERTEX_POINT('',#4708);
#1453=VERTEX_POINT('',#4712);
#1454=VERTEX_POINT('',#4714);
#1455=VERTEX_POINT('',#4721);
#1456=VERTEX_POINT('',#4724);
#1457=VERTEX_POINT('',#4725);
#1458=VERTEX_POINT('',#4728);
#1459=VERTEX_POINT('',#4735);
#1460=VERTEX_POINT('',#4736);
#1461=VERTEX_POINT('',#4738);
#1462=VERTEX_POINT('',#4740);
#1463=VERTEX_POINT('',#4744);
#1464=VERTEX_POINT('',#4746);
#1465=VERTEX_POINT('',#4750);
#1466=VERTEX_POINT('',#4752);
#1467=VERTEX_POINT('',#4756);
#1468=VERTEX_POINT('',#4758);
#1469=VERTEX_POINT('',#4762);
#1470=VERTEX_POINT('',#4764);
#1471=VERTEX_POINT('',#4771);
#1472=VERTEX_POINT('',#4774);
#1473=VERTEX_POINT('',#4775);
#1474=VERTEX_POINT('',#4778);
#1475=VERTEX_POINT('',#4785);
#1476=VERTEX_POINT('',#4786);
#1477=VERTEX_POINT('',#4788);
#1478=VERTEX_POINT('',#4790);
#1479=VERTEX_POINT('',#4794);
#1480=VERTEX_POINT('',#4796);
#1481=VERTEX_POINT('',#4800);
#1482=VERTEX_POINT('',#4802);
#1483=VERTEX_POINT('',#4806);
#1484=VERTEX_POINT('',#4808);
#1485=VERTEX_POINT('',#4812);
#1486=VERTEX_POINT('',#4814);
#1487=VERTEX_POINT('',#4821);
#1488=VERTEX_POINT('',#4824);
#1489=VERTEX_POINT('',#4825);
#1490=VERTEX_POINT('',#4828);
#1491=VERTEX_POINT('',#4835);
#1492=VERTEX_POINT('',#4837);
#1493=VERTEX_POINT('',#4841);
#1494=VERTEX_POINT('',#4842);
#1495=VERTEX_POINT('',#4853);
#1496=VERTEX_POINT('',#4855);
#1497=VERTEX_POINT('',#4862);
#1498=VERTEX_POINT('',#4871);
#1499=VERTEX_POINT('',#4872);
#1500=VERTEX_POINT('',#4874);
#1501=VERTEX_POINT('',#4876);
#1502=VERTEX_POINT('',#4879);
#1503=VERTEX_POINT('',#4882);
#1504=VERTEX_POINT('',#4883);
#1505=VERTEX_POINT('',#4887);
#1506=VERTEX_POINT('',#4889);
#1507=VERTEX_POINT('',#4891);
#1508=VERTEX_POINT('',#4906);
#1509=VERTEX_POINT('',#4910);
#1510=VERTEX_POINT('',#4911);
#1511=VERTEX_POINT('',#4913);
#1512=VERTEX_POINT('',#4918);
#1513=VERTEX_POINT('',#4919);
#1514=VERTEX_POINT('',#4925);
#1515=VERTEX_POINT('',#4932);
#1516=VERTEX_POINT('',#4934);
#1517=VERTEX_POINT('',#4939);
#1518=VERTEX_POINT('',#4940);
#1519=VERTEX_POINT('',#4942);
#1520=VERTEX_POINT('',#4944);
#1521=VERTEX_POINT('',#4948);
#1522=VERTEX_POINT('',#4950);
#1523=VERTEX_POINT('',#4954);
#1524=VERTEX_POINT('',#4956);
#1525=VERTEX_POINT('',#4960);
#1526=VERTEX_POINT('',#4962);
#1527=VERTEX_POINT('',#4966);
#1528=VERTEX_POINT('',#4968);
#1529=VERTEX_POINT('',#4976);
#1530=VERTEX_POINT('',#4978);
#1531=VERTEX_POINT('',#4983);
#1532=VERTEX_POINT('',#4984);
#1533=VERTEX_POINT('',#4986);
#1534=VERTEX_POINT('',#4988);
#1535=VERTEX_POINT('',#4992);
#1536=VERTEX_POINT('',#4994);
#1537=VERTEX_POINT('',#4998);
#1538=VERTEX_POINT('',#5000);
#1539=VERTEX_POINT('',#5004);
#1540=VERTEX_POINT('',#5006);
#1541=VERTEX_POINT('',#5010);
#1542=VERTEX_POINT('',#5012);
#1543=VERTEX_POINT('',#5020);
#1544=VERTEX_POINT('',#5022);
#1545=VERTEX_POINT('',#5027);
#1546=VERTEX_POINT('',#5029);
#1547=VERTEX_POINT('',#5034);
#1548=VERTEX_POINT('',#5036);
#1549=VERTEX_POINT('',#5041);
#1550=VERTEX_POINT('',#5045);
#1551=VERTEX_POINT('',#5049);
#1552=VERTEX_POINT('',#5053);
#1553=VERTEX_POINT('',#5054);
#1554=VERTEX_POINT('',#5056);
#1555=VERTEX_POINT('',#5058);
#1556=VERTEX_POINT('',#5062);
#1557=VERTEX_POINT('',#5064);
#1558=VERTEX_POINT('',#5066);
#1559=VERTEX_POINT('',#5070);
#1560=VERTEX_POINT('',#5072);
#1561=VERTEX_POINT('',#5076);
#1562=VERTEX_POINT('',#5080);
#1563=VERTEX_POINT('',#5082);
#1564=VERTEX_POINT('',#5086);
#1565=VERTEX_POINT('',#5093);
#1566=VERTEX_POINT('',#5100);
#1567=VERTEX_POINT('',#5101);
#1568=VERTEX_POINT('',#5103);
#1569=VERTEX_POINT('',#5105);
#1570=VERTEX_POINT('',#5108);
#1571=VERTEX_POINT('',#5111);
#1572=VERTEX_POINT('',#5112);
#1573=VERTEX_POINT('',#5117);
#1574=VERTEX_POINT('',#5118);
#1575=VERTEX_POINT('',#5129);
#1576=EDGE_CURVE('',#1307,#1307,#1205,.T.);
#1577=EDGE_CURVE('',#1307,#1308,#615,.T.);
#1578=EDGE_CURVE('',#1308,#1308,#1206,.T.);
#1579=EDGE_CURVE('',#1309,#1309,#1207,.T.);
#1580=EDGE_CURVE('',#1309,#1310,#616,.T.);
#1581=EDGE_CURVE('',#1310,#1310,#1208,.T.);
#1582=EDGE_CURVE('',#1311,#1311,#1209,.T.);
#1583=EDGE_CURVE('',#1311,#1312,#617,.T.);
#1584=EDGE_CURVE('',#1312,#1312,#1210,.T.);
#1585=EDGE_CURVE('',#1313,#1313,#1211,.T.);
#1586=EDGE_CURVE('',#1313,#1314,#618,.T.);
#1587=EDGE_CURVE('',#1314,#1314,#1212,.T.);
#1588=EDGE_CURVE('',#1315,#1315,#1213,.T.);
#1589=EDGE_CURVE('',#1315,#1316,#619,.T.);
#1590=EDGE_CURVE('',#1316,#1316,#1214,.T.);
#1591=EDGE_CURVE('',#1317,#1317,#1215,.T.);
#1592=EDGE_CURVE('',#1317,#1318,#620,.T.);
#1593=EDGE_CURVE('',#1318,#1318,#1216,.T.);
#1594=EDGE_CURVE('',#1319,#1319,#1217,.F.);
#1595=EDGE_CURVE('',#1320,#1320,#1218,.F.);
#1596=EDGE_CURVE('',#1321,#1321,#1219,.F.);
#1597=EDGE_CURVE('',#1321,#1319,#1220,.T.);
#1598=EDGE_CURVE('',#1320,#1322,#1221,.T.);
#1599=EDGE_CURVE('',#1322,#1322,#1222,.F.);
#1600=EDGE_CURVE('',#1323,#1323,#1223,.F.);
#1601=EDGE_CURVE('',#1324,#1324,#1224,.F.);
#1602=EDGE_CURVE('',#1324,#1325,#621,.T.);
#1603=EDGE_CURVE('',#1325,#1325,#1225,.F.);
#1604=EDGE_CURVE('',#1326,#1327,#622,.T.);
#1605=EDGE_CURVE('',#1328,#1326,#1226,.T.);
#1606=EDGE_CURVE('',#1329,#1328,#623,.F.);
#1607=EDGE_CURVE('',#1327,#1329,#1227,.T.);
#1608=EDGE_CURVE('',#1330,#1331,#624,.T.);
#1609=EDGE_CURVE('',#1332,#1330,#1228,.T.);
#1610=EDGE_CURVE('',#1333,#1332,#625,.T.);
#1611=EDGE_CURVE('',#1331,#1333,#1229,.T.);
#1612=EDGE_CURVE('',#1334,#1334,#1230,.T.);
#1613=EDGE_CURVE('',#1334,#1323,#626,.T.);
#1614=EDGE_CURVE('',#1335,#1336,#26,.T.);
#1615=EDGE_CURVE('',#1336,#1337,#627,.T.);
#1616=EDGE_CURVE('',#1337,#1338,#27,.T.);
#1617=EDGE_CURVE('',#1338,#1339,#28,.T.);
#1618=EDGE_CURVE('',#1339,#1340,#628,.T.);
#1619=EDGE_CURVE('',#1340,#1335,#29,.T.);
#1620=EDGE_CURVE('',#1340,#1341,#629,.T.);
#1621=EDGE_CURVE('',#1342,#1341,#1231,.T.);
#1622=EDGE_CURVE('',#1342,#1343,#630,.T.);
#1623=EDGE_CURVE('',#1343,#1335,#30,.T.);
#1624=EDGE_CURVE('',#1344,#1339,#631,.T.);
#1625=EDGE_CURVE('',#1344,#1341,#632,.F.);
#1626=EDGE_CURVE('',#1338,#1345,#31,.T.);
#1627=EDGE_CURVE('',#1345,#1346,#633,.T.);
#1628=EDGE_CURVE('',#1346,#1344,#1232,.F.);
#1629=EDGE_CURVE('',#1347,#1348,#32,.T.);
#1630=EDGE_CURVE('',#1348,#1349,#634,.T.);
#1631=EDGE_CURVE('',#1349,#1350,#33,.T.);
#1632=EDGE_CURVE('',#1350,#1351,#34,.T.);
#1633=EDGE_CURVE('',#1351,#1352,#635,.T.);
#1634=EDGE_CURVE('',#1352,#1347,#35,.T.);
#1635=EDGE_CURVE('',#1352,#1353,#636,.T.);
#1636=EDGE_CURVE('',#1354,#1353,#1233,.F.);
#1637=EDGE_CURVE('',#1354,#1355,#637,.T.);
#1638=EDGE_CURVE('',#1355,#1347,#36,.T.);
#1639=EDGE_CURVE('',#1356,#1351,#638,.T.);
#1640=EDGE_CURVE('',#1356,#1353,#639,.T.);
#1641=EDGE_CURVE('',#1350,#1357,#37,.T.);
#1642=EDGE_CURVE('',#1357,#1358,#640,.T.);
#1643=EDGE_CURVE('',#1358,#1356,#1234,.T.);
#1644=EDGE_CURVE('',#1359,#1342,#641,.T.);
#1645=EDGE_CURVE('',#1360,#1359,#642,.F.);
#1646=EDGE_CURVE('',#1358,#1360,#643,.F.);
#1647=EDGE_CURVE('',#1333,#1357,#644,.T.);
#1648=EDGE_CURVE('',#1343,#1332,#645,.T.);
#1649=EDGE_CURVE('',#1361,#1345,#646,.T.);
#1650=EDGE_CURVE('',#1362,#1361,#647,.F.);
#1651=EDGE_CURVE('',#1355,#1362,#648,.T.);
#1652=EDGE_CURVE('',#1363,#1354,#649,.F.);
#1653=EDGE_CURVE('',#1363,#1364,#650,.F.);
#1654=EDGE_CURVE('',#1346,#1364,#651,.T.);
#1655=EDGE_CURVE('',#1365,#1330,#1235,.T.);
#1656=EDGE_CURVE('',#1365,#1366,#1236,.T.);
#1657=EDGE_CURVE('',#1366,#1336,#652,.T.);
#1658=EDGE_CURVE('',#1349,#1328,#653,.T.);
#1659=EDGE_CURVE('',#1331,#1326,#1237,.T.);
#1660=EDGE_CURVE('',#1329,#1348,#654,.T.);
#1661=EDGE_CURVE('',#1337,#1367,#655,.T.);
#1662=EDGE_CURVE('',#1367,#1368,#1238,.T.);
#1663=EDGE_CURVE('',#1361,#1368,#1239,.T.);
#1664=EDGE_CURVE('',#1327,#1362,#1240,.T.);
#1665=EDGE_CURVE('',#1369,#1370,#656,.T.);
#1666=EDGE_CURVE('',#1371,#1370,#1241,.F.);
#1667=EDGE_CURVE('',#1372,#1371,#657,.T.);
#1668=EDGE_CURVE('',#1369,#1372,#1242,.T.);
#1669=EDGE_CURVE('',#1360,#1369,#658,.T.);
#1670=EDGE_CURVE('',#1372,#1363,#659,.T.);
#1671=EDGE_CURVE('',#1359,#1370,#660,.F.);
#1672=EDGE_CURVE('',#1371,#1364,#661,.F.);
#1673=EDGE_CURVE('',#1366,#1367,#662,.T.);
#1674=EDGE_CURVE('',#1368,#1365,#663,.T.);
#1675=EDGE_CURVE('',#1373,#1330,#664,.F.);
#1676=EDGE_CURVE('',#1365,#1373,#665,.F.);
#1677=EDGE_CURVE('',#1374,#1326,#666,.F.);
#1678=EDGE_CURVE('',#1331,#1374,#667,.F.);
#1679=EDGE_CURVE('',#1375,#1376,#668,.F.);
#1680=EDGE_CURVE('',#1377,#1375,#669,.F.);
#1681=EDGE_CURVE('',#1378,#1377,#670,.T.);
#1682=EDGE_CURVE('',#1378,#1376,#671,.F.);
#1683=EDGE_CURVE('',#1376,#1379,#672,.F.);
#1684=EDGE_CURVE('',#1380,#1378,#673,.T.);
#1685=EDGE_CURVE('',#1380,#1379,#674,.F.);
#1686=EDGE_CURVE('',#1379,#1381,#675,.F.);
#1687=EDGE_CURVE('',#1382,#1380,#676,.T.);
#1688=EDGE_CURVE('',#1382,#1381,#677,.F.);
#1689=EDGE_CURVE('',#1381,#1383,#678,.F.);
#1690=EDGE_CURVE('',#1384,#1382,#679,.T.);
#1691=EDGE_CURVE('',#1384,#1383,#680,.F.);
#1692=EDGE_CURVE('',#1383,#1385,#681,.F.);
#1693=EDGE_CURVE('',#1386,#1384,#682,.T.);
#1694=EDGE_CURVE('',#1386,#1385,#683,.F.);
#1695=EDGE_CURVE('',#1385,#1375,#684,.F.);
#1696=EDGE_CURVE('',#1377,#1386,#685,.T.);
#1697=EDGE_CURVE('',#1387,#1387,#1243,.T.);
#1698=EDGE_CURVE('',#1387,#1388,#686,.T.);
#1699=EDGE_CURVE('',#1388,#1388,#1244,.T.);
#1700=EDGE_CURVE('',#1389,#1390,#687,.F.);
#1701=EDGE_CURVE('',#1391,#1389,#688,.F.);
#1702=EDGE_CURVE('',#1392,#1391,#689,.T.);
#1703=EDGE_CURVE('',#1392,#1390,#690,.F.);
#1704=EDGE_CURVE('',#1390,#1393,#691,.F.);
#1705=EDGE_CURVE('',#1394,#1392,#692,.T.);
#1706=EDGE_CURVE('',#1394,#1393,#693,.F.);
#1707=EDGE_CURVE('',#1393,#1395,#694,.F.);
#1708=EDGE_CURVE('',#1396,#1394,#695,.T.);
#1709=EDGE_CURVE('',#1396,#1395,#696,.F.);
#1710=EDGE_CURVE('',#1395,#1397,#697,.F.);
#1711=EDGE_CURVE('',#1398,#1396,#698,.T.);
#1712=EDGE_CURVE('',#1398,#1397,#699,.F.);
#1713=EDGE_CURVE('',#1397,#1399,#700,.F.);
#1714=EDGE_CURVE('',#1400,#1398,#701,.T.);
#1715=EDGE_CURVE('',#1400,#1399,#702,.F.);
#1716=EDGE_CURVE('',#1399,#1389,#703,.F.);
#1717=EDGE_CURVE('',#1391,#1400,#704,.T.);
#1718=EDGE_CURVE('',#1401,#1401,#1245,.T.);
#1719=EDGE_CURVE('',#1401,#1402,#705,.T.);
#1720=EDGE_CURVE('',#1402,#1402,#1246,.T.);
#1721=EDGE_CURVE('',#1403,#1403,#1247,.T.);
#1722=EDGE_CURVE('',#1403,#1404,#706,.T.);
#1723=EDGE_CURVE('',#1404,#1404,#1248,.T.);
#1724=EDGE_CURVE('',#1405,#1405,#1249,.T.);
#1725=EDGE_CURVE('',#1405,#1406,#707,.T.);
#1726=EDGE_CURVE('',#1406,#1406,#1250,.F.);
#1727=EDGE_CURVE('',#1407,#1408,#1251,.F.);
#1728=EDGE_CURVE('',#1408,#1409,#708,.T.);
#1729=EDGE_CURVE('',#1409,#1409,#1252,.F.);
#1730=EDGE_CURVE('',#1408,#1407,#1253,.F.);
#1731=EDGE_CURVE('',#1410,#1410,#1254,.T.);
#1732=EDGE_CURVE('',#1410,#1407,#709,.T.);
#1733=EDGE_CURVE('',#1411,#1412,#710,.T.);
#1734=EDGE_CURVE('',#1412,#1411,#1255,.T.);
#1735=EDGE_CURVE('',#1413,#1414,#38,.F.);
#1736=EDGE_CURVE('',#1415,#1413,#1256,.T.);
#1737=EDGE_CURVE('',#1416,#1415,#39,.F.);
#1738=EDGE_CURVE('',#1412,#1416,#711,.T.);
#1739=EDGE_CURVE('',#1414,#1411,#712,.F.);
#1740=EDGE_CURVE('',#1417,#1368,#713,.F.);
#1741=EDGE_CURVE('',#1414,#1417,#714,.F.);
#1742=EDGE_CURVE('',#1418,#1416,#715,.F.);
#1743=EDGE_CURVE('',#1327,#1418,#716,.F.);
#1744=EDGE_CURVE('',#1415,#1419,#717,.F.);
#1745=EDGE_CURVE('',#1419,#1418,#718,.T.);
#1746=EDGE_CURVE('',#1417,#1420,#719,.T.);
#1747=EDGE_CURVE('',#1420,#1413,#720,.F.);
#1748=EDGE_CURVE('',#1374,#1421,#721,.T.);
#1749=EDGE_CURVE('',#1421,#1422,#722,.F.);
#1750=EDGE_CURVE('',#1422,#1373,#723,.T.);
#1751=EDGE_CURVE('',#1419,#1421,#724,.F.);
#1752=EDGE_CURVE('',#1419,#1423,#725,.T.);
#1753=EDGE_CURVE('',#1423,#1424,#726,.T.);
#1754=EDGE_CURVE('',#1424,#1421,#727,.T.);
#1755=EDGE_CURVE('',#1425,#1420,#728,.F.);
#1756=EDGE_CURVE('',#1425,#1423,#729,.T.);
#1757=EDGE_CURVE('',#1422,#1420,#730,.T.);
#1758=EDGE_CURVE('',#1422,#1426,#731,.F.);
#1759=EDGE_CURVE('',#1426,#1425,#732,.F.);
#1760=EDGE_CURVE('',#1426,#1424,#733,.T.);
#1761=EDGE_CURVE('',#1427,#1428,#734,.T.);
#1762=EDGE_CURVE('',#1429,#1427,#735,.T.);
#1763=EDGE_CURVE('',#1429,#1430,#736,.F.);
#1764=EDGE_CURVE('',#1430,#1428,#737,.T.);
#1765=EDGE_CURVE('',#1431,#1427,#738,.T.);
#1766=EDGE_CURVE('',#1432,#1431,#739,.T.);
#1767=EDGE_CURVE('',#1432,#1429,#740,.F.);
#1768=EDGE_CURVE('',#1433,#1431,#741,.T.);
#1769=EDGE_CURVE('',#1434,#1433,#742,.T.);
#1770=EDGE_CURVE('',#1434,#1432,#743,.F.);
#1771=EDGE_CURVE('',#1435,#1433,#744,.T.);
#1772=EDGE_CURVE('',#1436,#1435,#745,.T.);
#1773=EDGE_CURVE('',#1436,#1434,#746,.F.);
#1774=EDGE_CURVE('',#1437,#1435,#747,.T.);
#1775=EDGE_CURVE('',#1438,#1437,#748,.T.);
#1776=EDGE_CURVE('',#1438,#1436,#749,.F.);
#1777=EDGE_CURVE('',#1428,#1437,#750,.T.);
#1778=EDGE_CURVE('',#1430,#1438,#751,.F.);
#1779=EDGE_CURVE('',#1439,#1439,#1257,.F.);
#1780=EDGE_CURVE('',#1440,#1441,#1258,.F.);
#1781=EDGE_CURVE('',#1441,#1440,#1259,.F.);
#1782=EDGE_CURVE('',#1440,#1442,#752,.T.);
#1783=EDGE_CURVE('',#1442,#1442,#1260,.F.);
#1784=EDGE_CURVE('',#1441,#1439,#753,.T.);
#1785=EDGE_CURVE('',#1443,#1444,#754,.T.);
#1786=EDGE_CURVE('',#1445,#1443,#755,.T.);
#1787=EDGE_CURVE('',#1445,#1446,#756,.F.);
#1788=EDGE_CURVE('',#1446,#1444,#757,.T.);
#1789=EDGE_CURVE('',#1447,#1443,#758,.T.);
#1790=EDGE_CURVE('',#1448,#1447,#759,.T.);
#1791=EDGE_CURVE('',#1448,#1445,#760,.F.);
#1792=EDGE_CURVE('',#1449,#1447,#761,.T.);
#1793=EDGE_CURVE('',#1450,#1449,#762,.T.);
#1794=EDGE_CURVE('',#1450,#1448,#763,.F.);
#1795=EDGE_CURVE('',#1451,#1449,#764,.T.);
#1796=EDGE_CURVE('',#1452,#1451,#765,.T.);
#1797=EDGE_CURVE('',#1452,#1450,#766,.F.);
#1798=EDGE_CURVE('',#1453,#1451,#767,.T.);
#1799=EDGE_CURVE('',#1454,#1453,#768,.T.);
#1800=EDGE_CURVE('',#1454,#1452,#769,.F.);
#1801=EDGE_CURVE('',#1444,#1453,#770,.T.);
#1802=EDGE_CURVE('',#1446,#1454,#771,.F.);
#1803=EDGE_CURVE('',#1455,#1455,#1261,.F.);
#1804=EDGE_CURVE('',#1456,#1457,#1262,.F.);
#1805=EDGE_CURVE('',#1457,#1456,#1263,.F.);
#1806=EDGE_CURVE('',#1456,#1458,#772,.T.);
#1807=EDGE_CURVE('',#1458,#1458,#1264,.F.);
#1808=EDGE_CURVE('',#1457,#1455,#773,.T.);
#1809=EDGE_CURVE('',#1459,#1460,#774,.T.);
#1810=EDGE_CURVE('',#1461,#1459,#775,.T.);
#1811=EDGE_CURVE('',#1461,#1462,#776,.F.);
#1812=EDGE_CURVE('',#1462,#1460,#777,.T.);
#1813=EDGE_CURVE('',#1463,#1459,#778,.T.);
#1814=EDGE_CURVE('',#1464,#1463,#779,.T.);
#1815=EDGE_CURVE('',#1464,#1461,#780,.F.);
#1816=EDGE_CURVE('',#1465,#1463,#781,.T.);
#1817=EDGE_CURVE('',#1466,#1465,#782,.T.);
#1818=EDGE_CURVE('',#1466,#1464,#783,.F.);
#1819=EDGE_CURVE('',#1467,#1465,#784,.T.);
#1820=EDGE_CURVE('',#1468,#1467,#785,.T.);
#1821=EDGE_CURVE('',#1468,#1466,#786,.F.);
#1822=EDGE_CURVE('',#1469,#1467,#787,.T.);
#1823=EDGE_CURVE('',#1470,#1469,#788,.T.);
#1824=EDGE_CURVE('',#1470,#1468,#789,.F.);
#1825=EDGE_CURVE('',#1460,#1469,#790,.T.);
#1826=EDGE_CURVE('',#1462,#1470,#791,.F.);
#1827=EDGE_CURVE('',#1471,#1471,#1265,.F.);
#1828=EDGE_CURVE('',#1472,#1473,#1266,.F.);
#1829=EDGE_CURVE('',#1473,#1472,#1267,.F.);
#1830=EDGE_CURVE('',#1472,#1474,#792,.T.);
#1831=EDGE_CURVE('',#1474,#1474,#1268,.F.);
#1832=EDGE_CURVE('',#1473,#1471,#793,.T.);
#1833=EDGE_CURVE('',#1475,#1476,#794,.T.);
#1834=EDGE_CURVE('',#1477,#1475,#795,.T.);
#1835=EDGE_CURVE('',#1477,#1478,#796,.F.);
#1836=EDGE_CURVE('',#1478,#1476,#797,.T.);
#1837=EDGE_CURVE('',#1479,#1475,#798,.T.);
#1838=EDGE_CURVE('',#1480,#1479,#799,.T.);
#1839=EDGE_CURVE('',#1480,#1477,#800,.F.);
#1840=EDGE_CURVE('',#1481,#1479,#801,.T.);
#1841=EDGE_CURVE('',#1482,#1481,#802,.T.);
#1842=EDGE_CURVE('',#1482,#1480,#803,.F.);
#1843=EDGE_CURVE('',#1483,#1481,#804,.T.);
#1844=EDGE_CURVE('',#1484,#1483,#805,.T.);
#1845=EDGE_CURVE('',#1484,#1482,#806,.F.);
#1846=EDGE_CURVE('',#1485,#1483,#807,.T.);
#1847=EDGE_CURVE('',#1486,#1485,#808,.T.);
#1848=EDGE_CURVE('',#1486,#1484,#809,.F.);
#1849=EDGE_CURVE('',#1476,#1485,#810,.T.);
#1850=EDGE_CURVE('',#1478,#1486,#811,.F.);
#1851=EDGE_CURVE('',#1487,#1487,#1269,.F.);
#1852=EDGE_CURVE('',#1488,#1489,#1270,.F.);
#1853=EDGE_CURVE('',#1489,#1488,#1271,.F.);
#1854=EDGE_CURVE('',#1488,#1490,#812,.T.);
#1855=EDGE_CURVE('',#1490,#1490,#1272,.F.);
#1856=EDGE_CURVE('',#1489,#1487,#813,.T.);
#1857=EDGE_CURVE('',#1491,#1491,#1273,.T.);
#1858=EDGE_CURVE('',#1491,#1492,#814,.T.);
#1859=EDGE_CURVE('',#1492,#1492,#1274,.F.);
#1860=EDGE_CURVE('',#1493,#1494,#14,.T.);
#1861=EDGE_CURVE('',#1495,#1493,#815,.F.);
#1862=EDGE_CURVE('',#1496,#1495,#15,.T.);
#1863=EDGE_CURVE('',#1497,#1496,#16,.T.);
#1864=EDGE_CURVE('',#1494,#1497,#816,.T.);
#1865=EDGE_CURVE('',#1498,#1499,#817,.T.);
#1866=EDGE_CURVE('',#1499,#1500,#1275,.T.);
#1867=EDGE_CURVE('',#1500,#1501,#818,.T.);
#1868=EDGE_CURVE('',#1501,#1498,#1276,.T.);
#1869=EDGE_CURVE('',#1502,#1502,#1277,.F.);
#1870=EDGE_CURVE('',#1503,#1504,#819,.F.);
#1871=EDGE_CURVE('',#1504,#1503,#1278,.T.);
#1872=EDGE_CURVE('',#1491,#1505,#820,.T.);
#1873=EDGE_CURVE('',#1505,#1506,#1279,.T.);
#1874=EDGE_CURVE('',#1507,#1506,#1280,.T.);
#1875=EDGE_CURVE('',#1507,#1503,#1281,.T.);
#1876=EDGE_CURVE('',#1504,#1505,#1282,.T.);
#1877=EDGE_CURVE('',#1506,#1507,#821,.F.);
#1878=EDGE_CURVE('',#1507,#1498,#822,.T.);
#1879=EDGE_CURVE('',#1499,#1506,#823,.F.);
#1880=EDGE_CURVE('',#1504,#1500,#824,.T.);
#1881=EDGE_CURVE('',#1501,#1503,#825,.F.);
#1882=EDGE_CURVE('',#1508,#1508,#1283,.F.);
#1883=EDGE_CURVE('',#1508,#1502,#826,.T.);
#1884=EDGE_CURVE('',#1509,#1510,#1284,.F.);
#1885=EDGE_CURVE('',#1510,#1511,#827,.T.);
#1886=EDGE_CURVE('',#1511,#1511,#1285,.F.);
#1887=EDGE_CURVE('',#1510,#1509,#1286,.F.);
#1888=EDGE_CURVE('',#1512,#1513,#1287,.F.);
#1889=EDGE_CURVE('',#1513,#1512,#1288,.F.);
#1890=EDGE_CURVE('',#1513,#1509,#828,.T.);
#1891=EDGE_CURVE('',#1512,#1514,#829,.T.);
#1892=EDGE_CURVE('',#1514,#1514,#1289,.F.);
#1893=EDGE_CURVE('',#1495,#1493,#1290,.T.);
#1894=EDGE_CURVE('',#1496,#1515,#830,.T.);
#1895=EDGE_CURVE('',#1516,#1515,#1291,.F.);
#1896=EDGE_CURVE('',#1515,#1516,#1292,.F.);
#1897=EDGE_CURVE('',#1494,#1497,#1293,.T.);
#1898=EDGE_CURVE('',#1517,#1518,#831,.F.);
#1899=EDGE_CURVE('',#1519,#1517,#832,.F.);
#1900=EDGE_CURVE('',#1520,#1519,#833,.T.);
#1901=EDGE_CURVE('',#1520,#1518,#834,.F.);
#1902=EDGE_CURVE('',#1518,#1521,#835,.F.);
#1903=EDGE_CURVE('',#1522,#1520,#836,.T.);
#1904=EDGE_CURVE('',#1522,#1521,#837,.F.);
#1905=EDGE_CURVE('',#1521,#1523,#838,.F.);
#1906=EDGE_CURVE('',#1524,#1522,#839,.T.);
#1907=EDGE_CURVE('',#1524,#1523,#840,.F.);
#1908=EDGE_CURVE('',#1523,#1525,#841,.F.);
#1909=EDGE_CURVE('',#1526,#1524,#842,.T.);
#1910=EDGE_CURVE('',#1526,#1525,#843,.F.);
#1911=EDGE_CURVE('',#1525,#1527,#844,.F.);
#1912=EDGE_CURVE('',#1528,#1526,#845,.T.);
#1913=EDGE_CURVE('',#1528,#1527,#846,.F.);
#1914=EDGE_CURVE('',#1527,#1517,#847,.F.);
#1915=EDGE_CURVE('',#1519,#1528,#848,.T.);
#1916=EDGE_CURVE('',#1529,#1529,#1294,.T.);
#1917=EDGE_CURVE('',#1529,#1530,#849,.T.);
#1918=EDGE_CURVE('',#1530,#1530,#1295,.T.);
#1919=EDGE_CURVE('',#1531,#1532,#850,.F.);
#1920=EDGE_CURVE('',#1533,#1531,#851,.F.);
#1921=EDGE_CURVE('',#1534,#1533,#852,.T.);
#1922=EDGE_CURVE('',#1534,#1532,#853,.F.);
#1923=EDGE_CURVE('',#1532,#1535,#854,.F.);
#1924=EDGE_CURVE('',#1536,#1534,#855,.T.);
#1925=EDGE_CURVE('',#1536,#1535,#856,.F.);
#1926=EDGE_CURVE('',#1535,#1537,#857,.F.);
#1927=EDGE_CURVE('',#1538,#1536,#858,.T.);
#1928=EDGE_CURVE('',#1538,#1537,#859,.F.);
#1929=EDGE_CURVE('',#1537,#1539,#860,.F.);
#1930=EDGE_CURVE('',#1540,#1538,#861,.T.);
#1931=EDGE_CURVE('',#1540,#1539,#862,.F.);
#1932=EDGE_CURVE('',#1539,#1541,#863,.F.);
#1933=EDGE_CURVE('',#1542,#1540,#864,.T.);
#1934=EDGE_CURVE('',#1542,#1541,#865,.F.);
#1935=EDGE_CURVE('',#1541,#1531,#866,.F.);
#1936=EDGE_CURVE('',#1533,#1542,#867,.T.);
#1937=EDGE_CURVE('',#1543,#1543,#1296,.T.);
#1938=EDGE_CURVE('',#1543,#1544,#868,.T.);
#1939=EDGE_CURVE('',#1544,#1544,#1297,.T.);
#1940=EDGE_CURVE('',#1545,#1545,#1298,.T.);
#1941=EDGE_CURVE('',#1545,#1546,#869,.T.);
#1942=EDGE_CURVE('',#1546,#1546,#1299,.F.);
#1943=EDGE_CURVE('',#1547,#1547,#1300,.T.);
#1944=EDGE_CURVE('',#1547,#1548,#870,.T.);
#1945=EDGE_CURVE('',#1548,#1548,#1301,.T.);
#1946=EDGE_CURVE('',#1516,#1549,#871,.T.);
#1947=EDGE_CURVE('',#1549,#1549,#1302,.F.);
#1948=EDGE_CURVE('',#1550,#1550,#1303,.T.);
#1949=EDGE_CURVE('',#1550,#1551,#872,.T.);
#1950=EDGE_CURVE('',#1551,#1551,#1304,.T.);
#1951=EDGE_CURVE('',#1552,#1553,#873,.T.);
#1952=EDGE_CURVE('',#1553,#1554,#874,.F.);
#1953=EDGE_CURVE('',#1554,#1555,#875,.T.);
#1954=EDGE_CURVE('',#1552,#1555,#876,.T.);
#1955=EDGE_CURVE('',#1556,#1552,#877,.T.);
#1956=EDGE_CURVE('',#1556,#1557,#878,.F.);
#1957=EDGE_CURVE('',#1558,#1557,#879,.T.);
#1958=EDGE_CURVE('',#1558,#1553,#880,.F.);
#1959=EDGE_CURVE('',#1559,#1556,#881,.F.);
#1960=EDGE_CURVE('',#1560,#1559,#882,.F.);
#1961=EDGE_CURVE('',#1557,#1560,#883,.F.);
#1962=EDGE_CURVE('',#1560,#1561,#884,.T.);
#1963=EDGE_CURVE('',#1561,#1558,#885,.F.);
#1964=EDGE_CURVE('',#1558,#1562,#886,.T.);
#1965=EDGE_CURVE('',#1562,#1563,#887,.T.);
#1966=EDGE_CURVE('',#1563,#1553,#888,.T.);
#1967=EDGE_CURVE('',#1564,#1561,#889,.F.);
#1968=EDGE_CURVE('',#1564,#1562,#890,.T.);
#1969=EDGE_CURVE('',#1554,#1561,#891,.T.);
#1970=EDGE_CURVE('',#1555,#1559,#892,.T.);
#1971=EDGE_CURVE('',#1554,#1565,#893,.F.);
#1972=EDGE_CURVE('',#1565,#1564,#894,.F.);
#1973=EDGE_CURVE('',#1565,#1563,#895,.T.);
#1974=EDGE_CURVE('',#1566,#1567,#896,.T.);
#1975=EDGE_CURVE('',#1568,#1567,#897,.T.);
#1976=EDGE_CURVE('',#1569,#1568,#898,.T.);
#1977=EDGE_CURVE('',#1566,#1569,#899,.F.);
#1978=EDGE_CURVE('',#1570,#1570,#1305,.T.);
#1979=EDGE_CURVE('',#1571,#1572,#900,.F.);
#1980=EDGE_CURVE('',#1572,#1566,#901,.F.);
#1981=EDGE_CURVE('',#1569,#1571,#902,.F.);
#1982=EDGE_CURVE('',#1573,#1574,#903,.T.);
#1983=EDGE_CURVE('',#1574,#1568,#904,.T.);
#1984=EDGE_CURVE('',#1567,#1573,#905,.T.);
#1985=EDGE_CURVE('',#1571,#1574,#906,.T.);
#1986=EDGE_CURVE('',#1572,#1559,#907,.T.);
#1987=EDGE_CURVE('',#1556,#1573,#908,.T.);
#1988=EDGE_CURVE('',#1575,#1575,#1306,.T.);
#1989=EDGE_CURVE('',#1575,#1570,#909,.T.);
#1990=ORIENTED_EDGE('',*,*,#1576,.F.);
#1991=ORIENTED_EDGE('',*,*,#1577,.T.);
#1992=ORIENTED_EDGE('',*,*,#1578,.F.);
#1993=ORIENTED_EDGE('',*,*,#1577,.F.);
#1994=ORIENTED_EDGE('',*,*,#1579,.F.);
#1995=ORIENTED_EDGE('',*,*,#1580,.T.);
#1996=ORIENTED_EDGE('',*,*,#1581,.F.);
#1997=ORIENTED_EDGE('',*,*,#1580,.F.);
#1998=ORIENTED_EDGE('',*,*,#1582,.F.);
#1999=ORIENTED_EDGE('',*,*,#1583,.T.);
#2000=ORIENTED_EDGE('',*,*,#1584,.F.);
#2001=ORIENTED_EDGE('',*,*,#1583,.F.);
#2002=ORIENTED_EDGE('',*,*,#1585,.F.);
#2003=ORIENTED_EDGE('',*,*,#1586,.T.);
#2004=ORIENTED_EDGE('',*,*,#1587,.F.);
#2005=ORIENTED_EDGE('',*,*,#1586,.F.);
#2006=ORIENTED_EDGE('',*,*,#1588,.F.);
#2007=ORIENTED_EDGE('',*,*,#1589,.T.);
#2008=ORIENTED_EDGE('',*,*,#1590,.F.);
#2009=ORIENTED_EDGE('',*,*,#1589,.F.);
#2010=ORIENTED_EDGE('',*,*,#1591,.F.);
#2011=ORIENTED_EDGE('',*,*,#1592,.T.);
#2012=ORIENTED_EDGE('',*,*,#1593,.F.);
#2013=ORIENTED_EDGE('',*,*,#1592,.F.);
#2014=ORIENTED_EDGE('',*,*,#1594,.T.);
#2015=ORIENTED_EDGE('',*,*,#1593,.T.);
#2016=ORIENTED_EDGE('',*,*,#1595,.T.);
#2017=ORIENTED_EDGE('',*,*,#1591,.T.);
#2018=ORIENTED_EDGE('',*,*,#1596,.F.);
#2019=ORIENTED_EDGE('',*,*,#1597,.T.);
#2020=ORIENTED_EDGE('',*,*,#1594,.F.);
#2021=ORIENTED_EDGE('',*,*,#1597,.F.);
#2022=ORIENTED_EDGE('',*,*,#1595,.F.);
#2023=ORIENTED_EDGE('',*,*,#1598,.T.);
#2024=ORIENTED_EDGE('',*,*,#1599,.F.);
#2025=ORIENTED_EDGE('',*,*,#1598,.F.);
#2026=ORIENTED_EDGE('',*,*,#1600,.F.);
#2027=ORIENTED_EDGE('',*,*,#1596,.T.);
#2028=ORIENTED_EDGE('',*,*,#1601,.F.);
#2029=ORIENTED_EDGE('',*,*,#1599,.T.);
#2030=ORIENTED_EDGE('',*,*,#1601,.T.);
#2031=ORIENTED_EDGE('',*,*,#1602,.T.);
#2032=ORIENTED_EDGE('',*,*,#1603,.F.);
#2033=ORIENTED_EDGE('',*,*,#1602,.F.);
#2034=ORIENTED_EDGE('',*,*,#1604,.F.);
#2035=ORIENTED_EDGE('',*,*,#1605,.F.);
#2036=ORIENTED_EDGE('',*,*,#1606,.F.);
#2037=ORIENTED_EDGE('',*,*,#1607,.F.);
#2038=ORIENTED_EDGE('',*,*,#1608,.F.);
#2039=ORIENTED_EDGE('',*,*,#1609,.F.);
#2040=ORIENTED_EDGE('',*,*,#1610,.F.);
#2041=ORIENTED_EDGE('',*,*,#1611,.F.);
#2042=ORIENTED_EDGE('',*,*,#1612,.F.);
#2043=ORIENTED_EDGE('',*,*,#1613,.T.);
#2044=ORIENTED_EDGE('',*,*,#1600,.T.);
#2045=ORIENTED_EDGE('',*,*,#1613,.F.);
#2046=ORIENTED_EDGE('',*,*,#1614,.T.);
#2047=ORIENTED_EDGE('',*,*,#1615,.T.);
#2048=ORIENTED_EDGE('',*,*,#1616,.T.);
#2049=ORIENTED_EDGE('',*,*,#1617,.T.);
#2050=ORIENTED_EDGE('',*,*,#1618,.T.);
#2051=ORIENTED_EDGE('',*,*,#1619,.T.);
#2052=ORIENTED_EDGE('',*,*,#1619,.F.);
#2053=ORIENTED_EDGE('',*,*,#1620,.T.);
#2054=ORIENTED_EDGE('',*,*,#1621,.F.);
#2055=ORIENTED_EDGE('',*,*,#1622,.T.);
#2056=ORIENTED_EDGE('',*,*,#1623,.T.);
#2057=ORIENTED_EDGE('',*,*,#1618,.F.);
#2058=ORIENTED_EDGE('',*,*,#1624,.F.);
#2059=ORIENTED_EDGE('',*,*,#1625,.T.);
#2060=ORIENTED_EDGE('',*,*,#1620,.F.);
#2061=ORIENTED_EDGE('',*,*,#1617,.F.);
#2062=ORIENTED_EDGE('',*,*,#1626,.T.);
#2063=ORIENTED_EDGE('',*,*,#1627,.T.);
#2064=ORIENTED_EDGE('',*,*,#1628,.T.);
#2065=ORIENTED_EDGE('',*,*,#1624,.T.);
#2066=ORIENTED_EDGE('',*,*,#1629,.T.);
#2067=ORIENTED_EDGE('',*,*,#1630,.T.);
#2068=ORIENTED_EDGE('',*,*,#1631,.T.);
#2069=ORIENTED_EDGE('',*,*,#1632,.T.);
#2070=ORIENTED_EDGE('',*,*,#1633,.T.);
#2071=ORIENTED_EDGE('',*,*,#1634,.T.);
#2072=ORIENTED_EDGE('',*,*,#1634,.F.);
#2073=ORIENTED_EDGE('',*,*,#1635,.T.);
#2074=ORIENTED_EDGE('',*,*,#1636,.F.);
#2075=ORIENTED_EDGE('',*,*,#1637,.T.);
#2076=ORIENTED_EDGE('',*,*,#1638,.T.);
#2077=ORIENTED_EDGE('',*,*,#1633,.F.);
#2078=ORIENTED_EDGE('',*,*,#1639,.F.);
#2079=ORIENTED_EDGE('',*,*,#1640,.T.);
#2080=ORIENTED_EDGE('',*,*,#1635,.F.);
#2081=ORIENTED_EDGE('',*,*,#1632,.F.);
#2082=ORIENTED_EDGE('',*,*,#1641,.T.);
#2083=ORIENTED_EDGE('',*,*,#1642,.T.);
#2084=ORIENTED_EDGE('',*,*,#1643,.T.);
#2085=ORIENTED_EDGE('',*,*,#1639,.T.);
#2086=ORIENTED_EDGE('',*,*,#1622,.F.);
#2087=ORIENTED_EDGE('',*,*,#1644,.F.);
#2088=ORIENTED_EDGE('',*,*,#1645,.F.);
#2089=ORIENTED_EDGE('',*,*,#1646,.F.);
#2090=ORIENTED_EDGE('',*,*,#1642,.F.);
#2091=ORIENTED_EDGE('',*,*,#1647,.F.);
#2092=ORIENTED_EDGE('',*,*,#1610,.T.);
#2093=ORIENTED_EDGE('',*,*,#1648,.F.);
#2094=ORIENTED_EDGE('',*,*,#1627,.F.);
#2095=ORIENTED_EDGE('',*,*,#1649,.F.);
#2096=ORIENTED_EDGE('',*,*,#1650,.F.);
#2097=ORIENTED_EDGE('',*,*,#1651,.F.);
#2098=ORIENTED_EDGE('',*,*,#1637,.F.);
#2099=ORIENTED_EDGE('',*,*,#1652,.F.);
#2100=ORIENTED_EDGE('',*,*,#1653,.T.);
#2101=ORIENTED_EDGE('',*,*,#1654,.F.);
#2102=ORIENTED_EDGE('',*,*,#1614,.F.);
#2103=ORIENTED_EDGE('',*,*,#1623,.F.);
#2104=ORIENTED_EDGE('',*,*,#1648,.T.);
#2105=ORIENTED_EDGE('',*,*,#1609,.T.);
#2106=ORIENTED_EDGE('',*,*,#1655,.F.);
#2107=ORIENTED_EDGE('',*,*,#1656,.T.);
#2108=ORIENTED_EDGE('',*,*,#1657,.T.);
#2109=ORIENTED_EDGE('',*,*,#1631,.F.);
#2110=ORIENTED_EDGE('',*,*,#1658,.T.);
#2111=ORIENTED_EDGE('',*,*,#1605,.T.);
#2112=ORIENTED_EDGE('',*,*,#1659,.F.);
#2113=ORIENTED_EDGE('',*,*,#1611,.T.);
#2114=ORIENTED_EDGE('',*,*,#1647,.T.);
#2115=ORIENTED_EDGE('',*,*,#1641,.F.);
#2116=ORIENTED_EDGE('',*,*,#1630,.F.);
#2117=ORIENTED_EDGE('',*,*,#1660,.F.);
#2118=ORIENTED_EDGE('',*,*,#1606,.T.);
#2119=ORIENTED_EDGE('',*,*,#1658,.F.);
#2120=ORIENTED_EDGE('',*,*,#1616,.F.);
#2121=ORIENTED_EDGE('',*,*,#1661,.T.);
#2122=ORIENTED_EDGE('',*,*,#1662,.T.);
#2123=ORIENTED_EDGE('',*,*,#1663,.F.);
#2124=ORIENTED_EDGE('',*,*,#1649,.T.);
#2125=ORIENTED_EDGE('',*,*,#1626,.F.);
#2126=ORIENTED_EDGE('',*,*,#1629,.F.);
#2127=ORIENTED_EDGE('',*,*,#1638,.F.);
#2128=ORIENTED_EDGE('',*,*,#1651,.T.);
#2129=ORIENTED_EDGE('',*,*,#1664,.F.);
#2130=ORIENTED_EDGE('',*,*,#1607,.T.);
#2131=ORIENTED_EDGE('',*,*,#1660,.T.);
#2132=ORIENTED_EDGE('',*,*,#1665,.T.);
#2133=ORIENTED_EDGE('',*,*,#1666,.F.);
#2134=ORIENTED_EDGE('',*,*,#1667,.F.);
#2135=ORIENTED_EDGE('',*,*,#1668,.F.);
#2136=ORIENTED_EDGE('',*,*,#1669,.T.);
#2137=ORIENTED_EDGE('',*,*,#1668,.T.);
#2138=ORIENTED_EDGE('',*,*,#1670,.T.);
#2139=ORIENTED_EDGE('',*,*,#1652,.T.);
#2140=ORIENTED_EDGE('',*,*,#1636,.T.);
#2141=ORIENTED_EDGE('',*,*,#1640,.F.);
#2142=ORIENTED_EDGE('',*,*,#1643,.F.);
#2143=ORIENTED_EDGE('',*,*,#1646,.T.);
#2144=ORIENTED_EDGE('',*,*,#1603,.T.);
#2145=ORIENTED_EDGE('',*,*,#1671,.T.);
#2146=ORIENTED_EDGE('',*,*,#1665,.F.);
#2147=ORIENTED_EDGE('',*,*,#1669,.F.);
#2148=ORIENTED_EDGE('',*,*,#1645,.T.);
#2149=ORIENTED_EDGE('',*,*,#1672,.T.);
#2150=ORIENTED_EDGE('',*,*,#1653,.F.);
#2151=ORIENTED_EDGE('',*,*,#1670,.F.);
#2152=ORIENTED_EDGE('',*,*,#1667,.T.);
#2153=ORIENTED_EDGE('',*,*,#1671,.F.);
#2154=ORIENTED_EDGE('',*,*,#1644,.T.);
#2155=ORIENTED_EDGE('',*,*,#1621,.T.);
#2156=ORIENTED_EDGE('',*,*,#1625,.F.);
#2157=ORIENTED_EDGE('',*,*,#1628,.F.);
#2158=ORIENTED_EDGE('',*,*,#1654,.T.);
#2159=ORIENTED_EDGE('',*,*,#1672,.F.);
#2160=ORIENTED_EDGE('',*,*,#1666,.T.);
#2161=ORIENTED_EDGE('',*,*,#1612,.T.);
#2162=ORIENTED_EDGE('',*,*,#1615,.F.);
#2163=ORIENTED_EDGE('',*,*,#1657,.F.);
#2164=ORIENTED_EDGE('',*,*,#1673,.T.);
#2165=ORIENTED_EDGE('',*,*,#1661,.F.);
#2166=ORIENTED_EDGE('',*,*,#1674,.F.);
#2167=ORIENTED_EDGE('',*,*,#1662,.F.);
#2168=ORIENTED_EDGE('',*,*,#1673,.F.);
#2169=ORIENTED_EDGE('',*,*,#1656,.F.);
#2170=ORIENTED_EDGE('',*,*,#1655,.T.);
#2171=ORIENTED_EDGE('',*,*,#1675,.F.);
#2172=ORIENTED_EDGE('',*,*,#1676,.F.);
#2173=ORIENTED_EDGE('',*,*,#1659,.T.);
#2174=ORIENTED_EDGE('',*,*,#1677,.F.);
#2175=ORIENTED_EDGE('',*,*,#1678,.F.);
#2176=ORIENTED_EDGE('',*,*,#1679,.F.);
#2177=ORIENTED_EDGE('',*,*,#1680,.F.);
#2178=ORIENTED_EDGE('',*,*,#1681,.F.);
#2179=ORIENTED_EDGE('',*,*,#1682,.T.);
#2180=ORIENTED_EDGE('',*,*,#1683,.F.);
#2181=ORIENTED_EDGE('',*,*,#1682,.F.);
#2182=ORIENTED_EDGE('',*,*,#1684,.F.);
#2183=ORIENTED_EDGE('',*,*,#1685,.T.);
#2184=ORIENTED_EDGE('',*,*,#1686,.F.);
#2185=ORIENTED_EDGE('',*,*,#1685,.F.);
#2186=ORIENTED_EDGE('',*,*,#1687,.F.);
#2187=ORIENTED_EDGE('',*,*,#1688,.T.);
#2188=ORIENTED_EDGE('',*,*,#1689,.F.);
#2189=ORIENTED_EDGE('',*,*,#1688,.F.);
#2190=ORIENTED_EDGE('',*,*,#1690,.F.);
#2191=ORIENTED_EDGE('',*,*,#1691,.T.);
#2192=ORIENTED_EDGE('',*,*,#1692,.F.);
#2193=ORIENTED_EDGE('',*,*,#1691,.F.);
#2194=ORIENTED_EDGE('',*,*,#1693,.F.);
#2195=ORIENTED_EDGE('',*,*,#1694,.T.);
#2196=ORIENTED_EDGE('',*,*,#1695,.F.);
#2197=ORIENTED_EDGE('',*,*,#1694,.F.);
#2198=ORIENTED_EDGE('',*,*,#1696,.F.);
#2199=ORIENTED_EDGE('',*,*,#1680,.T.);
#2200=ORIENTED_EDGE('',*,*,#1696,.T.);
#2201=ORIENTED_EDGE('',*,*,#1693,.T.);
#2202=ORIENTED_EDGE('',*,*,#1690,.T.);
#2203=ORIENTED_EDGE('',*,*,#1687,.T.);
#2204=ORIENTED_EDGE('',*,*,#1684,.T.);
#2205=ORIENTED_EDGE('',*,*,#1681,.T.);
#2206=ORIENTED_EDGE('',*,*,#1697,.F.);
#2207=ORIENTED_EDGE('',*,*,#1698,.T.);
#2208=ORIENTED_EDGE('',*,*,#1699,.F.);
#2209=ORIENTED_EDGE('',*,*,#1698,.F.);
#2210=ORIENTED_EDGE('',*,*,#1699,.T.);
#2211=ORIENTED_EDGE('',*,*,#1679,.T.);
#2212=ORIENTED_EDGE('',*,*,#1683,.T.);
#2213=ORIENTED_EDGE('',*,*,#1686,.T.);
#2214=ORIENTED_EDGE('',*,*,#1689,.T.);
#2215=ORIENTED_EDGE('',*,*,#1692,.T.);
#2216=ORIENTED_EDGE('',*,*,#1695,.T.);
#2217=ORIENTED_EDGE('',*,*,#1700,.F.);
#2218=ORIENTED_EDGE('',*,*,#1701,.F.);
#2219=ORIENTED_EDGE('',*,*,#1702,.F.);
#2220=ORIENTED_EDGE('',*,*,#1703,.T.);
#2221=ORIENTED_EDGE('',*,*,#1704,.F.);
#2222=ORIENTED_EDGE('',*,*,#1703,.F.);
#2223=ORIENTED_EDGE('',*,*,#1705,.F.);
#2224=ORIENTED_EDGE('',*,*,#1706,.T.);
#2225=ORIENTED_EDGE('',*,*,#1707,.F.);
#2226=ORIENTED_EDGE('',*,*,#1706,.F.);
#2227=ORIENTED_EDGE('',*,*,#1708,.F.);
#2228=ORIENTED_EDGE('',*,*,#1709,.T.);
#2229=ORIENTED_EDGE('',*,*,#1710,.F.);
#2230=ORIENTED_EDGE('',*,*,#1709,.F.);
#2231=ORIENTED_EDGE('',*,*,#1711,.F.);
#2232=ORIENTED_EDGE('',*,*,#1712,.T.);
#2233=ORIENTED_EDGE('',*,*,#1713,.F.);
#2234=ORIENTED_EDGE('',*,*,#1712,.F.);
#2235=ORIENTED_EDGE('',*,*,#1714,.F.);
#2236=ORIENTED_EDGE('',*,*,#1715,.T.);
#2237=ORIENTED_EDGE('',*,*,#1716,.F.);
#2238=ORIENTED_EDGE('',*,*,#1715,.F.);
#2239=ORIENTED_EDGE('',*,*,#1717,.F.);
#2240=ORIENTED_EDGE('',*,*,#1701,.T.);
#2241=ORIENTED_EDGE('',*,*,#1717,.T.);
#2242=ORIENTED_EDGE('',*,*,#1714,.T.);
#2243=ORIENTED_EDGE('',*,*,#1711,.T.);
#2244=ORIENTED_EDGE('',*,*,#1708,.T.);
#2245=ORIENTED_EDGE('',*,*,#1705,.T.);
#2246=ORIENTED_EDGE('',*,*,#1702,.T.);
#2247=ORIENTED_EDGE('',*,*,#1718,.F.);
#2248=ORIENTED_EDGE('',*,*,#1719,.T.);
#2249=ORIENTED_EDGE('',*,*,#1720,.F.);
#2250=ORIENTED_EDGE('',*,*,#1719,.F.);
#2251=ORIENTED_EDGE('',*,*,#1720,.T.);
#2252=ORIENTED_EDGE('',*,*,#1700,.T.);
#2253=ORIENTED_EDGE('',*,*,#1704,.T.);
#2254=ORIENTED_EDGE('',*,*,#1707,.T.);
#2255=ORIENTED_EDGE('',*,*,#1710,.T.);
#2256=ORIENTED_EDGE('',*,*,#1713,.T.);
#2257=ORIENTED_EDGE('',*,*,#1716,.T.);
#2258=ORIENTED_EDGE('',*,*,#1721,.T.);
#2259=ORIENTED_EDGE('',*,*,#1722,.T.);
#2260=ORIENTED_EDGE('',*,*,#1723,.F.);
#2261=ORIENTED_EDGE('',*,*,#1722,.F.);
#2262=ORIENTED_EDGE('',*,*,#1721,.F.);
#2263=ORIENTED_EDGE('',*,*,#1697,.T.);
#2264=ORIENTED_EDGE('',*,*,#1724,.T.);
#2265=ORIENTED_EDGE('',*,*,#1725,.T.);
#2266=ORIENTED_EDGE('',*,*,#1726,.F.);
#2267=ORIENTED_EDGE('',*,*,#1725,.F.);
#2268=ORIENTED_EDGE('',*,*,#1724,.F.);
#2269=ORIENTED_EDGE('',*,*,#1718,.T.);
#2270=ORIENTED_EDGE('',*,*,#1727,.T.);
#2271=ORIENTED_EDGE('',*,*,#1728,.T.);
#2272=ORIENTED_EDGE('',*,*,#1729,.T.);
#2273=ORIENTED_EDGE('',*,*,#1728,.F.);
#2274=ORIENTED_EDGE('',*,*,#1730,.T.);
#2275=ORIENTED_EDGE('',*,*,#1731,.T.);
#2276=ORIENTED_EDGE('',*,*,#1732,.T.);
#2277=ORIENTED_EDGE('',*,*,#1730,.F.);
#2278=ORIENTED_EDGE('',*,*,#1727,.F.);
#2279=ORIENTED_EDGE('',*,*,#1732,.F.);
#2280=ORIENTED_EDGE('',*,*,#1733,.F.);
#2281=ORIENTED_EDGE('',*,*,#1734,.F.);
#2282=ORIENTED_EDGE('',*,*,#1729,.F.);
#2283=ORIENTED_EDGE('',*,*,#1731,.F.);
#2284=ORIENTED_EDGE('',*,*,#1735,.F.);
#2285=ORIENTED_EDGE('',*,*,#1736,.F.);
#2286=ORIENTED_EDGE('',*,*,#1737,.F.);
#2287=ORIENTED_EDGE('',*,*,#1738,.F.);
#2288=ORIENTED_EDGE('',*,*,#1734,.T.);
#2289=ORIENTED_EDGE('',*,*,#1739,.F.);
#2290=ORIENTED_EDGE('',*,*,#1663,.T.);
#2291=ORIENTED_EDGE('',*,*,#1740,.F.);
#2292=ORIENTED_EDGE('',*,*,#1741,.F.);
#2293=ORIENTED_EDGE('',*,*,#1739,.T.);
#2294=ORIENTED_EDGE('',*,*,#1733,.T.);
#2295=ORIENTED_EDGE('',*,*,#1738,.T.);
#2296=ORIENTED_EDGE('',*,*,#1742,.F.);
#2297=ORIENTED_EDGE('',*,*,#1743,.F.);
#2298=ORIENTED_EDGE('',*,*,#1664,.T.);
#2299=ORIENTED_EDGE('',*,*,#1650,.T.);
#2300=ORIENTED_EDGE('',*,*,#1737,.T.);
#2301=ORIENTED_EDGE('',*,*,#1744,.T.);
#2302=ORIENTED_EDGE('',*,*,#1745,.T.);
#2303=ORIENTED_EDGE('',*,*,#1742,.T.);
#2304=ORIENTED_EDGE('',*,*,#1735,.T.);
#2305=ORIENTED_EDGE('',*,*,#1741,.T.);
#2306=ORIENTED_EDGE('',*,*,#1746,.T.);
#2307=ORIENTED_EDGE('',*,*,#1747,.T.);
#2308=ORIENTED_EDGE('',*,*,#1748,.T.);
#2309=ORIENTED_EDGE('',*,*,#1749,.T.);
#2310=ORIENTED_EDGE('',*,*,#1750,.T.);
#2311=ORIENTED_EDGE('',*,*,#1675,.T.);
#2312=ORIENTED_EDGE('',*,*,#1608,.T.);
#2313=ORIENTED_EDGE('',*,*,#1678,.T.);
#2314=ORIENTED_EDGE('',*,*,#1748,.F.);
#2315=ORIENTED_EDGE('',*,*,#1677,.T.);
#2316=ORIENTED_EDGE('',*,*,#1604,.T.);
#2317=ORIENTED_EDGE('',*,*,#1743,.T.);
#2318=ORIENTED_EDGE('',*,*,#1745,.F.);
#2319=ORIENTED_EDGE('',*,*,#1751,.T.);
#2320=ORIENTED_EDGE('',*,*,#1751,.F.);
#2321=ORIENTED_EDGE('',*,*,#1752,.T.);
#2322=ORIENTED_EDGE('',*,*,#1753,.T.);
#2323=ORIENTED_EDGE('',*,*,#1754,.T.);
#2324=ORIENTED_EDGE('',*,*,#1723,.T.);
#2325=ORIENTED_EDGE('',*,*,#1736,.T.);
#2326=ORIENTED_EDGE('',*,*,#1747,.F.);
#2327=ORIENTED_EDGE('',*,*,#1755,.F.);
#2328=ORIENTED_EDGE('',*,*,#1756,.T.);
#2329=ORIENTED_EDGE('',*,*,#1752,.F.);
#2330=ORIENTED_EDGE('',*,*,#1744,.F.);
#2331=ORIENTED_EDGE('',*,*,#1750,.F.);
#2332=ORIENTED_EDGE('',*,*,#1757,.T.);
#2333=ORIENTED_EDGE('',*,*,#1746,.F.);
#2334=ORIENTED_EDGE('',*,*,#1740,.T.);
#2335=ORIENTED_EDGE('',*,*,#1674,.T.);
#2336=ORIENTED_EDGE('',*,*,#1676,.T.);
#2337=ORIENTED_EDGE('',*,*,#1757,.F.);
#2338=ORIENTED_EDGE('',*,*,#1758,.T.);
#2339=ORIENTED_EDGE('',*,*,#1759,.T.);
#2340=ORIENTED_EDGE('',*,*,#1755,.T.);
#2341=ORIENTED_EDGE('',*,*,#1726,.T.);
#2342=ORIENTED_EDGE('',*,*,#1749,.F.);
#2343=ORIENTED_EDGE('',*,*,#1754,.F.);
#2344=ORIENTED_EDGE('',*,*,#1760,.F.);
#2345=ORIENTED_EDGE('',*,*,#1758,.F.);
#2346=ORIENTED_EDGE('',*,*,#1760,.T.);
#2347=ORIENTED_EDGE('',*,*,#1753,.F.);
#2348=ORIENTED_EDGE('',*,*,#1756,.F.);
#2349=ORIENTED_EDGE('',*,*,#1759,.F.);
#2350=ORIENTED_EDGE('',*,*,#1578,.T.);
#2351=ORIENTED_EDGE('',*,*,#1581,.T.);
#2352=ORIENTED_EDGE('',*,*,#1584,.T.);
#2353=ORIENTED_EDGE('',*,*,#1587,.T.);
#2354=ORIENTED_EDGE('',*,*,#1590,.T.);
#2355=ORIENTED_EDGE('',*,*,#1761,.F.);
#2356=ORIENTED_EDGE('',*,*,#1762,.F.);
#2357=ORIENTED_EDGE('',*,*,#1763,.T.);
#2358=ORIENTED_EDGE('',*,*,#1764,.T.);
#2359=ORIENTED_EDGE('',*,*,#1765,.F.);
#2360=ORIENTED_EDGE('',*,*,#1766,.F.);
#2361=ORIENTED_EDGE('',*,*,#1767,.T.);
#2362=ORIENTED_EDGE('',*,*,#1762,.T.);
#2363=ORIENTED_EDGE('',*,*,#1768,.F.);
#2364=ORIENTED_EDGE('',*,*,#1769,.F.);
#2365=ORIENTED_EDGE('',*,*,#1770,.T.);
#2366=ORIENTED_EDGE('',*,*,#1766,.T.);
#2367=ORIENTED_EDGE('',*,*,#1771,.F.);
#2368=ORIENTED_EDGE('',*,*,#1772,.F.);
#2369=ORIENTED_EDGE('',*,*,#1773,.T.);
#2370=ORIENTED_EDGE('',*,*,#1769,.T.);
#2371=ORIENTED_EDGE('',*,*,#1774,.F.);
#2372=ORIENTED_EDGE('',*,*,#1775,.F.);
#2373=ORIENTED_EDGE('',*,*,#1776,.T.);
#2374=ORIENTED_EDGE('',*,*,#1772,.T.);
#2375=ORIENTED_EDGE('',*,*,#1777,.F.);
#2376=ORIENTED_EDGE('',*,*,#1764,.F.);
#2377=ORIENTED_EDGE('',*,*,#1778,.T.);
#2378=ORIENTED_EDGE('',*,*,#1775,.T.);
#2379=ORIENTED_EDGE('',*,*,#1778,.F.);
#2380=ORIENTED_EDGE('',*,*,#1763,.F.);
#2381=ORIENTED_EDGE('',*,*,#1767,.F.);
#2382=ORIENTED_EDGE('',*,*,#1770,.F.);
#2383=ORIENTED_EDGE('',*,*,#1773,.F.);
#2384=ORIENTED_EDGE('',*,*,#1776,.F.);
#2385=ORIENTED_EDGE('',*,*,#1779,.F.);
#2386=ORIENTED_EDGE('',*,*,#1780,.T.);
#2387=ORIENTED_EDGE('',*,*,#1781,.T.);
#2388=ORIENTED_EDGE('',*,*,#1782,.T.);
#2389=ORIENTED_EDGE('',*,*,#1783,.T.);
#2390=ORIENTED_EDGE('',*,*,#1782,.F.);
#2391=ORIENTED_EDGE('',*,*,#1780,.F.);
#2392=ORIENTED_EDGE('',*,*,#1781,.F.);
#2393=ORIENTED_EDGE('',*,*,#1784,.T.);
#2394=ORIENTED_EDGE('',*,*,#1779,.T.);
#2395=ORIENTED_EDGE('',*,*,#1784,.F.);
#2396=ORIENTED_EDGE('',*,*,#1783,.F.);
#2397=ORIENTED_EDGE('',*,*,#1785,.F.);
#2398=ORIENTED_EDGE('',*,*,#1786,.F.);
#2399=ORIENTED_EDGE('',*,*,#1787,.T.);
#2400=ORIENTED_EDGE('',*,*,#1788,.T.);
#2401=ORIENTED_EDGE('',*,*,#1789,.F.);
#2402=ORIENTED_EDGE('',*,*,#1790,.F.);
#2403=ORIENTED_EDGE('',*,*,#1791,.T.);
#2404=ORIENTED_EDGE('',*,*,#1786,.T.);
#2405=ORIENTED_EDGE('',*,*,#1792,.F.);
#2406=ORIENTED_EDGE('',*,*,#1793,.F.);
#2407=ORIENTED_EDGE('',*,*,#1794,.T.);
#2408=ORIENTED_EDGE('',*,*,#1790,.T.);
#2409=ORIENTED_EDGE('',*,*,#1795,.F.);
#2410=ORIENTED_EDGE('',*,*,#1796,.F.);
#2411=ORIENTED_EDGE('',*,*,#1797,.T.);
#2412=ORIENTED_EDGE('',*,*,#1793,.T.);
#2413=ORIENTED_EDGE('',*,*,#1798,.F.);
#2414=ORIENTED_EDGE('',*,*,#1799,.F.);
#2415=ORIENTED_EDGE('',*,*,#1800,.T.);
#2416=ORIENTED_EDGE('',*,*,#1796,.T.);
#2417=ORIENTED_EDGE('',*,*,#1801,.F.);
#2418=ORIENTED_EDGE('',*,*,#1788,.F.);
#2419=ORIENTED_EDGE('',*,*,#1802,.T.);
#2420=ORIENTED_EDGE('',*,*,#1799,.T.);
#2421=ORIENTED_EDGE('',*,*,#1802,.F.);
#2422=ORIENTED_EDGE('',*,*,#1787,.F.);
#2423=ORIENTED_EDGE('',*,*,#1791,.F.);
#2424=ORIENTED_EDGE('',*,*,#1794,.F.);
#2425=ORIENTED_EDGE('',*,*,#1797,.F.);
#2426=ORIENTED_EDGE('',*,*,#1800,.F.);
#2427=ORIENTED_EDGE('',*,*,#1803,.F.);
#2428=ORIENTED_EDGE('',*,*,#1804,.T.);
#2429=ORIENTED_EDGE('',*,*,#1805,.T.);
#2430=ORIENTED_EDGE('',*,*,#1806,.T.);
#2431=ORIENTED_EDGE('',*,*,#1807,.T.);
#2432=ORIENTED_EDGE('',*,*,#1806,.F.);
#2433=ORIENTED_EDGE('',*,*,#1804,.F.);
#2434=ORIENTED_EDGE('',*,*,#1805,.F.);
#2435=ORIENTED_EDGE('',*,*,#1808,.T.);
#2436=ORIENTED_EDGE('',*,*,#1803,.T.);
#2437=ORIENTED_EDGE('',*,*,#1808,.F.);
#2438=ORIENTED_EDGE('',*,*,#1807,.F.);
#2439=ORIENTED_EDGE('',*,*,#1809,.F.);
#2440=ORIENTED_EDGE('',*,*,#1810,.F.);
#2441=ORIENTED_EDGE('',*,*,#1811,.T.);
#2442=ORIENTED_EDGE('',*,*,#1812,.T.);
#2443=ORIENTED_EDGE('',*,*,#1813,.F.);
#2444=ORIENTED_EDGE('',*,*,#1814,.F.);
#2445=ORIENTED_EDGE('',*,*,#1815,.T.);
#2446=ORIENTED_EDGE('',*,*,#1810,.T.);
#2447=ORIENTED_EDGE('',*,*,#1816,.F.);
#2448=ORIENTED_EDGE('',*,*,#1817,.F.);
#2449=ORIENTED_EDGE('',*,*,#1818,.T.);
#2450=ORIENTED_EDGE('',*,*,#1814,.T.);
#2451=ORIENTED_EDGE('',*,*,#1819,.F.);
#2452=ORIENTED_EDGE('',*,*,#1820,.F.);
#2453=ORIENTED_EDGE('',*,*,#1821,.T.);
#2454=ORIENTED_EDGE('',*,*,#1817,.T.);
#2455=ORIENTED_EDGE('',*,*,#1822,.F.);
#2456=ORIENTED_EDGE('',*,*,#1823,.F.);
#2457=ORIENTED_EDGE('',*,*,#1824,.T.);
#2458=ORIENTED_EDGE('',*,*,#1820,.T.);
#2459=ORIENTED_EDGE('',*,*,#1825,.F.);
#2460=ORIENTED_EDGE('',*,*,#1812,.F.);
#2461=ORIENTED_EDGE('',*,*,#1826,.T.);
#2462=ORIENTED_EDGE('',*,*,#1823,.T.);
#2463=ORIENTED_EDGE('',*,*,#1826,.F.);
#2464=ORIENTED_EDGE('',*,*,#1811,.F.);
#2465=ORIENTED_EDGE('',*,*,#1815,.F.);
#2466=ORIENTED_EDGE('',*,*,#1818,.F.);
#2467=ORIENTED_EDGE('',*,*,#1821,.F.);
#2468=ORIENTED_EDGE('',*,*,#1824,.F.);
#2469=ORIENTED_EDGE('',*,*,#1827,.F.);
#2470=ORIENTED_EDGE('',*,*,#1828,.T.);
#2471=ORIENTED_EDGE('',*,*,#1829,.T.);
#2472=ORIENTED_EDGE('',*,*,#1830,.T.);
#2473=ORIENTED_EDGE('',*,*,#1831,.T.);
#2474=ORIENTED_EDGE('',*,*,#1830,.F.);
#2475=ORIENTED_EDGE('',*,*,#1828,.F.);
#2476=ORIENTED_EDGE('',*,*,#1829,.F.);
#2477=ORIENTED_EDGE('',*,*,#1832,.T.);
#2478=ORIENTED_EDGE('',*,*,#1827,.T.);
#2479=ORIENTED_EDGE('',*,*,#1832,.F.);
#2480=ORIENTED_EDGE('',*,*,#1831,.F.);
#2481=ORIENTED_EDGE('',*,*,#1833,.F.);
#2482=ORIENTED_EDGE('',*,*,#1834,.F.);
#2483=ORIENTED_EDGE('',*,*,#1835,.T.);
#2484=ORIENTED_EDGE('',*,*,#1836,.T.);
#2485=ORIENTED_EDGE('',*,*,#1837,.F.);
#2486=ORIENTED_EDGE('',*,*,#1838,.F.);
#2487=ORIENTED_EDGE('',*,*,#1839,.T.);
#2488=ORIENTED_EDGE('',*,*,#1834,.T.);
#2489=ORIENTED_EDGE('',*,*,#1840,.F.);
#2490=ORIENTED_EDGE('',*,*,#1841,.F.);
#2491=ORIENTED_EDGE('',*,*,#1842,.T.);
#2492=ORIENTED_EDGE('',*,*,#1838,.T.);
#2493=ORIENTED_EDGE('',*,*,#1843,.F.);
#2494=ORIENTED_EDGE('',*,*,#1844,.F.);
#2495=ORIENTED_EDGE('',*,*,#1845,.T.);
#2496=ORIENTED_EDGE('',*,*,#1841,.T.);
#2497=ORIENTED_EDGE('',*,*,#1846,.F.);
#2498=ORIENTED_EDGE('',*,*,#1847,.F.);
#2499=ORIENTED_EDGE('',*,*,#1848,.T.);
#2500=ORIENTED_EDGE('',*,*,#1844,.T.);
#2501=ORIENTED_EDGE('',*,*,#1849,.F.);
#2502=ORIENTED_EDGE('',*,*,#1836,.F.);
#2503=ORIENTED_EDGE('',*,*,#1850,.T.);
#2504=ORIENTED_EDGE('',*,*,#1847,.T.);
#2505=ORIENTED_EDGE('',*,*,#1850,.F.);
#2506=ORIENTED_EDGE('',*,*,#1835,.F.);
#2507=ORIENTED_EDGE('',*,*,#1839,.F.);
#2508=ORIENTED_EDGE('',*,*,#1842,.F.);
#2509=ORIENTED_EDGE('',*,*,#1845,.F.);
#2510=ORIENTED_EDGE('',*,*,#1848,.F.);
#2511=ORIENTED_EDGE('',*,*,#1851,.F.);
#2512=ORIENTED_EDGE('',*,*,#1852,.T.);
#2513=ORIENTED_EDGE('',*,*,#1853,.T.);
#2514=ORIENTED_EDGE('',*,*,#1854,.T.);
#2515=ORIENTED_EDGE('',*,*,#1855,.T.);
#2516=ORIENTED_EDGE('',*,*,#1854,.F.);
#2517=ORIENTED_EDGE('',*,*,#1852,.F.);
#2518=ORIENTED_EDGE('',*,*,#1853,.F.);
#2519=ORIENTED_EDGE('',*,*,#1856,.T.);
#2520=ORIENTED_EDGE('',*,*,#1851,.T.);
#2521=ORIENTED_EDGE('',*,*,#1856,.F.);
#2522=ORIENTED_EDGE('',*,*,#1855,.F.);
#2523=ORIENTED_EDGE('',*,*,#1857,.T.);
#2524=ORIENTED_EDGE('',*,*,#1858,.T.);
#2525=ORIENTED_EDGE('',*,*,#1859,.F.);
#2526=ORIENTED_EDGE('',*,*,#1858,.F.);
#2527=ORIENTED_EDGE('',*,*,#1860,.F.);
#2528=ORIENTED_EDGE('',*,*,#1861,.F.);
#2529=ORIENTED_EDGE('',*,*,#1862,.F.);
#2530=ORIENTED_EDGE('',*,*,#1863,.F.);
#2531=ORIENTED_EDGE('',*,*,#1864,.F.);
#2532=ORIENTED_EDGE('',*,*,#1865,.T.);
#2533=ORIENTED_EDGE('',*,*,#1866,.T.);
#2534=ORIENTED_EDGE('',*,*,#1867,.T.);
#2535=ORIENTED_EDGE('',*,*,#1868,.T.);
#2536=ORIENTED_EDGE('',*,*,#1869,.T.);
#2537=ORIENTED_EDGE('',*,*,#1870,.T.);
#2538=ORIENTED_EDGE('',*,*,#1871,.T.);
#2539=ORIENTED_EDGE('',*,*,#1857,.F.);
#2540=ORIENTED_EDGE('',*,*,#1872,.T.);
#2541=ORIENTED_EDGE('',*,*,#1873,.T.);
#2542=ORIENTED_EDGE('',*,*,#1874,.F.);
#2543=ORIENTED_EDGE('',*,*,#1875,.T.);
#2544=ORIENTED_EDGE('',*,*,#1871,.F.);
#2545=ORIENTED_EDGE('',*,*,#1876,.T.);
#2546=ORIENTED_EDGE('',*,*,#1872,.F.);
#2547=ORIENTED_EDGE('',*,*,#1877,.T.);
#2548=ORIENTED_EDGE('',*,*,#1874,.T.);
#2549=ORIENTED_EDGE('',*,*,#1878,.F.);
#2550=ORIENTED_EDGE('',*,*,#1877,.F.);
#2551=ORIENTED_EDGE('',*,*,#1879,.F.);
#2552=ORIENTED_EDGE('',*,*,#1865,.F.);
#2553=ORIENTED_EDGE('',*,*,#1879,.T.);
#2554=ORIENTED_EDGE('',*,*,#1873,.F.);
#2555=ORIENTED_EDGE('',*,*,#1876,.F.);
#2556=ORIENTED_EDGE('',*,*,#1880,.T.);
#2557=ORIENTED_EDGE('',*,*,#1866,.F.);
#2558=ORIENTED_EDGE('',*,*,#1878,.T.);
#2559=ORIENTED_EDGE('',*,*,#1868,.F.);
#2560=ORIENTED_EDGE('',*,*,#1881,.T.);
#2561=ORIENTED_EDGE('',*,*,#1875,.F.);
#2562=ORIENTED_EDGE('',*,*,#1880,.F.);
#2563=ORIENTED_EDGE('',*,*,#1870,.F.);
#2564=ORIENTED_EDGE('',*,*,#1881,.F.);
#2565=ORIENTED_EDGE('',*,*,#1867,.F.);
#2566=ORIENTED_EDGE('',*,*,#1882,.F.);
#2567=ORIENTED_EDGE('',*,*,#1883,.T.);
#2568=ORIENTED_EDGE('',*,*,#1869,.F.);
#2569=ORIENTED_EDGE('',*,*,#1883,.F.);
#2570=ORIENTED_EDGE('',*,*,#1884,.T.);
#2571=ORIENTED_EDGE('',*,*,#1885,.T.);
#2572=ORIENTED_EDGE('',*,*,#1886,.T.);
#2573=ORIENTED_EDGE('',*,*,#1885,.F.);
#2574=ORIENTED_EDGE('',*,*,#1887,.T.);
#2575=ORIENTED_EDGE('',*,*,#1888,.F.);
#2576=ORIENTED_EDGE('',*,*,#1889,.F.);
#2577=ORIENTED_EDGE('',*,*,#1890,.T.);
#2578=ORIENTED_EDGE('',*,*,#1887,.F.);
#2579=ORIENTED_EDGE('',*,*,#1884,.F.);
#2580=ORIENTED_EDGE('',*,*,#1890,.F.);
#2581=ORIENTED_EDGE('',*,*,#1886,.F.);
#2582=ORIENTED_EDGE('',*,*,#1882,.T.);
#2583=ORIENTED_EDGE('',*,*,#1888,.T.);
#2584=ORIENTED_EDGE('',*,*,#1889,.T.);
#2585=ORIENTED_EDGE('',*,*,#1891,.T.);
#2586=ORIENTED_EDGE('',*,*,#1892,.T.);
#2587=ORIENTED_EDGE('',*,*,#1891,.F.);
#2588=ORIENTED_EDGE('',*,*,#1892,.F.);
#2589=ORIENTED_EDGE('',*,*,#1861,.T.);
#2590=ORIENTED_EDGE('',*,*,#1893,.F.);
#2591=ORIENTED_EDGE('',*,*,#1863,.T.);
#2592=ORIENTED_EDGE('',*,*,#1894,.T.);
#2593=ORIENTED_EDGE('',*,*,#1895,.F.);
#2594=ORIENTED_EDGE('',*,*,#1896,.F.);
#2595=ORIENTED_EDGE('',*,*,#1894,.F.);
#2596=ORIENTED_EDGE('',*,*,#1862,.T.);
#2597=ORIENTED_EDGE('',*,*,#1893,.T.);
#2598=ORIENTED_EDGE('',*,*,#1860,.T.);
#2599=ORIENTED_EDGE('',*,*,#1897,.T.);
#2600=ORIENTED_EDGE('',*,*,#1898,.F.);
#2601=ORIENTED_EDGE('',*,*,#1899,.F.);
#2602=ORIENTED_EDGE('',*,*,#1900,.F.);
#2603=ORIENTED_EDGE('',*,*,#1901,.T.);
#2604=ORIENTED_EDGE('',*,*,#1902,.F.);
#2605=ORIENTED_EDGE('',*,*,#1901,.F.);
#2606=ORIENTED_EDGE('',*,*,#1903,.F.);
#2607=ORIENTED_EDGE('',*,*,#1904,.T.);
#2608=ORIENTED_EDGE('',*,*,#1905,.F.);
#2609=ORIENTED_EDGE('',*,*,#1904,.F.);
#2610=ORIENTED_EDGE('',*,*,#1906,.F.);
#2611=ORIENTED_EDGE('',*,*,#1907,.T.);
#2612=ORIENTED_EDGE('',*,*,#1908,.F.);
#2613=ORIENTED_EDGE('',*,*,#1907,.F.);
#2614=ORIENTED_EDGE('',*,*,#1909,.F.);
#2615=ORIENTED_EDGE('',*,*,#1910,.T.);
#2616=ORIENTED_EDGE('',*,*,#1911,.F.);
#2617=ORIENTED_EDGE('',*,*,#1910,.F.);
#2618=ORIENTED_EDGE('',*,*,#1912,.F.);
#2619=ORIENTED_EDGE('',*,*,#1913,.T.);
#2620=ORIENTED_EDGE('',*,*,#1914,.F.);
#2621=ORIENTED_EDGE('',*,*,#1913,.F.);
#2622=ORIENTED_EDGE('',*,*,#1915,.F.);
#2623=ORIENTED_EDGE('',*,*,#1899,.T.);
#2624=ORIENTED_EDGE('',*,*,#1915,.T.);
#2625=ORIENTED_EDGE('',*,*,#1912,.T.);
#2626=ORIENTED_EDGE('',*,*,#1909,.T.);
#2627=ORIENTED_EDGE('',*,*,#1906,.T.);
#2628=ORIENTED_EDGE('',*,*,#1903,.T.);
#2629=ORIENTED_EDGE('',*,*,#1900,.T.);
#2630=ORIENTED_EDGE('',*,*,#1916,.F.);
#2631=ORIENTED_EDGE('',*,*,#1917,.T.);
#2632=ORIENTED_EDGE('',*,*,#1918,.F.);
#2633=ORIENTED_EDGE('',*,*,#1917,.F.);
#2634=ORIENTED_EDGE('',*,*,#1918,.T.);
#2635=ORIENTED_EDGE('',*,*,#1898,.T.);
#2636=ORIENTED_EDGE('',*,*,#1902,.T.);
#2637=ORIENTED_EDGE('',*,*,#1905,.T.);
#2638=ORIENTED_EDGE('',*,*,#1908,.T.);
#2639=ORIENTED_EDGE('',*,*,#1911,.T.);
#2640=ORIENTED_EDGE('',*,*,#1914,.T.);
#2641=ORIENTED_EDGE('',*,*,#1919,.F.);
#2642=ORIENTED_EDGE('',*,*,#1920,.F.);
#2643=ORIENTED_EDGE('',*,*,#1921,.F.);
#2644=ORIENTED_EDGE('',*,*,#1922,.T.);
#2645=ORIENTED_EDGE('',*,*,#1923,.F.);
#2646=ORIENTED_EDGE('',*,*,#1922,.F.);
#2647=ORIENTED_EDGE('',*,*,#1924,.F.);
#2648=ORIENTED_EDGE('',*,*,#1925,.T.);
#2649=ORIENTED_EDGE('',*,*,#1926,.F.);
#2650=ORIENTED_EDGE('',*,*,#1925,.F.);
#2651=ORIENTED_EDGE('',*,*,#1927,.F.);
#2652=ORIENTED_EDGE('',*,*,#1928,.T.);
#2653=ORIENTED_EDGE('',*,*,#1929,.F.);
#2654=ORIENTED_EDGE('',*,*,#1928,.F.);
#2655=ORIENTED_EDGE('',*,*,#1930,.F.);
#2656=ORIENTED_EDGE('',*,*,#1931,.T.);
#2657=ORIENTED_EDGE('',*,*,#1932,.F.);
#2658=ORIENTED_EDGE('',*,*,#1931,.F.);
#2659=ORIENTED_EDGE('',*,*,#1933,.F.);
#2660=ORIENTED_EDGE('',*,*,#1934,.T.);
#2661=ORIENTED_EDGE('',*,*,#1935,.F.);
#2662=ORIENTED_EDGE('',*,*,#1934,.F.);
#2663=ORIENTED_EDGE('',*,*,#1936,.F.);
#2664=ORIENTED_EDGE('',*,*,#1920,.T.);
#2665=ORIENTED_EDGE('',*,*,#1936,.T.);
#2666=ORIENTED_EDGE('',*,*,#1933,.T.);
#2667=ORIENTED_EDGE('',*,*,#1930,.T.);
#2668=ORIENTED_EDGE('',*,*,#1927,.T.);
#2669=ORIENTED_EDGE('',*,*,#1924,.T.);
#2670=ORIENTED_EDGE('',*,*,#1921,.T.);
#2671=ORIENTED_EDGE('',*,*,#1937,.F.);
#2672=ORIENTED_EDGE('',*,*,#1938,.T.);
#2673=ORIENTED_EDGE('',*,*,#1939,.F.);
#2674=ORIENTED_EDGE('',*,*,#1938,.F.);
#2675=ORIENTED_EDGE('',*,*,#1939,.T.);
#2676=ORIENTED_EDGE('',*,*,#1919,.T.);
#2677=ORIENTED_EDGE('',*,*,#1923,.T.);
#2678=ORIENTED_EDGE('',*,*,#1926,.T.);
#2679=ORIENTED_EDGE('',*,*,#1929,.T.);
#2680=ORIENTED_EDGE('',*,*,#1932,.T.);
#2681=ORIENTED_EDGE('',*,*,#1935,.T.);
#2682=ORIENTED_EDGE('',*,*,#1940,.T.);
#2683=ORIENTED_EDGE('',*,*,#1941,.T.);
#2684=ORIENTED_EDGE('',*,*,#1942,.F.);
#2685=ORIENTED_EDGE('',*,*,#1941,.F.);
#2686=ORIENTED_EDGE('',*,*,#1940,.F.);
#2687=ORIENTED_EDGE('',*,*,#1916,.T.);
#2688=ORIENTED_EDGE('',*,*,#1943,.T.);
#2689=ORIENTED_EDGE('',*,*,#1944,.T.);
#2690=ORIENTED_EDGE('',*,*,#1945,.F.);
#2691=ORIENTED_EDGE('',*,*,#1944,.F.);
#2692=ORIENTED_EDGE('',*,*,#1943,.F.);
#2693=ORIENTED_EDGE('',*,*,#1937,.T.);
#2694=ORIENTED_EDGE('',*,*,#1895,.T.);
#2695=ORIENTED_EDGE('',*,*,#1896,.T.);
#2696=ORIENTED_EDGE('',*,*,#1946,.T.);
#2697=ORIENTED_EDGE('',*,*,#1947,.T.);
#2698=ORIENTED_EDGE('',*,*,#1946,.F.);
#2699=ORIENTED_EDGE('',*,*,#1948,.F.);
#2700=ORIENTED_EDGE('',*,*,#1947,.F.);
#2701=ORIENTED_EDGE('',*,*,#1864,.T.);
#2702=ORIENTED_EDGE('',*,*,#1897,.F.);
#2703=ORIENTED_EDGE('',*,*,#1948,.T.);
#2704=ORIENTED_EDGE('',*,*,#1949,.T.);
#2705=ORIENTED_EDGE('',*,*,#1950,.F.);
#2706=ORIENTED_EDGE('',*,*,#1949,.F.);
#2707=ORIENTED_EDGE('',*,*,#1951,.T.);
#2708=ORIENTED_EDGE('',*,*,#1952,.T.);
#2709=ORIENTED_EDGE('',*,*,#1953,.T.);
#2710=ORIENTED_EDGE('',*,*,#1954,.F.);
#2711=ORIENTED_EDGE('',*,*,#1951,.F.);
#2712=ORIENTED_EDGE('',*,*,#1955,.F.);
#2713=ORIENTED_EDGE('',*,*,#1956,.T.);
#2714=ORIENTED_EDGE('',*,*,#1957,.F.);
#2715=ORIENTED_EDGE('',*,*,#1958,.T.);
#2716=ORIENTED_EDGE('',*,*,#1959,.F.);
#2717=ORIENTED_EDGE('',*,*,#1960,.F.);
#2718=ORIENTED_EDGE('',*,*,#1961,.F.);
#2719=ORIENTED_EDGE('',*,*,#1956,.F.);
#2720=ORIENTED_EDGE('',*,*,#1957,.T.);
#2721=ORIENTED_EDGE('',*,*,#1961,.T.);
#2722=ORIENTED_EDGE('',*,*,#1962,.T.);
#2723=ORIENTED_EDGE('',*,*,#1963,.T.);
#2724=ORIENTED_EDGE('',*,*,#1958,.F.);
#2725=ORIENTED_EDGE('',*,*,#1964,.T.);
#2726=ORIENTED_EDGE('',*,*,#1965,.T.);
#2727=ORIENTED_EDGE('',*,*,#1966,.T.);
#2728=ORIENTED_EDGE('',*,*,#1945,.T.);
#2729=ORIENTED_EDGE('',*,*,#1963,.F.);
#2730=ORIENTED_EDGE('',*,*,#1967,.F.);
#2731=ORIENTED_EDGE('',*,*,#1968,.T.);
#2732=ORIENTED_EDGE('',*,*,#1964,.F.);
#2733=ORIENTED_EDGE('',*,*,#1950,.T.);
#2734=ORIENTED_EDGE('',*,*,#1953,.F.);
#2735=ORIENTED_EDGE('',*,*,#1969,.T.);
#2736=ORIENTED_EDGE('',*,*,#1962,.F.);
#2737=ORIENTED_EDGE('',*,*,#1960,.T.);
#2738=ORIENTED_EDGE('',*,*,#1970,.F.);
#2739=ORIENTED_EDGE('',*,*,#1969,.F.);
#2740=ORIENTED_EDGE('',*,*,#1971,.T.);
#2741=ORIENTED_EDGE('',*,*,#1972,.T.);
#2742=ORIENTED_EDGE('',*,*,#1967,.T.);
#2743=ORIENTED_EDGE('',*,*,#1942,.T.);
#2744=ORIENTED_EDGE('',*,*,#1952,.F.);
#2745=ORIENTED_EDGE('',*,*,#1966,.F.);
#2746=ORIENTED_EDGE('',*,*,#1973,.F.);
#2747=ORIENTED_EDGE('',*,*,#1971,.F.);
#2748=ORIENTED_EDGE('',*,*,#1973,.T.);
#2749=ORIENTED_EDGE('',*,*,#1965,.F.);
#2750=ORIENTED_EDGE('',*,*,#1968,.F.);
#2751=ORIENTED_EDGE('',*,*,#1972,.F.);
#2752=ORIENTED_EDGE('',*,*,#1576,.T.);
#2753=ORIENTED_EDGE('',*,*,#1579,.T.);
#2754=ORIENTED_EDGE('',*,*,#1582,.T.);
#2755=ORIENTED_EDGE('',*,*,#1585,.T.);
#2756=ORIENTED_EDGE('',*,*,#1588,.T.);
#2757=ORIENTED_EDGE('',*,*,#1974,.T.);
#2758=ORIENTED_EDGE('',*,*,#1975,.F.);
#2759=ORIENTED_EDGE('',*,*,#1976,.F.);
#2760=ORIENTED_EDGE('',*,*,#1977,.F.);
#2761=ORIENTED_EDGE('',*,*,#1978,.T.);
#2762=ORIENTED_EDGE('',*,*,#1761,.T.);
#2763=ORIENTED_EDGE('',*,*,#1777,.T.);
#2764=ORIENTED_EDGE('',*,*,#1774,.T.);
#2765=ORIENTED_EDGE('',*,*,#1771,.T.);
#2766=ORIENTED_EDGE('',*,*,#1768,.T.);
#2767=ORIENTED_EDGE('',*,*,#1765,.T.);
#2768=ORIENTED_EDGE('',*,*,#1785,.T.);
#2769=ORIENTED_EDGE('',*,*,#1801,.T.);
#2770=ORIENTED_EDGE('',*,*,#1798,.T.);
#2771=ORIENTED_EDGE('',*,*,#1795,.T.);
#2772=ORIENTED_EDGE('',*,*,#1792,.T.);
#2773=ORIENTED_EDGE('',*,*,#1789,.T.);
#2774=ORIENTED_EDGE('',*,*,#1809,.T.);
#2775=ORIENTED_EDGE('',*,*,#1825,.T.);
#2776=ORIENTED_EDGE('',*,*,#1822,.T.);
#2777=ORIENTED_EDGE('',*,*,#1819,.T.);
#2778=ORIENTED_EDGE('',*,*,#1816,.T.);
#2779=ORIENTED_EDGE('',*,*,#1813,.T.);
#2780=ORIENTED_EDGE('',*,*,#1833,.T.);
#2781=ORIENTED_EDGE('',*,*,#1849,.T.);
#2782=ORIENTED_EDGE('',*,*,#1846,.T.);
#2783=ORIENTED_EDGE('',*,*,#1843,.T.);
#2784=ORIENTED_EDGE('',*,*,#1840,.T.);
#2785=ORIENTED_EDGE('',*,*,#1837,.T.);
#2786=ORIENTED_EDGE('',*,*,#1979,.T.);
#2787=ORIENTED_EDGE('',*,*,#1980,.T.);
#2788=ORIENTED_EDGE('',*,*,#1977,.T.);
#2789=ORIENTED_EDGE('',*,*,#1981,.T.);
#2790=ORIENTED_EDGE('',*,*,#1982,.T.);
#2791=ORIENTED_EDGE('',*,*,#1983,.T.);
#2792=ORIENTED_EDGE('',*,*,#1975,.T.);
#2793=ORIENTED_EDGE('',*,*,#1984,.T.);
#2794=ORIENTED_EDGE('',*,*,#1976,.T.);
#2795=ORIENTED_EDGE('',*,*,#1983,.F.);
#2796=ORIENTED_EDGE('',*,*,#1985,.F.);
#2797=ORIENTED_EDGE('',*,*,#1981,.F.);
#2798=ORIENTED_EDGE('',*,*,#1986,.T.);
#2799=ORIENTED_EDGE('',*,*,#1959,.T.);
#2800=ORIENTED_EDGE('',*,*,#1987,.T.);
#2801=ORIENTED_EDGE('',*,*,#1984,.F.);
#2802=ORIENTED_EDGE('',*,*,#1974,.F.);
#2803=ORIENTED_EDGE('',*,*,#1980,.F.);
#2804=ORIENTED_EDGE('',*,*,#1970,.T.);
#2805=ORIENTED_EDGE('',*,*,#1986,.F.);
#2806=ORIENTED_EDGE('',*,*,#1979,.F.);
#2807=ORIENTED_EDGE('',*,*,#1985,.T.);
#2808=ORIENTED_EDGE('',*,*,#1982,.F.);
#2809=ORIENTED_EDGE('',*,*,#1987,.F.);
#2810=ORIENTED_EDGE('',*,*,#1955,.T.);
#2811=ORIENTED_EDGE('',*,*,#1954,.T.);
#2812=ORIENTED_EDGE('',*,*,#1988,.F.);
#2813=ORIENTED_EDGE('',*,*,#1989,.T.);
#2814=ORIENTED_EDGE('',*,*,#1978,.F.);
#2815=ORIENTED_EDGE('',*,*,#1989,.F.);
#2816=ORIENTED_EDGE('',*,*,#1988,.T.);
#2817=ORIENTED_EDGE('',*,*,#1859,.T.);
#2818=CYLINDRICAL_SURFACE('',#3065,15.5);
#2819=CYLINDRICAL_SURFACE('',#3068,2.5);
#2820=CYLINDRICAL_SURFACE('',#3071,2.5);
#2821=CYLINDRICAL_SURFACE('',#3074,2.5);
#2822=CYLINDRICAL_SURFACE('',#3077,2.5);
#2823=CYLINDRICAL_SURFACE('',#3080,6.);
#2824=CYLINDRICAL_SURFACE('',#3097,11.);
#2825=CYLINDRICAL_SURFACE('',#3105,11.);
#2826=CYLINDRICAL_SURFACE('',#3107,2.);
#2827=CYLINDRICAL_SURFACE('',#3112,2.);
#2828=CYLINDRICAL_SURFACE('',#3116,2.);
#2829=CYLINDRICAL_SURFACE('',#3119,2.);
#2830=CYLINDRICAL_SURFACE('',#3124,2.);
#2831=CYLINDRICAL_SURFACE('',#3128,2.);
#2832=CYLINDRICAL_SURFACE('',#3133,2.);
#2833=CYLINDRICAL_SURFACE('',#3136,2.);
#2834=CYLINDRICAL_SURFACE('',#3139,2.);
#2835=CYLINDRICAL_SURFACE('',#3142,2.);
#2836=CYLINDRICAL_SURFACE('',#3144,17.);
#2837=CYLINDRICAL_SURFACE('',#3162,5.);
#2838=CYLINDRICAL_SURFACE('',#3173,5.);
#2839=CYLINDRICAL_SURFACE('',#3177,5.5);
#2840=CYLINDRICAL_SURFACE('',#3181,5.5);
#2841=CYLINDRICAL_SURFACE('',#3189,5.75);
#2842=CYLINDRICAL_SURFACE('',#3194,12.5);
#2843=CYLINDRICAL_SURFACE('',#3221,2.5);
#2844=CYLINDRICAL_SURFACE('',#3235,2.5);
#2845=CYLINDRICAL_SURFACE('',#3249,2.5);
#2846=CYLINDRICAL_SURFACE('',#3263,2.5);
#2847=CYLINDRICAL_SURFACE('',#3265,8.);
#2848=CYLINDRICAL_SURFACE('',#3268,8.);
#2849=CYLINDRICAL_SURFACE('',#3282,7.5);
#2850=CYLINDRICAL_SURFACE('',#3283,7.5);
#2851=CYLINDRICAL_SURFACE('',#3285,4.85);
#2852=CYLINDRICAL_SURFACE('',#3291,6.);
#2853=CYLINDRICAL_SURFACE('',#3300,5.75);
#2854=CYLINDRICAL_SURFACE('',#3311,5.);
#2855=CYLINDRICAL_SURFACE('',#3322,5.);
#2856=CYLINDRICAL_SURFACE('',#3326,5.5);
#2857=CYLINDRICAL_SURFACE('',#3330,5.5);
#2858=CYLINDRICAL_SURFACE('',#3339,12.5);
#2859=CYLINDRICAL_SURFACE('',#3358,14.25);
#2860=STYLED_ITEM('',(#5153),#2862);
#2861=STYLED_ITEM('',(#5152),#13);
#2862=ADVANCED_FACE('',(#212),#2818,.T.);
#2863=ADVANCED_FACE('',(#213),#2819,.T.);
#2864=ADVANCED_FACE('',(#214),#2820,.T.);
#2865=ADVANCED_FACE('',(#215),#2821,.T.);
#2866=ADVANCED_FACE('',(#216),#2822,.T.);
#2867=ADVANCED_FACE('',(#217),#2823,.F.);
#2868=ADVANCED_FACE('',(#218,#42),#85,.F.);
#2869=ADVANCED_FACE('',(#219,#43),#86,.F.);
#2870=ADVANCED_FACE('',(#220),#40,.T.);
#2871=ADVANCED_FACE('',(#221),#41,.T.);
#2872=ADVANCED_FACE('',(#222,#44),#87,.T.);
#2873=ADVANCED_FACE('',(#223,#45),#88,.T.);
#2874=ADVANCED_FACE('',(#224),#2824,.F.);
#2875=ADVANCED_FACE('',(#225),#89,.F.);
#2876=ADVANCED_FACE('',(#226),#90,.F.);
#2877=ADVANCED_FACE('',(#227),#2825,.F.);
#2878=ADVANCED_FACE('',(#228),#2826,.T.);
#2879=ADVANCED_FACE('',(#229),#2827,.T.);
#2880=ADVANCED_FACE('',(#230),#91,.F.);
#2881=ADVANCED_FACE('',(#231),#2828,.T.);
#2882=ADVANCED_FACE('',(#232),#2829,.T.);
#2883=ADVANCED_FACE('',(#233),#2830,.T.);
#2884=ADVANCED_FACE('',(#234),#92,.F.);
#2885=ADVANCED_FACE('',(#235),#2831,.T.);
#2886=ADVANCED_FACE('',(#236),#93,.F.);
#2887=ADVANCED_FACE('',(#237),#94,.F.);
#2888=ADVANCED_FACE('',(#238),#2832,.T.);
#2889=ADVANCED_FACE('',(#239),#2833,.T.);
#2890=ADVANCED_FACE('',(#240),#95,.T.);
#2891=ADVANCED_FACE('',(#241),#2834,.T.);
#2892=ADVANCED_FACE('',(#242),#2835,.T.);
#2893=ADVANCED_FACE('',(#243),#2836,.T.);
#2894=ADVANCED_FACE('',(#244,#46),#96,.T.);
#2895=ADVANCED_FACE('',(#245),#97,.T.);
#2896=ADVANCED_FACE('',(#246),#98,.T.);
#2897=ADVANCED_FACE('',(#247,#47),#99,.F.);
#2898=ADVANCED_FACE('',(#248),#100,.F.);
#2899=ADVANCED_FACE('',(#249),#101,.F.);
#2900=ADVANCED_FACE('',(#250),#102,.F.);
#2901=ADVANCED_FACE('',(#251),#103,.F.);
#2902=ADVANCED_FACE('',(#252),#104,.F.);
#2903=ADVANCED_FACE('',(#253),#105,.F.);
#2904=ADVANCED_FACE('',(#254),#106,.F.);
#2905=ADVANCED_FACE('',(#255),#107,.F.);
#2906=ADVANCED_FACE('',(#256),#108,.F.);
#2907=ADVANCED_FACE('',(#257),#109,.F.);
#2908=ADVANCED_FACE('',(#258),#110,.T.);
#2909=ADVANCED_FACE('',(#259),#2837,.T.);
#2910=ADVANCED_FACE('',(#260,#48),#111,.T.);
#2911=ADVANCED_FACE('',(#261),#112,.F.);
#2912=ADVANCED_FACE('',(#262),#113,.F.);
#2913=ADVANCED_FACE('',(#263),#114,.F.);
#2914=ADVANCED_FACE('',(#264),#115,.F.);
#2915=ADVANCED_FACE('',(#265),#116,.F.);
#2916=ADVANCED_FACE('',(#266),#117,.F.);
#2917=ADVANCED_FACE('',(#267),#118,.T.);
#2918=ADVANCED_FACE('',(#268),#2838,.T.);
#2919=ADVANCED_FACE('',(#269,#49),#119,.T.);
#2920=ADVANCED_FACE('',(#270),#2839,.F.);
#2921=ADVANCED_FACE('',(#271,#50),#120,.F.);
#2922=ADVANCED_FACE('',(#272),#2840,.F.);
#2923=ADVANCED_FACE('',(#273,#51),#121,.F.);
#2924=ADVANCED_FACE('',(#274),#17,.F.);
#2925=ADVANCED_FACE('',(#275),#2841,.F.);
#2926=ADVANCED_FACE('',(#276,#52),#122,.F.);
#2927=ADVANCED_FACE('',(#277),#123,.F.);
#2928=ADVANCED_FACE('',(#278),#2842,.F.);
#2929=ADVANCED_FACE('',(#279),#124,.F.);
#2930=ADVANCED_FACE('',(#280),#125,.T.);
#2931=ADVANCED_FACE('',(#281),#126,.T.);
#2932=ADVANCED_FACE('',(#282),#127,.T.);
#2933=ADVANCED_FACE('',(#283),#128,.T.);
#2934=ADVANCED_FACE('',(#284,#53),#129,.F.);
#2935=ADVANCED_FACE('',(#285),#130,.F.);
#2936=ADVANCED_FACE('',(#286),#131,.T.);
#2937=ADVANCED_FACE('',(#287,#54),#132,.T.);
#2938=ADVANCED_FACE('',(#288),#133,.F.);
#2939=ADVANCED_FACE('',(#289,#55,#56,#57,#58,#59),#134,.F.);
#2940=ADVANCED_FACE('',(#290),#135,.T.);
#2941=ADVANCED_FACE('',(#291),#136,.T.);
#2942=ADVANCED_FACE('',(#292),#137,.T.);
#2943=ADVANCED_FACE('',(#293),#138,.T.);
#2944=ADVANCED_FACE('',(#294),#139,.T.);
#2945=ADVANCED_FACE('',(#295),#140,.T.);
#2946=ADVANCED_FACE('',(#296,#60),#141,.F.);
#2947=ADVANCED_FACE('',(#297),#18,.T.);
#2948=ADVANCED_FACE('',(#298),#2843,.T.);
#2949=ADVANCED_FACE('',(#299),#142,.T.);
#2950=ADVANCED_FACE('',(#300),#143,.T.);
#2951=ADVANCED_FACE('',(#301),#144,.T.);
#2952=ADVANCED_FACE('',(#302),#145,.T.);
#2953=ADVANCED_FACE('',(#303),#146,.T.);
#2954=ADVANCED_FACE('',(#304),#147,.T.);
#2955=ADVANCED_FACE('',(#305),#148,.T.);
#2956=ADVANCED_FACE('',(#306,#61),#149,.F.);
#2957=ADVANCED_FACE('',(#307),#19,.T.);
#2958=ADVANCED_FACE('',(#308),#2844,.T.);
#2959=ADVANCED_FACE('',(#309),#150,.T.);
#2960=ADVANCED_FACE('',(#310),#151,.T.);
#2961=ADVANCED_FACE('',(#311),#152,.T.);
#2962=ADVANCED_FACE('',(#312),#153,.T.);
#2963=ADVANCED_FACE('',(#313),#154,.T.);
#2964=ADVANCED_FACE('',(#314),#155,.T.);
#2965=ADVANCED_FACE('',(#315),#156,.T.);
#2966=ADVANCED_FACE('',(#316,#62),#157,.F.);
#2967=ADVANCED_FACE('',(#317),#20,.T.);
#2968=ADVANCED_FACE('',(#318),#2845,.T.);
#2969=ADVANCED_FACE('',(#319),#158,.T.);
#2970=ADVANCED_FACE('',(#320),#159,.T.);
#2971=ADVANCED_FACE('',(#321),#160,.T.);
#2972=ADVANCED_FACE('',(#322),#161,.T.);
#2973=ADVANCED_FACE('',(#323),#162,.T.);
#2974=ADVANCED_FACE('',(#324),#163,.T.);
#2975=ADVANCED_FACE('',(#325),#164,.T.);
#2976=ADVANCED_FACE('',(#326,#63),#165,.F.);
#2977=ADVANCED_FACE('',(#327),#21,.T.);
#2978=ADVANCED_FACE('',(#328),#2846,.T.);
#2979=ADVANCED_FACE('',(#329),#166,.T.);
#2980=ADVANCED_FACE('',(#330),#2847,.T.);
#2981=ADVANCED_FACE('',(#331),#2848,.T.);
#2982=ADVANCED_FACE('',(#332,#64),#167,.T.);
#2983=ADVANCED_FACE('',(#333),#168,.T.);
#2984=ADVANCED_FACE('',(#334),#22,.T.);
#2985=ADVANCED_FACE('',(#335),#169,.T.);
#2986=ADVANCED_FACE('',(#336),#170,.T.);
#2987=ADVANCED_FACE('',(#337),#2849,.T.);
#2988=ADVANCED_FACE('',(#338),#2850,.T.);
#2989=ADVANCED_FACE('',(#339),#171,.T.);
#2990=ADVANCED_FACE('',(#340),#2851,.T.);
#2991=ADVANCED_FACE('',(#341),#23,.T.);
#2992=ADVANCED_FACE('',(#342),#2852,.T.);
#2993=ADVANCED_FACE('',(#343,#65),#172,.T.);
#2994=ADVANCED_FACE('',(#344),#24,.T.);
#2995=ADVANCED_FACE('',(#345),#173,.T.);
#2996=ADVANCED_FACE('',(#346),#174,.F.);
#2997=ADVANCED_FACE('',(#347),#2853,.F.);
#2998=ADVANCED_FACE('',(#348),#175,.F.);
#2999=ADVANCED_FACE('',(#349),#176,.F.);
#3000=ADVANCED_FACE('',(#350),#177,.F.);
#3001=ADVANCED_FACE('',(#351),#178,.F.);
#3002=ADVANCED_FACE('',(#352),#179,.F.);
#3003=ADVANCED_FACE('',(#353),#180,.F.);
#3004=ADVANCED_FACE('',(#354),#181,.T.);
#3005=ADVANCED_FACE('',(#355),#2854,.T.);
#3006=ADVANCED_FACE('',(#356,#66),#182,.T.);
#3007=ADVANCED_FACE('',(#357),#183,.F.);
#3008=ADVANCED_FACE('',(#358),#184,.F.);
#3009=ADVANCED_FACE('',(#359),#185,.F.);
#3010=ADVANCED_FACE('',(#360),#186,.F.);
#3011=ADVANCED_FACE('',(#361),#187,.F.);
#3012=ADVANCED_FACE('',(#362),#188,.F.);
#3013=ADVANCED_FACE('',(#363),#189,.T.);
#3014=ADVANCED_FACE('',(#364),#2855,.T.);
#3015=ADVANCED_FACE('',(#365,#67),#190,.T.);
#3016=ADVANCED_FACE('',(#366),#2856,.F.);
#3017=ADVANCED_FACE('',(#367,#68),#191,.F.);
#3018=ADVANCED_FACE('',(#368),#2857,.F.);
#3019=ADVANCED_FACE('',(#369,#69),#192,.F.);
#3020=ADVANCED_FACE('',(#370),#25,.F.);
#3021=ADVANCED_FACE('',(#371,#70),#193,.F.);
#3022=ADVANCED_FACE('',(#372),#194,.F.);
#3023=ADVANCED_FACE('',(#373),#2858,.F.);
#3024=ADVANCED_FACE('',(#374),#195,.T.);
#3025=ADVANCED_FACE('',(#375),#196,.T.);
#3026=ADVANCED_FACE('',(#376),#197,.F.);
#3027=ADVANCED_FACE('',(#377),#198,.T.);
#3028=ADVANCED_FACE('',(#378,#71),#199,.F.);
#3029=ADVANCED_FACE('',(#379,#72),#200,.F.);
#3030=ADVANCED_FACE('',(#380),#201,.T.);
#3031=ADVANCED_FACE('',(#381,#73),#202,.T.);
#3032=ADVANCED_FACE('',(#382),#203,.F.);
#3033=ADVANCED_FACE('',(#383,#74,#75,#76,#77,#78),#204,.F.);
#3034=ADVANCED_FACE('',(#384,#79,#80,#81,#82,#83),#205,.F.);
#3035=ADVANCED_FACE('',(#385),#206,.T.);
#3036=ADVANCED_FACE('',(#386),#207,.F.);
#3037=ADVANCED_FACE('',(#387),#208,.F.);
#3038=ADVANCED_FACE('',(#388),#209,.F.);
#3039=ADVANCED_FACE('',(#389),#210,.F.);
#3040=ADVANCED_FACE('',(#390),#2859,.T.);
#3041=ADVANCED_FACE('',(#391,#84),#211,.T.);
#3042=CLOSED_SHELL('',(#2862,#2863,#2864,#2865,#2866,#2867,#2868,#2869,
#2870,#2871,#2872,#2873,#2874,#2875,#2876,#2877,#2878,#2879,#2880,#2881,
#2882,#2883,#2884,#2885,#2886,#2887,#2888,#2889,#2890,#2891,#2892,#2893,
#2894,#2895,#2896,#2897,#2898,#2899,#2900,#2901,#2902,#2903,#2904,#2905,
#2906,#2907,#2908,#2909,#2910,#2911,#2912,#2913,#2914,#2915,#2916,#2917,
#2918,#2919,#2920,#2921,#2922,#2923,#2924,#2925,#2926,#2927,#2928,#2929,
#2930,#2931,#2932,#2933,#2934,#2935,#2936,#2937,#2938,#2939,#2940,#2941,
#2942,#2943,#2944,#2945,#2946,#2947,#2948,#2949,#2950,#2951,#2952,#2953,
#2954,#2955,#2956,#2957,#2958,#2959,#2960,#2961,#2962,#2963,#2964,#2965,
#2966,#2967,#2968,#2969,#2970,#2971,#2972,#2973,#2974,#2975,#2976,#2977,
#2978,#2979,#2980,#2981,#2982,#2983,#2984,#2985,#2986,#2987,#2988,#2989,
#2990,#2991,#2992,#2993,#2994,#2995,#2996,#2997,#2998,#2999,#3000,#3001,
#3002,#3003,#3004,#3005,#3006,#3007,#3008,#3009,#3010,#3011,#3012,#3013,
#3014,#3015,#3016,#3017,#3018,#3019,#3020,#3021,#3022,#3023,#3024,#3025,
#3026,#3027,#3028,#3029,#3030,#3031,#3032,#3033,#3034,#3035,#3036,#3037,
#3038,#3039,#3040,#3041));
#3043=DERIVED_UNIT_ELEMENT(#3046,1.);
#3044=DERIVED_UNIT_ELEMENT(#5138,-3.);
#3045=DIMENSIONAL_EXPONENTS(0.,1.,0.,0.,0.,0.,0.);
#3046=(
CONVERSION_BASED_UNIT('gram',#3048)
MASS_UNIT()
NAMED_UNIT(#3045)
);
#3047=(
MASS_UNIT()
NAMED_UNIT(*)
SI_UNIT(.KILO.,.GRAM.)
);
#3048=MASS_MEASURE_WITH_UNIT(MASS_MEASURE(0.001),#3047);
#3049=DERIVED_UNIT((#3043,#3044));
#3050=MEASURE_REPRESENTATION_ITEM('density measure',
POSITIVE_RATIO_MEASURE(1.),#3049);
#3051=PROPERTY_DEFINITION_REPRESENTATION(#3056,#3053);
#3052=PROPERTY_DEFINITION_REPRESENTATION(#3057,#3054);
#3053=REPRESENTATION('material name',(#3055),#5135);
#3054=REPRESENTATION('density',(#3050),#5135);
#3055=DESCRIPTIVE_REPRESENTATION_ITEM('\X2\04220438043F043E0432044B0435\X0\',
'\X2\04220438043F043E0432044B0435\X0\');
#3056=PROPERTY_DEFINITION('material property','material name',#5145);
#3057=PROPERTY_DEFINITION('material property','density of part',#5145);
#3058=DATE_TIME_ROLE('creation_date');
#3059=APPLIED_DATE_AND_TIME_ASSIGNMENT(#3060,#3058,(#5145));
#3060=DATE_AND_TIME(#3061,#3062);
#3061=CALENDAR_DATE(2026,24,6);
#3062=LOCAL_TIME(0,0,0.,#3063);
#3063=COORDINATED_UNIVERSAL_TIME_OFFSET(0,0,.BEHIND.);
#3064=AXIS2_PLACEMENT_3D('',#4250,#3361,#3362);
#3065=AXIS2_PLACEMENT_3D('',#4251,#3363,#3364);
#3066=AXIS2_PLACEMENT_3D('',#4253,#3365,#3366);
#3067=AXIS2_PLACEMENT_3D('',#4256,#3368,#3369);
#3068=AXIS2_PLACEMENT_3D('',#4257,#3370,#3371);
#3069=AXIS2_PLACEMENT_3D('',#4259,#3372,#3373);
#3070=AXIS2_PLACEMENT_3D('',#4262,#3375,#3376);
#3071=AXIS2_PLACEMENT_3D('',#4263,#3377,#3378);
#3072=AXIS2_PLACEMENT_3D('',#4265,#3379,#3380);
#3073=AXIS2_PLACEMENT_3D('',#4268,#3382,#3383);
#3074=AXIS2_PLACEMENT_3D('',#4269,#3384,#3385);
#3075=AXIS2_PLACEMENT_3D('',#4271,#3386,#3387);
#3076=AXIS2_PLACEMENT_3D('',#4274,#3389,#3390);
#3077=AXIS2_PLACEMENT_3D('',#4275,#3391,#3392);
#3078=AXIS2_PLACEMENT_3D('',#4277,#3393,#3394);
#3079=AXIS2_PLACEMENT_3D('',#4280,#3396,#3397);
#3080=AXIS2_PLACEMENT_3D('',#4281,#3398,#3399);
#3081=AXIS2_PLACEMENT_3D('',#4283,#3400,#3401);
#3082=AXIS2_PLACEMENT_3D('',#4286,#3403,#3404);
#3083=AXIS2_PLACEMENT_3D('',#4287,#3405,#3406);
#3084=AXIS2_PLACEMENT_3D('',#4289,#3407,#3408);
#3085=AXIS2_PLACEMENT_3D('',#4290,#3409,#3410);
#3086=AXIS2_PLACEMENT_3D('',#4292,#3411,#3412);
#3087=AXIS2_PLACEMENT_3D('',#4293,#3413,#3414);
#3088=AXIS2_PLACEMENT_3D('',#4295,#3415,#3416);
#3089=AXIS2_PLACEMENT_3D('',#4296,#3417,#3418);
#3090=AXIS2_PLACEMENT_3D('',#4297,#3419,#3420);
#3091=AXIS2_PLACEMENT_3D('',#4299,#3421,#3422);
#3092=AXIS2_PLACEMENT_3D('',#4300,#3423,#3424);
#3093=AXIS2_PLACEMENT_3D('',#4301,#3425,#3426);
#3094=AXIS2_PLACEMENT_3D('',#4303,#3427,#3428);
#3095=AXIS2_PLACEMENT_3D('',#4304,#3429,#3430);
#3096=AXIS2_PLACEMENT_3D('',#4306,#3431,#3432);
#3097=AXIS2_PLACEMENT_3D('',#4307,#3433,#3434);
#3098=AXIS2_PLACEMENT_3D('',#4310,#3436,#3437);
#3099=AXIS2_PLACEMENT_3D('',#4311,#3438,#3439);
#3100=AXIS2_PLACEMENT_3D('',#4316,#3441,#3442);
#3101=AXIS2_PLACEMENT_3D('',#4319,#3444,#3445);
#3102=AXIS2_PLACEMENT_3D('',#4320,#3446,#3447);
#3103=AXIS2_PLACEMENT_3D('',#4325,#3449,#3450);
#3104=AXIS2_PLACEMENT_3D('',#4328,#3452,#3453);
#3105=AXIS2_PLACEMENT_3D('',#4329,#3454,#3455);
#3106=AXIS2_PLACEMENT_3D('',#4331,#3456,#3457);
#3107=AXIS2_PLACEMENT_3D('',#4333,#3459,#3460);
#3108=AXIS2_PLACEMENT_3D('',#4336,#3461,#3462);
#3109=AXIS2_PLACEMENT_3D('',#4340,#3464,#3465);
#3110=AXIS2_PLACEMENT_3D('',#4342,#3466,#3467);
#3111=AXIS2_PLACEMENT_3D('',#4345,#3469,#3470);
#3112=AXIS2_PLACEMENT_3D('',#4346,#3471,#3472);
#3113=AXIS2_PLACEMENT_3D('',#4350,#3474,#3475);
#3114=AXIS2_PLACEMENT_3D('',#4353,#3477,#3478);
#3115=AXIS2_PLACEMENT_3D('',#4354,#3479,#3480);
#3116=AXIS2_PLACEMENT_3D('',#4358,#3483,#3484);
#3117=AXIS2_PLACEMENT_3D('',#4360,#3485,#3486);
#3118=AXIS2_PLACEMENT_3D('',#4363,#3488,#3489);
#3119=AXIS2_PLACEMENT_3D('',#4364,#3490,#3491);
#3120=AXIS2_PLACEMENT_3D('',#4367,#3492,#3493);
#3121=AXIS2_PLACEMENT_3D('',#4371,#3495,#3496);
#3122=AXIS2_PLACEMENT_3D('',#4373,#3497,#3498);
#3123=AXIS2_PLACEMENT_3D('',#4376,#3500,#3501);
#3124=AXIS2_PLACEMENT_3D('',#4377,#3502,#3503);
#3125=AXIS2_PLACEMENT_3D('',#4381,#3505,#3506);
#3126=AXIS2_PLACEMENT_3D('',#4384,#3508,#3509);
#3127=AXIS2_PLACEMENT_3D('',#4385,#3510,#3511);
#3128=AXIS2_PLACEMENT_3D('',#4389,#3514,#3515);
#3129=AXIS2_PLACEMENT_3D('',#4391,#3516,#3517);
#3130=AXIS2_PLACEMENT_3D('',#4394,#3519,#3520);
#3131=AXIS2_PLACEMENT_3D('',#4395,#3521,#3522);
#3132=AXIS2_PLACEMENT_3D('',#4403,#3528,#3529);
#3133=AXIS2_PLACEMENT_3D('',#4414,#3536,#3537);
#3134=AXIS2_PLACEMENT_3D('',#4416,#3538,#3539);
#3135=AXIS2_PLACEMENT_3D('',#4418,#3540,#3541);
#3136=AXIS2_PLACEMENT_3D('',#4420,#3543,#3544);
#3137=AXIS2_PLACEMENT_3D('',#4422,#3546,#3547);
#3138=AXIS2_PLACEMENT_3D('',#4423,#3548,#3549);
#3139=AXIS2_PLACEMENT_3D('',#4425,#3551,#3552);
#3140=AXIS2_PLACEMENT_3D('',#4429,#3554,#3555);
#3141=AXIS2_PLACEMENT_3D('',#4430,#3556,#3557);
#3142=AXIS2_PLACEMENT_3D('',#4431,#3558,#3559);
#3143=AXIS2_PLACEMENT_3D('',#4432,#3560,#3561);
#3144=AXIS2_PLACEMENT_3D('',#4433,#3562,#3563);
#3145=AXIS2_PLACEMENT_3D('',#4438,#3565,#3566);
#3146=AXIS2_PLACEMENT_3D('',#4441,#3568,#3569);
#3147=AXIS2_PLACEMENT_3D('',#4442,#3570,#3571);
#3148=AXIS2_PLACEMENT_3D('',#4445,#3574,#3575);
#3149=AXIS2_PLACEMENT_3D('',#4447,#3577,#3578);
#3150=AXIS2_PLACEMENT_3D('',#4449,#3580,#3581);
#3151=AXIS2_PLACEMENT_3D('',#4450,#3582,#3583);
#3152=AXIS2_PLACEMENT_3D('',#4452,#3585,#3586);
#3153=AXIS2_PLACEMENT_3D('',#4454,#3588,#3589);
#3154=AXIS2_PLACEMENT_3D('',#4458,#3592,#3593);
#3155=AXIS2_PLACEMENT_3D('',#4462,#3596,#3597);
#3156=AXIS2_PLACEMENT_3D('',#4471,#3602,#3603);
#3157=AXIS2_PLACEMENT_3D('',#4477,#3607,#3608);
#3158=AXIS2_PLACEMENT_3D('',#4483,#3612,#3613);
#3159=AXIS2_PLACEMENT_3D('',#4489,#3617,#3618);
#3160=AXIS2_PLACEMENT_3D('',#4495,#3622,#3623);
#3161=AXIS2_PLACEMENT_3D('',#4498,#3626,#3627);
#3162=AXIS2_PLACEMENT_3D('',#4499,#3628,#3629);
#3163=AXIS2_PLACEMENT_3D('',#4501,#3630,#3631);
#3164=AXIS2_PLACEMENT_3D('',#4504,#3633,#3634);
#3165=AXIS2_PLACEMENT_3D('',#4505,#3635,#3636);
#3166=AXIS2_PLACEMENT_3D('',#4506,#3637,#3638);
#3167=AXIS2_PLACEMENT_3D('',#4515,#3643,#3644);
#3168=AXIS2_PLACEMENT_3D('',#4521,#3648,#3649);
#3169=AXIS2_PLACEMENT_3D('',#4527,#3653,#3654);
#3170=AXIS2_PLACEMENT_3D('',#4533,#3658,#3659);
#3171=AXIS2_PLACEMENT_3D('',#4539,#3663,#3664);
#3172=AXIS2_PLACEMENT_3D('',#4542,#3667,#3668);
#3173=AXIS2_PLACEMENT_3D('',#4543,#3669,#3670);
#3174=AXIS2_PLACEMENT_3D('',#4545,#3671,#3672);
#3175=AXIS2_PLACEMENT_3D('',#4548,#3674,#3675);
#3176=AXIS2_PLACEMENT_3D('',#4549,#3676,#3677);
#3177=AXIS2_PLACEMENT_3D('',#4550,#3678,#3679);
#3178=AXIS2_PLACEMENT_3D('',#4552,#3680,#3681);
#3179=AXIS2_PLACEMENT_3D('',#4555,#3683,#3684);
#3180=AXIS2_PLACEMENT_3D('',#4556,#3685,#3686);
#3181=AXIS2_PLACEMENT_3D('',#4557,#3687,#3688);
#3182=AXIS2_PLACEMENT_3D('',#4559,#3689,#3690);
#3183=AXIS2_PLACEMENT_3D('',#4562,#3692,#3693);
#3184=AXIS2_PLACEMENT_3D('',#4563,#3694,#3695);
#3185=AXIS2_PLACEMENT_3D('',#4564,#3696,#3697);
#3186=AXIS2_PLACEMENT_3D('',#4567,#3698,#3699);
#3187=AXIS2_PLACEMENT_3D('',#4570,#3701,#3702);
#3188=AXIS2_PLACEMENT_3D('',#4571,#3703,#3704);
#3189=AXIS2_PLACEMENT_3D('',#4572,#3705,#3706);
#3190=AXIS2_PLACEMENT_3D('',#4574,#3707,#3708);
#3191=AXIS2_PLACEMENT_3D('',#4576,#3710,#3711);
#3192=AXIS2_PLACEMENT_3D('',#4580,#3713,#3714);
#3193=AXIS2_PLACEMENT_3D('',#4581,#3715,#3716);
#3194=AXIS2_PLACEMENT_3D('',#4582,#3717,#3718);
#3195=AXIS2_PLACEMENT_3D('',#4585,#3719,#3720);
#3196=AXIS2_PLACEMENT_3D('',#4587,#3721,#3722);
#3197=AXIS2_PLACEMENT_3D('',#4589,#3723,#3724);
#3198=AXIS2_PLACEMENT_3D('',#4592,#3727,#3728);
#3199=AXIS2_PLACEMENT_3D('',#4599,#3733,#3734);
#3200=AXIS2_PLACEMENT_3D('',#4603,#3737,#3738);
#3201=AXIS2_PLACEMENT_3D('',#4607,#3741,#3742);
#3202=AXIS2_PLACEMENT_3D('',#4613,#3746,#3747);
#3203=AXIS2_PLACEMENT_3D('',#4615,#3749,#3750);
#3204=AXIS2_PLACEMENT_3D('',#4621,#3754,#3755);
#3205=AXIS2_PLACEMENT_3D('',#4625,#3758,#3759);
#3206=AXIS2_PLACEMENT_3D('',#4627,#3761,#3762);
#3207=AXIS2_PLACEMENT_3D('',#4631,#3765,#3766);
#3208=AXIS2_PLACEMENT_3D('',#4633,#3768,#3769);
#3209=AXIS2_PLACEMENT_3D('',#4634,#3770,#3771);
#3210=AXIS2_PLACEMENT_3D('',#4643,#3776,#3777);
#3211=AXIS2_PLACEMENT_3D('',#4649,#3781,#3782);
#3212=AXIS2_PLACEMENT_3D('',#4655,#3786,#3787);
#3213=AXIS2_PLACEMENT_3D('',#4661,#3791,#3792);
#3214=AXIS2_PLACEMENT_3D('',#4667,#3796,#3797);
#3215=AXIS2_PLACEMENT_3D('',#4670,#3800,#3801);
#3216=AXIS2_PLACEMENT_3D('',#4672,#3802,#3803);
#3217=AXIS2_PLACEMENT_3D('',#4673,#3804,#3805);
#3218=AXIS2_PLACEMENT_3D('',#4676,#3806,#3807);
#3219=AXIS2_PLACEMENT_3D('',#4677,#3808,#3809);
#3220=AXIS2_PLACEMENT_3D('',#4680,#3811,#3812);
#3221=AXIS2_PLACEMENT_3D('',#4681,#3813,#3814);
#3222=AXIS2_PLACEMENT_3D('',#4683,#3816,#3817);
#3223=AXIS2_PLACEMENT_3D('',#4684,#3818,#3819);
#3224=AXIS2_PLACEMENT_3D('',#4693,#3824,#3825);
#3225=AXIS2_PLACEMENT_3D('',#4699,#3829,#3830);
#3226=AXIS2_PLACEMENT_3D('',#4705,#3834,#3835);
#3227=AXIS2_PLACEMENT_3D('',#4711,#3839,#3840);
#3228=AXIS2_PLACEMENT_3D('',#4717,#3844,#3845);
#3229=AXIS2_PLACEMENT_3D('',#4720,#3848,#3849);
#3230=AXIS2_PLACEMENT_3D('',#4722,#3850,#3851);
#3231=AXIS2_PLACEMENT_3D('',#4723,#3852,#3853);
#3232=AXIS2_PLACEMENT_3D('',#4726,#3854,#3855);
#3233=AXIS2_PLACEMENT_3D('',#4727,#3856,#3857);
#3234=AXIS2_PLACEMENT_3D('',#4730,#3859,#3860);
#3235=AXIS2_PLACEMENT_3D('',#4731,#3861,#3862);
#3236=AXIS2_PLACEMENT_3D('',#4733,#3864,#3865);
#3237=AXIS2_PLACEMENT_3D('',#4734,#3866,#3867);
#3238=AXIS2_PLACEMENT_3D('',#4743,#3872,#3873);
#3239=AXIS2_PLACEMENT_3D('',#4749,#3877,#3878);
#3240=AXIS2_PLACEMENT_3D('',#4755,#3882,#3883);
#3241=AXIS2_PLACEMENT_3D('',#4761,#3887,#3888);
#3242=AXIS2_PLACEMENT_3D('',#4767,#3892,#3893);
#3243=AXIS2_PLACEMENT_3D('',#4770,#3896,#3897);
#3244=AXIS2_PLACEMENT_3D('',#4772,#3898,#3899);
#3245=AXIS2_PLACEMENT_3D('',#4773,#3900,#3901);
#3246=AXIS2_PLACEMENT_3D('',#4776,#3902,#3903);
#3247=AXIS2_PLACEMENT_3D('',#4777,#3904,#3905);
#3248=AXIS2_PLACEMENT_3D('',#4780,#3907,#3908);
#3249=AXIS2_PLACEMENT_3D('',#4781,#3909,#3910);
#3250=AXIS2_PLACEMENT_3D('',#4783,#3912,#3913);
#3251=AXIS2_PLACEMENT_3D('',#4784,#3914,#3915);
#3252=AXIS2_PLACEMENT_3D('',#4793,#3920,#3921);
#3253=AXIS2_PLACEMENT_3D('',#4799,#3925,#3926);
#3254=AXIS2_PLACEMENT_3D('',#4805,#3930,#3931);
#3255=AXIS2_PLACEMENT_3D('',#4811,#3935,#3936);
#3256=AXIS2_PLACEMENT_3D('',#4817,#3940,#3941);
#3257=AXIS2_PLACEMENT_3D('',#4820,#3944,#3945);
#3258=AXIS2_PLACEMENT_3D('',#4822,#3946,#3947);
#3259=AXIS2_PLACEMENT_3D('',#4823,#3948,#3949);
#3260=AXIS2_PLACEMENT_3D('',#4826,#3950,#3951);
#3261=AXIS2_PLACEMENT_3D('',#4827,#3952,#3953);
#3262=AXIS2_PLACEMENT_3D('',#4830,#3955,#3956);
#3263=AXIS2_PLACEMENT_3D('',#4831,#3957,#3958);
#3264=AXIS2_PLACEMENT_3D('',#4833,#3960,#3961);
#3265=AXIS2_PLACEMENT_3D('',#4834,#3962,#3963);
#3266=AXIS2_PLACEMENT_3D('',#4836,#3964,#3965);
#3267=AXIS2_PLACEMENT_3D('',#4839,#3967,#3968);
#3268=AXIS2_PLACEMENT_3D('',#4840,#3969,#3970);
#3269=AXIS2_PLACEMENT_3D('',#4870,#3973,#3974);
#3270=AXIS2_PLACEMENT_3D('',#4875,#3976,#3977);
#3271=AXIS2_PLACEMENT_3D('',#4878,#3979,#3980);
#3272=AXIS2_PLACEMENT_3D('',#4880,#3981,#3982);
#3273=AXIS2_PLACEMENT_3D('',#4881,#3983,#3984);
#3274=AXIS2_PLACEMENT_3D('',#4885,#3986,#3987);
#3275=AXIS2_PLACEMENT_3D('',#4886,#3988,#3989);
#3276=AXIS2_PLACEMENT_3D('',#4890,#3991,#3992);
#3277=AXIS2_PLACEMENT_3D('',#4892,#3993,#3994);
#3278=AXIS2_PLACEMENT_3D('',#4893,#3995,#3996);
#3279=AXIS2_PLACEMENT_3D('',#4894,#3997,#3998);
#3280=AXIS2_PLACEMENT_3D('',#4895,#3999,#4000);
#3281=AXIS2_PLACEMENT_3D('',#4897,#4002,#4003);
#3282=AXIS2_PLACEMENT_3D('',#4900,#4006,#4007);
#3283=AXIS2_PLACEMENT_3D('',#4902,#4009,#4010);
#3284=AXIS2_PLACEMENT_3D('',#4904,#4012,#4013);
#3285=AXIS2_PLACEMENT_3D('',#4905,#4014,#4015);
#3286=AXIS2_PLACEMENT_3D('',#4907,#4016,#4017);
#3287=AXIS2_PLACEMENT_3D('',#4909,#4019,#4020);
#3288=AXIS2_PLACEMENT_3D('',#4912,#4021,#4022);
#3289=AXIS2_PLACEMENT_3D('',#4915,#4024,#4025);
#3290=AXIS2_PLACEMENT_3D('',#4916,#4026,#4027);
#3291=AXIS2_PLACEMENT_3D('',#4917,#4028,#4029);
#3292=AXIS2_PLACEMENT_3D('',#4920,#4030,#4031);
#3293=AXIS2_PLACEMENT_3D('',#4921,#4032,#4033);
#3294=AXIS2_PLACEMENT_3D('',#4923,#4035,#4036);
#3295=AXIS2_PLACEMENT_3D('',#4924,#4037,#4038);
#3296=AXIS2_PLACEMENT_3D('',#4927,#4040,#4041);
#3297=AXIS2_PLACEMENT_3D('',#4928,#4042,#4043);
#3298=AXIS2_PLACEMENT_3D('',#4929,#4044,#4045);
#3299=AXIS2_PLACEMENT_3D('',#4930,#4046,#4047);
#3300=AXIS2_PLACEMENT_3D('',#4931,#4048,#4049);
#3301=AXIS2_PLACEMENT_3D('',#4935,#4051,#4052);
#3302=AXIS2_PLACEMENT_3D('',#4936,#4053,#4054);
#3303=AXIS2_PLACEMENT_3D('',#4937,#4055,#4056);
#3304=AXIS2_PLACEMENT_3D('',#4938,#4057,#4058);
#3305=AXIS2_PLACEMENT_3D('',#4947,#4063,#4064);
#3306=AXIS2_PLACEMENT_3D('',#4953,#4068,#4069);
#3307=AXIS2_PLACEMENT_3D('',#4959,#4073,#4074);
#3308=AXIS2_PLACEMENT_3D('',#4965,#4078,#4079);
#3309=AXIS2_PLACEMENT_3D('',#4971,#4083,#4084);
#3310=AXIS2_PLACEMENT_3D('',#4974,#4087,#4088);
#3311=AXIS2_PLACEMENT_3D('',#4975,#4089,#4090);
#3312=AXIS2_PLACEMENT_3D('',#4977,#4091,#4092);
#3313=AXIS2_PLACEMENT_3D('',#4980,#4094,#4095);
#3314=AXIS2_PLACEMENT_3D('',#4981,#4096,#4097);
#3315=AXIS2_PLACEMENT_3D('',#4982,#4098,#4099);
#3316=AXIS2_PLACEMENT_3D('',#4991,#4104,#4105);
#3317=AXIS2_PLACEMENT_3D('',#4997,#4109,#4110);
#3318=AXIS2_PLACEMENT_3D('',#5003,#4114,#4115);
#3319=AXIS2_PLACEMENT_3D('',#5009,#4119,#4120);
#3320=AXIS2_PLACEMENT_3D('',#5015,#4124,#4125);
#3321=AXIS2_PLACEMENT_3D('',#5018,#4128,#4129);
#3322=AXIS2_PLACEMENT_3D('',#5019,#4130,#4131);
#3323=AXIS2_PLACEMENT_3D('',#5021,#4132,#4133);
#3324=AXIS2_PLACEMENT_3D('',#5024,#4135,#4136);
#3325=AXIS2_PLACEMENT_3D('',#5025,#4137,#4138);
#3326=AXIS2_PLACEMENT_3D('',#5026,#4139,#4140);
#3327=AXIS2_PLACEMENT_3D('',#5028,#4141,#4142);
#3328=AXIS2_PLACEMENT_3D('',#5031,#4144,#4145);
#3329=AXIS2_PLACEMENT_3D('',#5032,#4146,#4147);
#3330=AXIS2_PLACEMENT_3D('',#5033,#4148,#4149);
#3331=AXIS2_PLACEMENT_3D('',#5035,#4150,#4151);
#3332=AXIS2_PLACEMENT_3D('',#5038,#4153,#4154);
#3333=AXIS2_PLACEMENT_3D('',#5039,#4155,#4156);
#3334=AXIS2_PLACEMENT_3D('',#5040,#4157,#4158);
#3335=AXIS2_PLACEMENT_3D('',#5043,#4160,#4161);
#3336=AXIS2_PLACEMENT_3D('',#5044,#4162,#4163);
#3337=AXIS2_PLACEMENT_3D('',#5046,#4164,#4165);
#3338=AXIS2_PLACEMENT_3D('',#5047,#4166,#4167);
#3339=AXIS2_PLACEMENT_3D('',#5048,#4168,#4169);
#3340=AXIS2_PLACEMENT_3D('',#5051,#4171,#4172);
#3341=AXIS2_PLACEMENT_3D('',#5052,#4173,#4174);
#3342=AXIS2_PLACEMENT_3D('',#5061,#4179,#4180);
#3343=AXIS2_PLACEMENT_3D('',#5069,#4185,#4186);
#3344=AXIS2_PLACEMENT_3D('',#5075,#4190,#4191);
#3345=AXIS2_PLACEMENT_3D('',#5079,#4194,#4195);
#3346=AXIS2_PLACEMENT_3D('',#5085,#4199,#4200);
#3347=AXIS2_PLACEMENT_3D('',#5089,#4203,#4204);
#3348=AXIS2_PLACEMENT_3D('',#5092,#4207,#4208);
#3349=AXIS2_PLACEMENT_3D('',#5096,#4211,#4212);
#3350=AXIS2_PLACEMENT_3D('',#5098,#4214,#4215);
#3351=AXIS2_PLACEMENT_3D('',#5099,#4216,#4217);
#3352=AXIS2_PLACEMENT_3D('',#5109,#4222,#4223);
#3353=AXIS2_PLACEMENT_3D('',#5110,#4224,#4225);
#3354=AXIS2_PLACEMENT_3D('',#5116,#4229,#4230);
#3355=AXIS2_PLACEMENT_3D('',#5122,#4234,#4235);
#3356=AXIS2_PLACEMENT_3D('',#5124,#4237,#4238);
#3357=AXIS2_PLACEMENT_3D('',#5127,#4241,#4242);
#3358=AXIS2_PLACEMENT_3D('',#5128,#4243,#4244);
#3359=AXIS2_PLACEMENT_3D('',#5130,#4245,#4246);
#3360=AXIS2_PLACEMENT_3D('',#5132,#4248,#4249);
#3361=DIRECTION('axis',(0.,0.,1.));
#3362=DIRECTION('refdir',(1.,0.,0.));
#3363=DIRECTION('center_axis',(-1.,0.,0.));
#3364=DIRECTION('ref_axis',(0.,0.,-1.));
#3365=DIRECTION('center_axis',(-1.,0.,0.));
#3366=DIRECTION('ref_axis',(0.,0.,1.));
#3367=DIRECTION('',(1.,0.,0.));
#3368=DIRECTION('center_axis',(1.,0.,1.22460635382238E-16));
#3369=DIRECTION('ref_axis',(1.22460635382238E-16,0.,-1.));
#3370=DIRECTION('center_axis',(-1.,0.,0.));
#3371=DIRECTION('ref_axis',(0.,0.,-1.));
#3372=DIRECTION('center_axis',(-1.,0.,0.));
#3373=DIRECTION('ref_axis',(0.,0.,1.));
#3374=DIRECTION('',(1.,0.,0.));
#3375=DIRECTION('center_axis',(1.,0.,1.22460635382238E-16));
#3376=DIRECTION('ref_axis',(1.22460635382238E-16,0.,-1.));
#3377=DIRECTION('center_axis',(-1.,0.,0.));
#3378=DIRECTION('ref_axis',(0.,0.,-1.));
#3379=DIRECTION('center_axis',(-1.,0.,0.));
#3380=DIRECTION('ref_axis',(0.,0.,1.));
#3381=DIRECTION('',(1.,0.,0.));
#3382=DIRECTION('center_axis',(1.,0.,1.22460635382238E-16));
#3383=DIRECTION('ref_axis',(1.22460635382238E-16,0.,-1.));
#3384=DIRECTION('center_axis',(-1.,0.,0.));
#3385=DIRECTION('ref_axis',(0.,0.,-1.));
#3386=DIRECTION('center_axis',(-1.,0.,0.));
#3387=DIRECTION('ref_axis',(0.,0.,1.));
#3388=DIRECTION('',(1.,0.,0.));
#3389=DIRECTION('center_axis',(1.,0.,1.22460635382238E-16));
#3390=DIRECTION('ref_axis',(1.22460635382238E-16,0.,-1.));
#3391=DIRECTION('center_axis',(-1.,0.,0.));
#3392=DIRECTION('ref_axis',(0.,0.,-1.));
#3393=DIRECTION('center_axis',(-1.,0.,0.));
#3394=DIRECTION('ref_axis',(0.,0.,1.));
#3395=DIRECTION('',(1.,0.,0.));
#3396=DIRECTION('center_axis',(1.,0.,1.22460635382238E-16));
#3397=DIRECTION('ref_axis',(1.22460635382238E-16,0.,-1.));
#3398=DIRECTION('center_axis',(2.44921270764476E-16,0.,-1.));
#3399=DIRECTION('ref_axis',(1.,0.,2.44921270764476E-16));
#3400=DIRECTION('center_axis',(2.44921270764476E-16,0.,-1.));
#3401=DIRECTION('ref_axis',(-1.,0.,-2.44921270764476E-16));
#3402=DIRECTION('',(2.44921270764476E-16,0.,-1.));
#3403=DIRECTION('center_axis',(-2.44921270764476E-16,0.,1.));
#3404=DIRECTION('ref_axis',(1.,0.,2.44921270764476E-16));
#3405=DIRECTION('center_axis',(-2.44921270764476E-16,0.,1.));
#3406=DIRECTION('ref_axis',(1.,0.,2.44921270764476E-16));
#3407=DIRECTION('center_axis',(-2.44921270764476E-16,0.,1.));
#3408=DIRECTION('ref_axis',(1.,0.,2.44921270764476E-16));
#3409=DIRECTION('center_axis',(2.44921270764476E-16,0.,-1.));
#3410=DIRECTION('ref_axis',(-1.,0.,-2.44921270764476E-16));
#3411=DIRECTION('center_axis',(2.44921270764476E-16,0.,-1.));
#3412=DIRECTION('ref_axis',(-1.,0.,-2.44921270764476E-16));
#3413=DIRECTION('center_axis',(0.,0.,1.));
#3414=DIRECTION('ref_axis',(1.,0.,0.));
#3415=DIRECTION('center_axis',(2.44921270764476E-16,0.,-1.));
#3416=DIRECTION('ref_axis',(-1.,0.,-2.44921270764476E-16));
#3417=DIRECTION('center_axis',(1.22464679914735E-16,-1.,0.));
#3418=DIRECTION('ref_axis',(-1.,-1.22464679914735E-16,0.));
#3419=DIRECTION('center_axis',(0.,0.,1.));
#3420=DIRECTION('ref_axis',(1.,0.,0.));
#3421=DIRECTION('center_axis',(1.22464679914735E-16,-1.,0.));
#3422=DIRECTION('ref_axis',(-1.,-1.22464679914735E-16,0.));
#3423=DIRECTION('center_axis',(-2.44921270764476E-16,0.,1.));
#3424=DIRECTION('ref_axis',(1.,0.,2.44921270764476E-16));
#3425=DIRECTION('center_axis',(2.44921270764476E-16,0.,-1.));
#3426=DIRECTION('ref_axis',(-1.,0.,-2.44921270764476E-16));
#3427=DIRECTION('center_axis',(2.44921270764476E-16,0.,-1.));
#3428=DIRECTION('ref_axis',(-1.,0.,-2.44921270764476E-16));
#3429=DIRECTION('center_axis',(-2.44921270764476E-16,0.,1.));
#3430=DIRECTION('ref_axis',(1.,0.,2.44921270764476E-16));
#3431=DIRECTION('center_axis',(-2.44921270764476E-16,0.,1.));
#3432=DIRECTION('ref_axis',(1.,0.,2.44921270764476E-16));
#3433=DIRECTION('center_axis',(-2.44921270764476E-16,0.,1.));
#3434=DIRECTION('ref_axis',(1.,0.,2.44921270764476E-16));
#3435=DIRECTION('',(-2.44921270764476E-16,0.,1.));
#3436=DIRECTION('center_axis',(-2.44921270764476E-16,0.,1.));
#3437=DIRECTION('ref_axis',(1.,0.,2.44921270764476E-16));
#3438=DIRECTION('center_axis',(1.,0.,2.44921270764476E-16));
#3439=DIRECTION('ref_axis',(2.44921270764476E-16,0.,-1.));
#3440=DIRECTION('',(0.,1.,0.));
#3441=DIRECTION('center_axis',(1.,0.,2.44921270764476E-16));
#3442=DIRECTION('ref_axis',(2.44921270764476E-16,0.,-1.));
#3443=DIRECTION('',(0.,1.,0.));
#3444=DIRECTION('center_axis',(1.,0.,2.44921270764476E-16));
#3445=DIRECTION('ref_axis',(2.44921270764476E-16,0.,-1.));
#3446=DIRECTION('center_axis',(1.,0.,2.44921270764476E-16));
#3447=DIRECTION('ref_axis',(2.44921270764476E-16,0.,-1.));
#3448=DIRECTION('',(0.,-1.88979495117685E-16,1.));
#3449=DIRECTION('center_axis',(1.,0.,2.44921270764476E-16));
#3450=DIRECTION('ref_axis',(2.44921270764476E-16,0.,-1.));
#3451=DIRECTION('',(0.,0.,-1.));
#3452=DIRECTION('center_axis',(1.,0.,2.44921270764476E-16));
#3453=DIRECTION('ref_axis',(2.44921270764476E-16,0.,-1.));
#3454=DIRECTION('center_axis',(-2.44921270764476E-16,0.,1.));
#3455=DIRECTION('ref_axis',(1.,0.,2.44921270764476E-16));
#3456=DIRECTION('center_axis',(-2.44921270764476E-16,0.,1.));
#3457=DIRECTION('ref_axis',(1.,0.,2.44921270764476E-16));
#3458=DIRECTION('',(-2.44921270764476E-16,0.,1.));
#3459=DIRECTION('center_axis',(0.,1.,0.));
#3460=DIRECTION('ref_axis',(0.707106781186548,0.,-0.707106781186547));
#3461=DIRECTION('center_axis',(0.707106781186548,0.707106781186548,1.73185491414387E-16));
#3462=DIRECTION('ref_axis',(0.707106781186547,-0.707106781186547,1.73185491414387E-16));
#3463=DIRECTION('',(0.,1.,0.));
#3464=DIRECTION('center_axis',(0.707106781186548,-0.707106781186548,1.73185491414387E-16));
#3465=DIRECTION('ref_axis',(0.707106781186547,0.707106781186547,1.73185491414387E-16));
#3466=DIRECTION('center_axis',(1.73185491414387E-16,-0.707106781186548,
-0.707106781186548));
#3467=DIRECTION('ref_axis',(1.73185491414387E-16,0.707106781186547,-0.707106781186547));
#3468=DIRECTION('',(0.,-1.,0.));
#3469=DIRECTION('center_axis',(1.73185491414387E-16,0.707106781186548,-0.707106781186548));
#3470=DIRECTION('ref_axis',(1.73185491414387E-16,-0.707106781186547,-0.707106781186547));
#3471=DIRECTION('center_axis',(-2.44921270764476E-16,0.,1.));
#3472=DIRECTION('ref_axis',(0.707106781186547,-0.707106781186547,1.73185491414387E-16));
#3473=DIRECTION('',(0.,0.,1.));
#3474=DIRECTION('center_axis',(-2.44921270764476E-16,0.,1.));
#3475=DIRECTION('ref_axis',(1.,0.,2.44921270764476E-16));
#3476=DIRECTION('',(0.,0.,-1.));
#3477=DIRECTION('center_axis',(0.707106781186547,0.,0.707106781186548));
#3478=DIRECTION('ref_axis',(0.707106781186548,0.,-0.707106781186547));
#3479=DIRECTION('center_axis',(-1.,0.,-2.44921270764476E-16));
#3480=DIRECTION('ref_axis',(-2.44921270764476E-16,0.,1.));
#3481=DIRECTION('',(0.,0.,-1.));
#3482=DIRECTION('',(0.,1.,0.));
#3483=DIRECTION('center_axis',(-2.44921270764476E-16,0.,1.));
#3484=DIRECTION('ref_axis',(0.707106781186547,0.707106781186547,1.73185491414387E-16));
#3485=DIRECTION('center_axis',(0.707106781186547,0.,0.707106781186548));
#3486=DIRECTION('ref_axis',(0.707106781186548,0.,-0.707106781186547));
#3487=DIRECTION('',(0.,0.,1.));
#3488=DIRECTION('center_axis',(-2.44921270764476E-16,0.,1.));
#3489=DIRECTION('ref_axis',(1.,0.,2.44921270764476E-16));
#3490=DIRECTION('center_axis',(0.,-1.,0.));
#3491=DIRECTION('ref_axis',(0.707106781186547,0.,0.707106781186548));
#3492=DIRECTION('center_axis',(0.707106781186548,-0.707106781186548,1.73185491414387E-16));
#3493=DIRECTION('ref_axis',(0.707106781186547,0.707106781186547,1.73185491414387E-16));
#3494=DIRECTION('',(0.,-1.,0.));
#3495=DIRECTION('center_axis',(0.707106781186548,0.707106781186548,1.73185491414387E-16));
#3496=DIRECTION('ref_axis',(0.707106781186547,-0.707106781186547,1.73185491414387E-16));
#3497=DIRECTION('center_axis',(-1.73185491414387E-16,0.707106781186548,
0.707106781186548));
#3498=DIRECTION('ref_axis',(-1.73185491414387E-16,-0.707106781186547,0.707106781186547));
#3499=DIRECTION('',(0.,1.,0.));
#3500=DIRECTION('center_axis',(-1.73185491414387E-16,-0.707106781186548,
0.707106781186548));
#3501=DIRECTION('ref_axis',(-1.73185491414387E-16,0.707106781186547,0.707106781186547));
#3502=DIRECTION('center_axis',(-2.44921270764476E-16,0.,1.));
#3503=DIRECTION('ref_axis',(0.707106781186547,0.707106781186547,1.73185491414387E-16));
#3504=DIRECTION('',(0.,0.,-1.));
#3505=DIRECTION('center_axis',(-2.44921270764476E-16,0.,1.));
#3506=DIRECTION('ref_axis',(1.,0.,2.44921270764476E-16));
#3507=DIRECTION('',(0.,0.,1.));
#3508=DIRECTION('center_axis',(0.707106781186548,0.,-0.707106781186547));
#3509=DIRECTION('ref_axis',(0.707106781186547,0.,0.707106781186548));
#3510=DIRECTION('center_axis',(-1.,0.,-2.44921270764476E-16));
#3511=DIRECTION('ref_axis',(-2.44921270764476E-16,0.,1.));
#3512=DIRECTION('',(0.,0.,1.));
#3513=DIRECTION('',(0.,1.,0.));
#3514=DIRECTION('center_axis',(-2.44921270764476E-16,0.,1.));
#3515=DIRECTION('ref_axis',(0.707106781186547,-0.707106781186547,1.73185491414387E-16));
#3516=DIRECTION('center_axis',(0.707106781186548,0.,-0.707106781186547));
#3517=DIRECTION('ref_axis',(0.707106781186547,0.,0.707106781186548));
#3518=DIRECTION('',(0.,0.,-1.));
#3519=DIRECTION('center_axis',(-2.44921270764476E-16,0.,1.));
#3520=DIRECTION('ref_axis',(1.,0.,2.44921270764476E-16));
#3521=DIRECTION('center_axis',(0.,1.,0.));
#3522=DIRECTION('ref_axis',(0.,0.,1.));
#3523=DIRECTION('',(-1.,0.,0.));
#3524=DIRECTION('',(0.,0.,1.));
#3525=DIRECTION('',(-1.,0.,0.));
#3526=DIRECTION('',(1.,0.,0.));
#3527=DIRECTION('',(-1.,0.,0.));
#3528=DIRECTION('center_axis',(0.,-1.,0.));
#3529=DIRECTION('ref_axis',(0.,0.,-1.));
#3530=DIRECTION('',(1.,0.,0.));
#3531=DIRECTION('',(0.,0.,1.));
#3532=DIRECTION('',(-1.,0.,0.));
#3533=DIRECTION('',(1.,0.,0.));
#3534=DIRECTION('',(0.,0.,1.));
#3535=DIRECTION('',(1.,0.,0.));
#3536=DIRECTION('center_axis',(1.,0.,2.44921270764476E-16));
#3537=DIRECTION('ref_axis',(1.73185491414387E-16,-0.707106781186547,-0.707106781186547));
#3538=DIRECTION('center_axis',(-1.,0.,-1.22460635382238E-16));
#3539=DIRECTION('ref_axis',(-1.22460635382238E-16,0.,1.));
#3540=DIRECTION('center_axis',(1.,0.,2.44921270764476E-16));
#3541=DIRECTION('ref_axis',(2.44921270764476E-16,0.,-1.));
#3542=DIRECTION('',(1.,0.,0.));
#3543=DIRECTION('center_axis',(-1.,0.,-2.44921270764476E-16));
#3544=DIRECTION('ref_axis',(-1.73185491414387E-16,-0.707106781186547,0.707106781186547));
#3545=DIRECTION('',(-1.,0.,0.));
#3546=DIRECTION('center_axis',(-1.,0.,-1.22460635382238E-16));
#3547=DIRECTION('ref_axis',(-1.22460635382238E-16,0.,1.));
#3548=DIRECTION('center_axis',(-2.44921270764476E-16,0.,1.));
#3549=DIRECTION('ref_axis',(1.,0.,2.44921270764476E-16));
#3550=DIRECTION('',(1.,0.,0.));
#3551=DIRECTION('center_axis',(-1.,0.,-2.44921270764476E-16));
#3552=DIRECTION('ref_axis',(1.73185491414387E-16,0.707106781186547,-0.707106781186547));
#3553=DIRECTION('',(-1.,0.,0.));
#3554=DIRECTION('center_axis',(1.,0.,2.44921270764476E-16));
#3555=DIRECTION('ref_axis',(2.44921270764476E-16,0.,-1.));
#3556=DIRECTION('center_axis',(-1.,0.,-1.22460635382238E-16));
#3557=DIRECTION('ref_axis',(-1.22460635382238E-16,0.,1.));
#3558=DIRECTION('center_axis',(1.,0.,2.44921270764476E-16));
#3559=DIRECTION('ref_axis',(-1.73185491414387E-16,0.707106781186547,0.707106781186547));
#3560=DIRECTION('center_axis',(-1.,0.,-1.22460635382238E-16));
#3561=DIRECTION('ref_axis',(-1.22460635382238E-16,0.,1.));
#3562=DIRECTION('center_axis',(-2.44921270764476E-16,0.,1.));
#3563=DIRECTION('ref_axis',(1.,-1.22464679914735E-16,2.44921270764476E-16));
#3564=DIRECTION('',(0.,0.,-1.));
#3565=DIRECTION('center_axis',(-2.44921270764476E-16,0.,1.));
#3566=DIRECTION('ref_axis',(1.,0.,2.44921270764476E-16));
#3567=DIRECTION('',(0.,0.,-1.));
#3568=DIRECTION('center_axis',(-2.44921270764476E-16,0.,1.));
#3569=DIRECTION('ref_axis',(1.,0.,2.44921270764476E-16));
#3570=DIRECTION('center_axis',(-2.44921270764476E-16,0.,1.));
#3571=DIRECTION('ref_axis',(1.,0.,2.44921270764476E-16));
#3572=DIRECTION('',(0.996976611685806,0.0777022248812123,2.31289826454048E-16));
#3573=DIRECTION('',(-0.996976611685806,0.0777022248812123,-2.31289826454048E-16));
#3574=DIRECTION('center_axis',(0.0777022248812123,-0.996976611685806,1.90309276591335E-17));
#3575=DIRECTION('ref_axis',(0.,-1.90886400303351E-17,-1.));
#3576=DIRECTION('',(-0.996976611685806,-0.0777022248812123,-2.31289826454048E-16));
#3577=DIRECTION('center_axis',(0.0777022248812123,0.996976611685806,1.90309276591335E-17));
#3578=DIRECTION('ref_axis',(0.,-1.90886400303351E-17,1.));
#3579=DIRECTION('',(0.996976611685806,-0.0777022248812123,2.31289826454048E-16));
#3580=DIRECTION('center_axis',(-2.44921270764476E-16,0.,1.));
#3581=DIRECTION('ref_axis',(1.,0.,2.44921270764476E-16));
#3582=DIRECTION('center_axis',(-2.44921270764476E-16,0.,1.));
#3583=DIRECTION('ref_axis',(1.,0.,2.44921270764476E-16));
#3584=DIRECTION('',(0.,1.,0.));
#3585=DIRECTION('center_axis',(1.,0.,2.44921270764476E-16));
#3586=DIRECTION('ref_axis',(2.44921270764476E-16,0.,-1.));
#3587=DIRECTION('',(0.,-1.,0.));
#3588=DIRECTION('center_axis',(-1.,0.,-1.22460635382238E-16));
#3589=DIRECTION('ref_axis',(-1.22460635382238E-16,0.,1.));
#3590=DIRECTION('',(0.,0.,-1.));
#3591=DIRECTION('',(0.,1.,0.));
#3592=DIRECTION('center_axis',(-1.,0.,-1.22460635382238E-16));
#3593=DIRECTION('ref_axis',(-1.22460635382238E-16,0.,1.));
#3594=DIRECTION('',(0.,-1.,0.));
#3595=DIRECTION('',(0.,0.,-1.));
#3596=DIRECTION('center_axis',(0.,1.,0.));
#3597=DIRECTION('ref_axis',(0.,0.,1.));
#3598=DIRECTION('',(-1.,0.,0.));
#3599=DIRECTION('',(0.,0.,-1.));
#3600=DIRECTION('',(-1.,0.,0.));
#3601=DIRECTION('',(0.,0.,-1.));
#3602=DIRECTION('center_axis',(0.866025403784439,0.5,1.59081031806902E-16));
#3603=DIRECTION('ref_axis',(1.83690953073357E-16,0.,-1.));
#3604=DIRECTION('',(-0.499999999999994,0.866025403784442,0.));
#3605=DIRECTION('',(-0.499999999999994,0.866025403784442,0.));
#3606=DIRECTION('',(0.,0.,-1.));
#3607=DIRECTION('center_axis',(0.866025403784439,-0.5,1.59081031806902E-16));
#3608=DIRECTION('ref_axis',(1.83690953073357E-16,0.,-1.));
#3609=DIRECTION('',(0.499999999999994,0.866025403784442,0.));
#3610=DIRECTION('',(0.499999999999994,0.866025403784442,0.));
#3611=DIRECTION('',(0.,0.,-1.));
#3612=DIRECTION('center_axis',(0.,-1.,0.));
#3613=DIRECTION('ref_axis',(0.,0.,-1.));
#3614=DIRECTION('',(1.,0.,0.));
#3615=DIRECTION('',(1.,0.,0.));
#3616=DIRECTION('',(0.,0.,-1.));
#3617=DIRECTION('center_axis',(-0.866025403784439,-0.5,-1.59081031806902E-16));
#3618=DIRECTION('ref_axis',(-1.83690953073357E-16,0.,1.));
#3619=DIRECTION('',(0.49999999999999,-0.866025403784444,0.));
#3620=DIRECTION('',(0.49999999999999,-0.866025403784444,0.));
#3621=DIRECTION('',(0.,0.,-1.));
#3622=DIRECTION('center_axis',(-0.866025403784439,0.5,-1.59081031806902E-16));
#3623=DIRECTION('ref_axis',(-1.83690953073357E-16,0.,1.));
#3624=DIRECTION('',(-0.499999999999991,-0.866025403784444,0.));
#3625=DIRECTION('',(-0.499999999999991,-0.866025403784444,0.));
#3626=DIRECTION('center_axis',(-1.83690953073356E-16,0.,1.));
#3627=DIRECTION('ref_axis',(1.,0.,1.83690953073357E-16));
#3628=DIRECTION('center_axis',(1.83690953073356E-16,0.,-1.));
#3629=DIRECTION('ref_axis',(1.,0.,1.83690953073357E-16));
#3630=DIRECTION('center_axis',(1.22460635382238E-16,0.,-1.));
#3631=DIRECTION('ref_axis',(-1.,0.,-1.22460635382238E-16));
#3632=DIRECTION('',(-1.83690953073357E-16,0.,1.));
#3633=DIRECTION('center_axis',(-1.83690953073356E-16,0.,1.));
#3634=DIRECTION('ref_axis',(1.,0.,1.83690953073357E-16));
#3635=DIRECTION('center_axis',(-1.83690953073356E-16,0.,1.));
#3636=DIRECTION('ref_axis',(1.,0.,1.83690953073357E-16));
#3637=DIRECTION('center_axis',(0.,1.,0.));
#3638=DIRECTION('ref_axis',(0.,0.,1.));
#3639=DIRECTION('',(1.,0.,0.));
#3640=DIRECTION('',(0.,0.,1.));
#3641=DIRECTION('',(1.,0.,0.));
#3642=DIRECTION('',(0.,0.,1.));
#3643=DIRECTION('center_axis',(-0.866025403784439,0.5,-5.30270106023007E-17));
#3644=DIRECTION('ref_axis',(-6.12303176911189E-17,0.,1.));
#3645=DIRECTION('',(0.499999999999991,0.866025403784444,0.));
#3646=DIRECTION('',(0.499999999999991,0.866025403784444,0.));
#3647=DIRECTION('',(0.,0.,1.));
#3648=DIRECTION('center_axis',(-0.866025403784439,-0.5,-5.30270106023007E-17));
#3649=DIRECTION('ref_axis',(-6.12303176911189E-17,0.,1.));
#3650=DIRECTION('',(-0.49999999999999,0.866025403784444,0.));
#3651=DIRECTION('',(-0.49999999999999,0.866025403784444,0.));
#3652=DIRECTION('',(0.,0.,1.));
#3653=DIRECTION('center_axis',(0.,-1.,0.));
#3654=DIRECTION('ref_axis',(0.,0.,-1.));
#3655=DIRECTION('',(-1.,0.,0.));
#3656=DIRECTION('',(-1.,0.,0.));
#3657=DIRECTION('',(0.,0.,1.));
#3658=DIRECTION('center_axis',(0.866025403784439,-0.5,5.30270106023007E-17));
#3659=DIRECTION('ref_axis',(6.12303176911189E-17,0.,-1.));
#3660=DIRECTION('',(-0.499999999999994,-0.866025403784442,0.));
#3661=DIRECTION('',(-0.499999999999994,-0.866025403784442,0.));
#3662=DIRECTION('',(0.,0.,1.));
#3663=DIRECTION('center_axis',(0.866025403784439,0.5,5.30270106023007E-17));
#3664=DIRECTION('ref_axis',(6.12303176911189E-17,0.,-1.));
#3665=DIRECTION('',(0.499999999999994,-0.866025403784442,0.));
#3666=DIRECTION('',(0.499999999999994,-0.866025403784442,0.));
#3667=DIRECTION('center_axis',(6.12303176911189E-17,0.,-1.));
#3668=DIRECTION('ref_axis',(-1.,0.,-6.12303176911189E-17));
#3669=DIRECTION('center_axis',(-6.12303176911189E-17,0.,1.));
#3670=DIRECTION('ref_axis',(-1.,0.,-6.12303176911189E-17));
#3671=DIRECTION('center_axis',(-1.22460635382238E-16,0.,1.));
#3672=DIRECTION('ref_axis',(1.,0.,1.22460635382238E-16));
#3673=DIRECTION('',(6.12303176911189E-17,0.,-1.));
#3674=DIRECTION('center_axis',(6.12303176911189E-17,0.,-1.));
#3675=DIRECTION('ref_axis',(-1.,0.,-6.12303176911189E-17));
#3676=DIRECTION('center_axis',(6.12303176911189E-17,0.,-1.));
#3677=DIRECTION('ref_axis',(-1.,0.,-6.12303176911189E-17));
#3678=DIRECTION('center_axis',(-1.22460635382238E-16,0.,1.));
#3679=DIRECTION('ref_axis',(-1.,0.,-1.22460635382238E-16));
#3680=DIRECTION('center_axis',(1.22460635382238E-16,0.,-1.));
#3681=DIRECTION('ref_axis',(-1.,0.,-1.22460635382238E-16));
#3682=DIRECTION('',(-1.22460635382238E-16,0.,1.));
#3683=DIRECTION('center_axis',(1.22460635382238E-16,0.,-1.));
#3684=DIRECTION('ref_axis',(-1.,0.,-1.22460635382238E-16));
#3685=DIRECTION('center_axis',(1.22460635382238E-16,0.,-1.));
#3686=DIRECTION('ref_axis',(-1.,0.,-1.22460635382238E-16));
#3687=DIRECTION('center_axis',(1.22460635382238E-16,0.,-1.));
#3688=DIRECTION('ref_axis',(-1.,0.,-1.22460635382238E-16));
#3689=DIRECTION('center_axis',(-1.22460635382238E-16,0.,1.));
#3690=DIRECTION('ref_axis',(1.,0.,1.22460635382238E-16));
#3691=DIRECTION('',(1.22460635382238E-16,0.,-1.));
#3692=DIRECTION('center_axis',(1.22460635382238E-16,0.,-1.));
#3693=DIRECTION('ref_axis',(-1.,0.,-1.22460635382238E-16));
#3694=DIRECTION('center_axis',(-1.22460635382238E-16,0.,1.));
#3695=DIRECTION('ref_axis',(1.,0.,1.22460635382238E-16));
#3696=DIRECTION('center_axis',(0.,1.,0.));
#3697=DIRECTION('ref_axis',(1.,0.,1.22460635382238E-16));
#3698=DIRECTION('center_axis',(0.,1.,0.));
#3699=DIRECTION('ref_axis',(0.,0.,1.));
#3700=DIRECTION('',(-0.707106781186548,0.707106781186548,2.8599163558751E-21));
#3701=DIRECTION('center_axis',(0.,-1.,0.));
#3702=DIRECTION('ref_axis',(0.,0.,-1.));
#3703=DIRECTION('center_axis',(0.,1.,0.));
#3704=DIRECTION('ref_axis',(0.,0.,1.));
#3705=DIRECTION('center_axis',(0.,1.,0.));
#3706=DIRECTION('ref_axis',(-1.,0.,-1.22460635382238E-16));
#3707=DIRECTION('center_axis',(0.,-1.,0.));
#3708=DIRECTION('ref_axis',(0.,0.,-1.));
#3709=DIRECTION('',(0.,1.,0.));
#3710=DIRECTION('center_axis',(0.,-1.,0.));
#3711=DIRECTION('ref_axis',(0.,0.,-1.));
#3712=DIRECTION('',(0.,0.,1.));
#3713=DIRECTION('center_axis',(0.,-1.,0.));
#3714=DIRECTION('ref_axis',(0.,0.,-1.));
#3715=DIRECTION('center_axis',(0.,-1.,0.));
#3716=DIRECTION('ref_axis',(0.,0.,-1.));
#3717=DIRECTION('center_axis',(0.,1.,0.));
#3718=DIRECTION('ref_axis',(-1.,0.,-1.22460635382238E-16));
#3719=DIRECTION('center_axis',(0.707106781186554,0.707106781186541,8.65927457071943E-17));
#3720=DIRECTION('ref_axis',(-0.707106781186541,0.707106781186554,-8.65927457071928E-17));
#3721=DIRECTION('center_axis',(0.,-1.,0.));
#3722=DIRECTION('ref_axis',(0.,0.,-1.));
#3723=DIRECTION('center_axis',(0.707106781186554,0.707106781186541,8.65927457071943E-17));
#3724=DIRECTION('ref_axis',(-0.707106781186541,0.707106781186554,-8.65927457071928E-17));
#3725=DIRECTION('',(0.,1.,0.));
#3726=DIRECTION('',(0.,1.,0.));
#3727=DIRECTION('center_axis',(-1.,0.,-1.22460635382238E-16));
#3728=DIRECTION('ref_axis',(-1.22460635382238E-16,0.,1.));
#3729=DIRECTION('',(0.,1.,0.));
#3730=DIRECTION('',(0.,0.,1.));
#3731=DIRECTION('',(0.,0.,1.));
#3732=DIRECTION('',(0.,-1.,0.));
#3733=DIRECTION('center_axis',(0.707106781186554,0.707106781186541,8.65927457071943E-17));
#3734=DIRECTION('ref_axis',(1.22460635382238E-16,0.,-1.));
#3735=DIRECTION('',(0.,0.,-1.));
#3736=DIRECTION('',(0.577350269189566,-0.577350269189643,-0.577350269189668));
#3737=DIRECTION('center_axis',(0.707106781186554,0.707106781186541,8.65927457071943E-17));
#3738=DIRECTION('ref_axis',(1.22460635382238E-16,0.,-1.));
#3739=DIRECTION('',(-0.577350269189566,0.577350269189643,-0.577350269189668));
#3740=DIRECTION('',(0.,0.,-1.));
#3741=DIRECTION('center_axis',(0.707106781186554,-0.707106781186541,8.65927457071943E-17));
#3742=DIRECTION('ref_axis',(1.22460635382238E-16,0.,-1.));
#3743=DIRECTION('',(-0.577350269189566,-0.577350269189656,0.577350269189656));
#3744=DIRECTION('',(0.,0.,1.));
#3745=DIRECTION('',(0.577350269189566,0.577350269189656,0.577350269189656));
#3746=DIRECTION('center_axis',(0.707106781186554,0.,0.707106781186541));
#3747=DIRECTION('ref_axis',(0.707106781186541,0.,-0.707106781186554));
#3748=DIRECTION('',(0.,1.,0.));
#3749=DIRECTION('center_axis',(1.22460635382238E-16,0.,-1.));
#3750=DIRECTION('ref_axis',(-1.,0.,-1.22460635382238E-16));
#3751=DIRECTION('',(-1.,0.,0.));
#3752=DIRECTION('',(0.,-1.,0.));
#3753=DIRECTION('',(1.,0.,0.));
#3754=DIRECTION('center_axis',(0.,-1.,0.));
#3755=DIRECTION('ref_axis',(0.,0.,-1.));
#3756=DIRECTION('',(-1.,0.,0.));
#3757=DIRECTION('',(0.,0.,1.));
#3758=DIRECTION('center_axis',(0.707106781186554,0.,-0.707106781186541));
#3759=DIRECTION('ref_axis',(-0.707106781186541,0.,-0.707106781186554));
#3760=DIRECTION('',(0.,1.,0.));
#3761=DIRECTION('center_axis',(1.22460635382238E-16,0.,-1.));
#3762=DIRECTION('ref_axis',(-1.,0.,-1.22460635382238E-16));
#3763=DIRECTION('',(1.,0.,0.));
#3764=DIRECTION('',(0.,-1.,0.));
#3765=DIRECTION('center_axis',(0.,1.,0.));
#3766=DIRECTION('ref_axis',(0.,0.,1.));
#3767=DIRECTION('',(0.,0.,1.));
#3768=DIRECTION('center_axis',(1.,0.,1.22460635382238E-16));
#3769=DIRECTION('ref_axis',(1.22460635382238E-16,0.,-1.));
#3770=DIRECTION('center_axis',(0.,1.,0.));
#3771=DIRECTION('ref_axis',(0.,0.,1.));
#3772=DIRECTION('',(0.,0.,1.));
#3773=DIRECTION('',(1.,0.,0.));
#3774=DIRECTION('',(0.,0.,-1.));
#3775=DIRECTION('',(1.,0.,0.));
#3776=DIRECTION('center_axis',(0.,0.5,-0.866025403784439));
#3777=DIRECTION('ref_axis',(-1.,0.,0.));
#3778=DIRECTION('',(0.,0.866025403784439,0.5));
#3779=DIRECTION('',(1.,0.,0.));
#3780=DIRECTION('',(0.,-0.866025403784439,-0.5));
#3781=DIRECTION('center_axis',(0.,-0.5,-0.866025403784439));
#3782=DIRECTION('ref_axis',(-1.,0.,0.));
#3783=DIRECTION('',(0.,0.866025403784439,-0.5));
#3784=DIRECTION('',(1.,0.,0.));
#3785=DIRECTION('',(0.,-0.866025403784439,0.5));
#3786=DIRECTION('center_axis',(0.,-1.,0.));
#3787=DIRECTION('ref_axis',(0.,0.,-1.));
#3788=DIRECTION('',(0.,0.,-1.));
#3789=DIRECTION('',(1.,0.,0.));
#3790=DIRECTION('',(0.,0.,1.));
#3791=DIRECTION('center_axis',(0.,-0.5,0.866025403784439));
#3792=DIRECTION('ref_axis',(1.,0.,0.));
#3793=DIRECTION('',(0.,-0.866025403784439,-0.5));
#3794=DIRECTION('',(1.,0.,0.));
#3795=DIRECTION('',(0.,0.866025403784438,0.5));
#3796=DIRECTION('center_axis',(0.,0.5,0.866025403784439));
#3797=DIRECTION('ref_axis',(1.,0.,0.));
#3798=DIRECTION('',(0.,-0.866025403784439,0.5));
#3799=DIRECTION('',(0.,0.866025403784439,-0.5));
#3800=DIRECTION('center_axis',(1.,0.,0.));
#3801=DIRECTION('ref_axis',(0.,0.,-1.));
#3802=DIRECTION('center_axis',(1.,0.,0.));
#3803=DIRECTION('ref_axis',(0.,0.,-1.));
#3804=DIRECTION('center_axis',(1.,0.,0.));
#3805=DIRECTION('ref_axis',(0.,0.,1.));
#3806=DIRECTION('center_axis',(1.,0.,0.));
#3807=DIRECTION('ref_axis',(0.,0.,-1.));
#3808=DIRECTION('center_axis',(1.,0.,0.));
#3809=DIRECTION('ref_axis',(0.,0.,-1.));
#3810=DIRECTION('',(-0.707106781186548,-8.65956056235493E-17,0.707106781186548));
#3811=DIRECTION('center_axis',(-1.,0.,0.));
#3812=DIRECTION('ref_axis',(0.,0.,1.));
#3813=DIRECTION('center_axis',(-1.,0.,0.));
#3814=DIRECTION('ref_axis',(0.,0.,-1.));
#3815=DIRECTION('',(1.,0.,0.));
#3816=DIRECTION('center_axis',(-1.,0.,0.));
#3817=DIRECTION('ref_axis',(0.,0.,1.));
#3818=DIRECTION('center_axis',(0.,1.,0.));
#3819=DIRECTION('ref_axis',(0.,0.,1.));
#3820=DIRECTION('',(0.,0.,1.));
#3821=DIRECTION('',(1.,0.,0.));
#3822=DIRECTION('',(0.,0.,-1.));
#3823=DIRECTION('',(1.,0.,0.));
#3824=DIRECTION('center_axis',(0.,0.5,-0.866025403784439));
#3825=DIRECTION('ref_axis',(-1.,0.,0.));
#3826=DIRECTION('',(0.,0.866025403784439,0.5));
#3827=DIRECTION('',(1.,0.,0.));
#3828=DIRECTION('',(0.,-0.866025403784439,-0.5));
#3829=DIRECTION('center_axis',(0.,-0.5,-0.866025403784439));
#3830=DIRECTION('ref_axis',(-1.,0.,0.));
#3831=DIRECTION('',(0.,0.866025403784439,-0.5));
#3832=DIRECTION('',(1.,0.,0.));
#3833=DIRECTION('',(0.,-0.866025403784438,0.5));
#3834=DIRECTION('center_axis',(0.,-1.,0.));
#3835=DIRECTION('ref_axis',(0.,0.,-1.));
#3836=DIRECTION('',(0.,0.,-1.));
#3837=DIRECTION('',(1.,0.,0.));
#3838=DIRECTION('',(0.,0.,1.));
#3839=DIRECTION('center_axis',(0.,-0.5,0.866025403784439));
#3840=DIRECTION('ref_axis',(1.,0.,0.));
#3841=DIRECTION('',(0.,-0.866025403784439,-0.5));
#3842=DIRECTION('',(1.,0.,0.));
#3843=DIRECTION('',(0.,0.866025403784439,0.5));
#3844=DIRECTION('center_axis',(0.,0.5,0.866025403784439));
#3845=DIRECTION('ref_axis',(1.,0.,0.));
#3846=DIRECTION('',(0.,-0.866025403784439,0.5));
#3847=DIRECTION('',(0.,0.866025403784439,-0.5));
#3848=DIRECTION('center_axis',(1.,0.,0.));
#3849=DIRECTION('ref_axis',(0.,0.,-1.));
#3850=DIRECTION('center_axis',(1.,0.,0.));
#3851=DIRECTION('ref_axis',(0.,0.,-1.));
#3852=DIRECTION('center_axis',(1.,0.,0.));
#3853=DIRECTION('ref_axis',(0.,0.,1.));
#3854=DIRECTION('center_axis',(1.,0.,0.));
#3855=DIRECTION('ref_axis',(0.,0.,-1.));
#3856=DIRECTION('center_axis',(1.,0.,0.));
#3857=DIRECTION('ref_axis',(0.,0.,-1.));
#3858=DIRECTION('',(-0.707106781186548,-8.65956056235493E-17,0.707106781186548));
#3859=DIRECTION('center_axis',(-1.,0.,0.));
#3860=DIRECTION('ref_axis',(0.,0.,1.));
#3861=DIRECTION('center_axis',(-1.,0.,0.));
#3862=DIRECTION('ref_axis',(0.,0.,-1.));
#3863=DIRECTION('',(1.,0.,0.));
#3864=DIRECTION('center_axis',(-1.,0.,0.));
#3865=DIRECTION('ref_axis',(0.,0.,1.));
#3866=DIRECTION('center_axis',(0.,1.,0.));
#3867=DIRECTION('ref_axis',(0.,0.,1.));
#3868=DIRECTION('',(0.,0.,1.));
#3869=DIRECTION('',(1.,0.,0.));
#3870=DIRECTION('',(0.,0.,-1.));
#3871=DIRECTION('',(1.,0.,0.));
#3872=DIRECTION('center_axis',(0.,0.5,-0.866025403784439));
#3873=DIRECTION('ref_axis',(-1.,0.,0.));
#3874=DIRECTION('',(0.,0.866025403784439,0.5));
#3875=DIRECTION('',(1.,0.,0.));
#3876=DIRECTION('',(0.,-0.866025403784438,-0.5));
#3877=DIRECTION('center_axis',(0.,-0.5,-0.866025403784439));
#3878=DIRECTION('ref_axis',(-1.,0.,0.));
#3879=DIRECTION('',(0.,0.866025403784439,-0.5));
#3880=DIRECTION('',(1.,0.,0.));
#3881=DIRECTION('',(0.,-0.866025403784439,0.5));
#3882=DIRECTION('center_axis',(0.,-1.,0.));
#3883=DIRECTION('ref_axis',(0.,0.,-1.));
#3884=DIRECTION('',(0.,0.,-1.));
#3885=DIRECTION('',(1.,0.,0.));
#3886=DIRECTION('',(0.,0.,1.));
#3887=DIRECTION('center_axis',(0.,-0.5,0.866025403784439));
#3888=DIRECTION('ref_axis',(1.,0.,0.));
#3889=DIRECTION('',(0.,-0.866025403784439,-0.5));
#3890=DIRECTION('',(1.,0.,0.));
#3891=DIRECTION('',(0.,0.866025403784439,0.5));
#3892=DIRECTION('center_axis',(0.,0.5,0.866025403784439));
#3893=DIRECTION('ref_axis',(1.,0.,0.));
#3894=DIRECTION('',(0.,-0.866025403784439,0.5));
#3895=DIRECTION('',(0.,0.866025403784439,-0.5));
#3896=DIRECTION('center_axis',(1.,0.,0.));
#3897=DIRECTION('ref_axis',(0.,0.,-1.));
#3898=DIRECTION('center_axis',(1.,0.,0.));
#3899=DIRECTION('ref_axis',(0.,0.,-1.));
#3900=DIRECTION('center_axis',(1.,0.,0.));
#3901=DIRECTION('ref_axis',(0.,0.,1.));
#3902=DIRECTION('center_axis',(1.,0.,0.));
#3903=DIRECTION('ref_axis',(0.,0.,-1.));
#3904=DIRECTION('center_axis',(1.,0.,0.));
#3905=DIRECTION('ref_axis',(0.,0.,-1.));
#3906=DIRECTION('',(-0.707106781186548,-8.65956056235493E-17,0.707106781186548));
#3907=DIRECTION('center_axis',(-1.,0.,0.));
#3908=DIRECTION('ref_axis',(0.,0.,1.));
#3909=DIRECTION('center_axis',(-1.,0.,0.));
#3910=DIRECTION('ref_axis',(0.,0.,-1.));
#3911=DIRECTION('',(1.,0.,0.));
#3912=DIRECTION('center_axis',(-1.,0.,0.));
#3913=DIRECTION('ref_axis',(0.,0.,1.));
#3914=DIRECTION('center_axis',(0.,1.,0.));
#3915=DIRECTION('ref_axis',(0.,0.,1.));
#3916=DIRECTION('',(0.,0.,1.));
#3917=DIRECTION('',(1.,0.,0.));
#3918=DIRECTION('',(0.,0.,-1.));
#3919=DIRECTION('',(1.,0.,0.));
#3920=DIRECTION('center_axis',(0.,0.5,-0.866025403784439));
#3921=DIRECTION('ref_axis',(-1.,0.,0.));
#3922=DIRECTION('',(0.,0.866025403784439,0.5));
#3923=DIRECTION('',(1.,0.,0.));
#3924=DIRECTION('',(0.,-0.866025403784439,-0.5));
#3925=DIRECTION('center_axis',(0.,-0.5,-0.866025403784439));
#3926=DIRECTION('ref_axis',(-1.,0.,0.));
#3927=DIRECTION('',(0.,0.866025403784439,-0.5));
#3928=DIRECTION('',(1.,0.,0.));
#3929=DIRECTION('',(0.,-0.866025403784439,0.5));
#3930=DIRECTION('center_axis',(0.,-1.,0.));
#3931=DIRECTION('ref_axis',(0.,0.,-1.));
#3932=DIRECTION('',(0.,0.,-1.));
#3933=DIRECTION('',(1.,0.,0.));
#3934=DIRECTION('',(0.,0.,1.));
#3935=DIRECTION('center_axis',(0.,-0.5,0.866025403784439));
#3936=DIRECTION('ref_axis',(1.,0.,0.));
#3937=DIRECTION('',(0.,-0.866025403784439,-0.5));
#3938=DIRECTION('',(1.,0.,0.));
#3939=DIRECTION('',(0.,0.866025403784439,0.5));
#3940=DIRECTION('center_axis',(0.,0.5,0.866025403784439));
#3941=DIRECTION('ref_axis',(1.,0.,0.));
#3942=DIRECTION('',(0.,-0.866025403784439,0.5));
#3943=DIRECTION('',(0.,0.866025403784438,-0.5));
#3944=DIRECTION('center_axis',(1.,0.,0.));
#3945=DIRECTION('ref_axis',(0.,0.,-1.));
#3946=DIRECTION('center_axis',(1.,0.,0.));
#3947=DIRECTION('ref_axis',(0.,0.,-1.));
#3948=DIRECTION('center_axis',(1.,0.,0.));
#3949=DIRECTION('ref_axis',(0.,0.,1.));
#3950=DIRECTION('center_axis',(1.,0.,0.));
#3951=DIRECTION('ref_axis',(0.,0.,-1.));
#3952=DIRECTION('center_axis',(1.,0.,0.));
#3953=DIRECTION('ref_axis',(0.,0.,-1.));
#3954=DIRECTION('',(-0.707106781186548,-8.65956056235493E-17,0.707106781186548));
#3955=DIRECTION('center_axis',(-1.,0.,0.));
#3956=DIRECTION('ref_axis',(0.,0.,1.));
#3957=DIRECTION('center_axis',(-1.,0.,0.));
#3958=DIRECTION('ref_axis',(0.,0.,-1.));
#3959=DIRECTION('',(1.,0.,0.));
#3960=DIRECTION('center_axis',(-1.,0.,0.));
#3961=DIRECTION('ref_axis',(0.,0.,1.));
#3962=DIRECTION('center_axis',(-1.,0.,0.));
#3963=DIRECTION('ref_axis',(0.,1.,0.));
#3964=DIRECTION('center_axis',(1.,0.,0.));
#3965=DIRECTION('ref_axis',(0.,0.,-1.));
#3966=DIRECTION('',(1.,0.,0.));
#3967=DIRECTION('center_axis',(-1.,0.,0.));
#3968=DIRECTION('ref_axis',(0.,0.,1.));
#3969=DIRECTION('center_axis',(-1.,0.,0.));
#3970=DIRECTION('ref_axis',(0.,1.,0.));
#3971=DIRECTION('',(-1.,0.,0.));
#3972=DIRECTION('',(-1.,0.,0.));
#3973=DIRECTION('center_axis',(-1.,0.,0.));
#3974=DIRECTION('ref_axis',(0.,0.,1.));
#3975=DIRECTION('',(0.,-1.,0.));
#3976=DIRECTION('center_axis',(-1.,0.,0.));
#3977=DIRECTION('ref_axis',(0.,0.,1.));
#3978=DIRECTION('',(0.,1.,0.));
#3979=DIRECTION('center_axis',(-1.,0.,0.));
#3980=DIRECTION('ref_axis',(0.,0.,1.));
#3981=DIRECTION('center_axis',(-1.,0.,0.));
#3982=DIRECTION('ref_axis',(0.,0.,1.));
#3983=DIRECTION('center_axis',(-1.,0.,0.));
#3984=DIRECTION('ref_axis',(0.,0.,1.));
#3985=DIRECTION('',(0.,1.,0.));
#3986=DIRECTION('center_axis',(-1.,0.,0.));
#3987=DIRECTION('ref_axis',(0.,0.,1.));
#3988=DIRECTION('center_axis',(1.,0.,0.));
#3989=DIRECTION('ref_axis',(0.,1.,0.));
#3990=DIRECTION('',(-0.939692620785908,0.342020143325669,4.18853873767699E-17));
#3991=DIRECTION('center_axis',(1.,0.,0.));
#3992=DIRECTION('ref_axis',(0.,0.,-1.));
#3993=DIRECTION('center_axis',(-1.,0.,0.));
#3994=DIRECTION('ref_axis',(0.,0.,1.));
#3995=DIRECTION('center_axis',(1.,0.,0.));
#3996=DIRECTION('ref_axis',(0.,0.,-1.));
#3997=DIRECTION('center_axis',(1.,0.,0.));
#3998=DIRECTION('ref_axis',(0.,0.,-1.));
#3999=DIRECTION('center_axis',(-1.,0.,0.));
#4000=DIRECTION('ref_axis',(0.,0.,1.));
#4001=DIRECTION('',(0.,-1.,0.));
#4002=DIRECTION('center_axis',(0.,0.,-1.));
#4003=DIRECTION('ref_axis',(-1.,0.,0.));
#4004=DIRECTION('',(-1.,0.,0.));
#4005=DIRECTION('',(-1.,0.,0.));
#4006=DIRECTION('center_axis',(-1.,0.,0.));
#4007=DIRECTION('ref_axis',(0.,-1.,-1.22464679914735E-16));
#4008=DIRECTION('',(-1.,0.,0.));
#4009=DIRECTION('center_axis',(-1.,0.,0.));
#4010=DIRECTION('ref_axis',(0.,1.,0.));
#4011=DIRECTION('',(-1.,0.,0.));
#4012=DIRECTION('center_axis',(0.,0.,1.));
#4013=DIRECTION('ref_axis',(1.,0.,0.));
#4014=DIRECTION('center_axis',(-1.,0.,0.));
#4015=DIRECTION('ref_axis',(0.,0.,-1.));
#4016=DIRECTION('center_axis',(1.,0.,0.));
#4017=DIRECTION('ref_axis',(0.,0.,-1.));
#4018=DIRECTION('',(1.,0.,0.));
#4019=DIRECTION('center_axis',(-1.,0.,0.));
#4020=DIRECTION('ref_axis',(0.,0.,1.));
#4021=DIRECTION('center_axis',(-1.,0.,0.));
#4022=DIRECTION('ref_axis',(0.,0.,1.));
#4023=DIRECTION('',(0.707106781186547,8.65956056235493E-17,0.707106781186547));
#4024=DIRECTION('center_axis',(1.,0.,0.));
#4025=DIRECTION('ref_axis',(0.,0.,-1.));
#4026=DIRECTION('center_axis',(-1.,0.,0.));
#4027=DIRECTION('ref_axis',(0.,0.,1.));
#4028=DIRECTION('center_axis',(-1.,0.,0.));
#4029=DIRECTION('ref_axis',(0.,0.,-1.));
#4030=DIRECTION('center_axis',(1.,0.,0.));
#4031=DIRECTION('ref_axis',(0.,0.,-1.));
#4032=DIRECTION('center_axis',(1.,0.,0.));
#4033=DIRECTION('ref_axis',(0.,0.,-1.));
#4034=DIRECTION('',(1.,0.,0.));
#4035=DIRECTION('center_axis',(1.,0.,0.));
#4036=DIRECTION('ref_axis',(0.,0.,-1.));
#4037=DIRECTION('center_axis',(1.,0.,0.));
#4038=DIRECTION('ref_axis',(0.,0.,1.));
#4039=DIRECTION('',(-0.707106781186547,-8.65956056235493E-17,0.707106781186547));
#4040=DIRECTION('center_axis',(-1.,0.,0.));
#4041=DIRECTION('ref_axis',(0.,0.,1.));
#4042=DIRECTION('center_axis',(-1.,0.,0.));
#4043=DIRECTION('ref_axis',(0.,0.,1.));
#4044=DIRECTION('center_axis',(0.,-1.,0.));
#4045=DIRECTION('ref_axis',(0.,0.,-1.));
#4046=DIRECTION('center_axis',(0.,-1.,0.));
#4047=DIRECTION('ref_axis',(0.,0.,-1.));
#4048=DIRECTION('center_axis',(0.,1.,0.));
#4049=DIRECTION('ref_axis',(1.,0.,0.));
#4050=DIRECTION('',(0.,1.,0.));
#4051=DIRECTION('center_axis',(0.,1.,0.));
#4052=DIRECTION('ref_axis',(0.,0.,1.));
#4053=DIRECTION('center_axis',(0.,1.,0.));
#4054=DIRECTION('ref_axis',(0.,0.,1.));
#4055=DIRECTION('center_axis',(0.,-1.,0.));
#4056=DIRECTION('ref_axis',(0.,0.,-1.));
#4057=DIRECTION('center_axis',(0.,1.,0.));
#4058=DIRECTION('ref_axis',(0.,0.,1.));
#4059=DIRECTION('',(-1.,0.,0.));
#4060=DIRECTION('',(0.,0.,-1.));
#4061=DIRECTION('',(-1.,0.,0.));
#4062=DIRECTION('',(0.,0.,-1.));
#4063=DIRECTION('center_axis',(0.866025403784439,0.5,-5.30270106023007E-17));
#4064=DIRECTION('ref_axis',(-6.12303176911189E-17,0.,-1.));
#4065=DIRECTION('',(-0.5,0.866025403784439,0.));
#4066=DIRECTION('',(-0.5,0.866025403784439,0.));
#4067=DIRECTION('',(0.,0.,-1.));
#4068=DIRECTION('center_axis',(0.866025403784439,-0.5,-5.30270106023007E-17));
#4069=DIRECTION('ref_axis',(-6.12303176911189E-17,0.,-1.));
#4070=DIRECTION('',(0.5,0.866025403784439,0.));
#4071=DIRECTION('',(0.5,0.866025403784439,0.));
#4072=DIRECTION('',(0.,0.,-1.));
#4073=DIRECTION('center_axis',(0.,-1.,0.));
#4074=DIRECTION('ref_axis',(0.,0.,-1.));
#4075=DIRECTION('',(1.,0.,0.));
#4076=DIRECTION('',(1.,0.,0.));
#4077=DIRECTION('',(0.,0.,-1.));
#4078=DIRECTION('center_axis',(-0.866025403784439,-0.5,5.30270106023007E-17));
#4079=DIRECTION('ref_axis',(6.12303176911189E-17,0.,1.));
#4080=DIRECTION('',(0.500000000000001,-0.866025403784438,0.));
#4081=DIRECTION('',(0.500000000000001,-0.866025403784438,0.));
#4082=DIRECTION('',(0.,0.,-1.));
#4083=DIRECTION('center_axis',(-0.866025403784439,0.5,5.30270106023007E-17));
#4084=DIRECTION('ref_axis',(6.12303176911189E-17,0.,1.));
#4085=DIRECTION('',(-0.5,-0.866025403784439,0.));
#4086=DIRECTION('',(-0.5,-0.866025403784439,0.));
#4087=DIRECTION('center_axis',(6.12303176911189E-17,0.,1.));
#4088=DIRECTION('ref_axis',(1.,0.,-6.12303176911189E-17));
#4089=DIRECTION('center_axis',(-6.12303176911189E-17,0.,-1.));
#4090=DIRECTION('ref_axis',(1.,0.,-6.12303176911189E-17));
#4091=DIRECTION('center_axis',(0.,0.,-1.));
#4092=DIRECTION('ref_axis',(-1.,0.,0.));
#4093=DIRECTION('',(6.12303176911189E-17,0.,1.));
#4094=DIRECTION('center_axis',(6.12303176911189E-17,0.,1.));
#4095=DIRECTION('ref_axis',(1.,0.,-6.12303176911189E-17));
#4096=DIRECTION('center_axis',(6.12303176911189E-17,0.,1.));
#4097=DIRECTION('ref_axis',(1.,0.,-6.12303176911189E-17));
#4098=DIRECTION('center_axis',(0.,1.,0.));
#4099=DIRECTION('ref_axis',(0.,0.,1.));
#4100=DIRECTION('',(1.,0.,0.));
#4101=DIRECTION('',(0.,0.,1.));
#4102=DIRECTION('',(1.,0.,0.));
#4103=DIRECTION('',(0.,0.,1.));
#4104=DIRECTION('center_axis',(-0.866025403784439,0.5,-5.30270106023007E-17));
#4105=DIRECTION('ref_axis',(-6.12303176911189E-17,0.,1.));
#4106=DIRECTION('',(0.5,0.866025403784439,0.));
#4107=DIRECTION('',(0.5,0.866025403784439,0.));
#4108=DIRECTION('',(0.,0.,1.));
#4109=DIRECTION('center_axis',(-0.866025403784439,-0.5,-5.30270106023007E-17));
#4110=DIRECTION('ref_axis',(-6.12303176911189E-17,0.,1.));
#4111=DIRECTION('',(-0.500000000000001,0.866025403784438,0.));
#4112=DIRECTION('',(-0.500000000000001,0.866025403784438,0.));
#4113=DIRECTION('',(0.,0.,1.));
#4114=DIRECTION('center_axis',(0.,-1.,0.));
#4115=DIRECTION('ref_axis',(0.,0.,-1.));
#4116=DIRECTION('',(-1.,0.,0.));
#4117=DIRECTION('',(-1.,0.,0.));
#4118=DIRECTION('',(0.,0.,1.));
#4119=DIRECTION('center_axis',(0.866025403784439,-0.5,5.30270106023007E-17));
#4120=DIRECTION('ref_axis',(6.12303176911189E-17,0.,-1.));
#4121=DIRECTION('',(-0.5,-0.866025403784439,0.));
#4122=DIRECTION('',(-0.5,-0.866025403784439,0.));
#4123=DIRECTION('',(0.,0.,1.));
#4124=DIRECTION('center_axis',(0.866025403784439,0.5,5.30270106023007E-17));
#4125=DIRECTION('ref_axis',(6.12303176911189E-17,0.,-1.));
#4126=DIRECTION('',(0.5,-0.866025403784439,0.));
#4127=DIRECTION('',(0.5,-0.866025403784439,0.));
#4128=DIRECTION('center_axis',(6.12303176911189E-17,0.,-1.));
#4129=DIRECTION('ref_axis',(-1.,0.,-6.12303176911189E-17));
#4130=DIRECTION('center_axis',(-6.12303176911189E-17,0.,1.));
#4131=DIRECTION('ref_axis',(-1.,0.,-6.12303176911189E-17));
#4132=DIRECTION('center_axis',(0.,0.,1.));
#4133=DIRECTION('ref_axis',(1.,0.,0.));
#4134=DIRECTION('',(6.12303176911189E-17,0.,-1.));
#4135=DIRECTION('center_axis',(6.12303176911189E-17,0.,-1.));
#4136=DIRECTION('ref_axis',(-1.,0.,-6.12303176911189E-17));
#4137=DIRECTION('center_axis',(6.12303176911189E-17,0.,-1.));
#4138=DIRECTION('ref_axis',(-1.,0.,-6.12303176911189E-17));
#4139=DIRECTION('center_axis',(0.,0.,1.));
#4140=DIRECTION('ref_axis',(1.,0.,0.));
#4141=DIRECTION('center_axis',(0.,0.,-1.));
#4142=DIRECTION('ref_axis',(-1.,0.,0.));
#4143=DIRECTION('',(0.,0.,1.));
#4144=DIRECTION('center_axis',(0.,0.,1.));
#4145=DIRECTION('ref_axis',(1.,0.,0.));
#4146=DIRECTION('center_axis',(0.,0.,-1.));
#4147=DIRECTION('ref_axis',(-1.,0.,0.));
#4148=DIRECTION('center_axis',(0.,0.,-1.));
#4149=DIRECTION('ref_axis',(1.,0.,0.));
#4150=DIRECTION('center_axis',(0.,0.,1.));
#4151=DIRECTION('ref_axis',(1.,0.,0.));
#4152=DIRECTION('',(0.,0.,-1.));
#4153=DIRECTION('center_axis',(0.,0.,1.));
#4154=DIRECTION('ref_axis',(1.,0.,0.));
#4155=DIRECTION('center_axis',(0.,0.,1.));
#4156=DIRECTION('ref_axis',(1.,0.,0.));
#4157=DIRECTION('center_axis',(0.,1.,0.));
#4158=DIRECTION('ref_axis',(-1.,0.,0.));
#4159=DIRECTION('',(0.707106781186548,0.707106781186548,-8.65956056235493E-17));
#4160=DIRECTION('center_axis',(0.,-1.,0.));
#4161=DIRECTION('ref_axis',(0.,0.,-1.));
#4162=DIRECTION('center_axis',(0.,-1.,0.));
#4163=DIRECTION('ref_axis',(0.,0.,-1.));
#4164=DIRECTION('center_axis',(0.,-1.,0.));
#4165=DIRECTION('ref_axis',(0.,0.,-1.));
#4166=DIRECTION('center_axis',(0.,-1.,0.));
#4167=DIRECTION('ref_axis',(0.,0.,-1.));
#4168=DIRECTION('center_axis',(0.,1.,0.));
#4169=DIRECTION('ref_axis',(1.,0.,0.));
#4170=DIRECTION('',(0.,1.,0.));
#4171=DIRECTION('center_axis',(0.,-1.,0.));
#4172=DIRECTION('ref_axis',(0.,0.,-1.));
#4173=DIRECTION('center_axis',(-0.707106781186548,-0.707106781186548,0.));
#4174=DIRECTION('ref_axis',(0.,0.,1.));
#4175=DIRECTION('',(0.577350269189617,-0.57735026918963,-0.57735026918963));
#4176=DIRECTION('',(0.,0.,-1.));
#4177=DIRECTION('',(-0.577350269189617,0.57735026918963,-0.57735026918963));
#4178=DIRECTION('',(0.,0.,1.));
#4179=DIRECTION('center_axis',(-0.707106781186548,0.,-0.707106781186548));
#4180=DIRECTION('ref_axis',(-0.707106781186548,0.,0.707106781186548));
#4181=DIRECTION('',(0.,-1.,0.));
#4182=DIRECTION('',(0.,-1.,0.));
#4183=DIRECTION('',(-0.577350269189609,-0.577350269189634,0.577350269189634));
#4184=DIRECTION('',(0.,1.,0.));
#4185=DIRECTION('center_axis',(1.,0.,0.));
#4186=DIRECTION('ref_axis',(0.,0.,-1.));
#4187=DIRECTION('',(0.,0.,1.));
#4188=DIRECTION('',(0.,1.,0.));
#4189=DIRECTION('',(0.,0.,-1.));
#4190=DIRECTION('center_axis',(-0.707106781186548,0.707106781186548,0.));
#4191=DIRECTION('ref_axis',(0.,0.,1.));
#4192=DIRECTION('',(0.577350269189609,0.577350269189634,0.577350269189634));
#4193=DIRECTION('',(0.,0.,1.));
#4194=DIRECTION('center_axis',(0.,0.,1.));
#4195=DIRECTION('ref_axis',(1.,0.,0.));
#4196=DIRECTION('',(1.,0.,0.));
#4197=DIRECTION('',(0.,-1.,0.));
#4198=DIRECTION('',(-1.,0.,0.));
#4199=DIRECTION('center_axis',(0.,-1.,0.));
#4200=DIRECTION('ref_axis',(0.,0.,-1.));
#4201=DIRECTION('',(1.,0.,0.));
#4202=DIRECTION('',(0.,0.,-1.));
#4203=DIRECTION('center_axis',(-0.707106781186548,0.,0.707106781186548));
#4204=DIRECTION('ref_axis',(0.707106781186548,0.,0.707106781186548));
#4205=DIRECTION('',(0.,1.,0.));
#4206=DIRECTION('',(0.,1.,0.));
#4207=DIRECTION('center_axis',(0.,0.,1.));
#4208=DIRECTION('ref_axis',(1.,0.,0.));
#4209=DIRECTION('',(-1.,0.,0.));
#4210=DIRECTION('',(0.,-1.,0.));
#4211=DIRECTION('center_axis',(0.,1.,0.));
#4212=DIRECTION('ref_axis',(0.,0.,1.));
#4213=DIRECTION('',(0.,0.,-1.));
#4214=DIRECTION('center_axis',(-1.,0.,0.));
#4215=DIRECTION('ref_axis',(0.,0.,1.));
#4216=DIRECTION('center_axis',(1.,0.,0.));
#4217=DIRECTION('ref_axis',(0.,0.,-1.));
#4218=DIRECTION('',(0.,0.,-1.));
#4219=DIRECTION('',(0.,1.,0.));
#4220=DIRECTION('',(0.,0.,-1.));
#4221=DIRECTION('',(0.,1.,0.));
#4222=DIRECTION('center_axis',(1.,0.,0.));
#4223=DIRECTION('ref_axis',(0.,0.,-1.));
#4224=DIRECTION('center_axis',(0.,0.,1.));
#4225=DIRECTION('ref_axis',(1.,0.,0.));
#4226=DIRECTION('',(0.,-1.,0.));
#4227=DIRECTION('',(1.,0.,0.));
#4228=DIRECTION('',(-1.,0.,0.));
#4229=DIRECTION('center_axis',(0.,0.,1.));
#4230=DIRECTION('ref_axis',(1.,0.,0.));
#4231=DIRECTION('',(0.,-1.,0.));
#4232=DIRECTION('',(-1.,0.,0.));
#4233=DIRECTION('',(1.,0.,0.));
#4234=DIRECTION('center_axis',(0.,1.,0.));
#4235=DIRECTION('ref_axis',(0.,0.,1.));
#4236=DIRECTION('',(0.,0.,-1.));
#4237=DIRECTION('center_axis',(0.,-1.,0.));
#4238=DIRECTION('ref_axis',(0.,0.,-1.));
#4239=DIRECTION('',(0.,0.,-1.));
#4240=DIRECTION('',(0.,0.,-1.));
#4241=DIRECTION('center_axis',(-1.,0.,0.));
#4242=DIRECTION('ref_axis',(0.,0.,1.));
#4243=DIRECTION('center_axis',(-1.,0.,0.));
#4244=DIRECTION('ref_axis',(0.,0.,-1.));
#4245=DIRECTION('center_axis',(-1.,0.,0.));
#4246=DIRECTION('ref_axis',(0.,0.,1.));
#4247=DIRECTION('',(1.,0.,0.));
#4248=DIRECTION('center_axis',(-1.,0.,0.));
#4249=DIRECTION('ref_axis',(0.,0.,1.));
#4250=CARTESIAN_POINT('',(0.,0.,0.));
#4251=CARTESIAN_POINT('Origin',(137.,0.,0.));
#4252=CARTESIAN_POINT('',(0.,0.,15.5));
#4253=CARTESIAN_POINT('Origin',(0.,0.,0.));
#4254=CARTESIAN_POINT('',(274.,1.8982025386784E-15,15.5));
#4255=CARTESIAN_POINT('',(137.,1.8982025386784E-15,15.5));
#4256=CARTESIAN_POINT('Origin',(274.,0.,0.));
#4257=CARTESIAN_POINT('Origin',(137.,-13.78858223,13.78858223));
#4258=CARTESIAN_POINT('',(0.,-13.78858223,16.28858223));
#4259=CARTESIAN_POINT('Origin',(0.,-13.78858223,13.78858223));
#4260=CARTESIAN_POINT('',(274.,-13.78858223,16.28858223));
#4261=CARTESIAN_POINT('',(137.,-13.78858223,16.28858223));
#4262=CARTESIAN_POINT('Origin',(274.,-13.78858223,13.78858223));
#4263=CARTESIAN_POINT('Origin',(137.,-13.78858223,-13.78858223));
#4264=CARTESIAN_POINT('',(0.,-13.78858223,-11.28858223));
#4265=CARTESIAN_POINT('Origin',(0.,-13.78858223,-13.78858223));
#4266=CARTESIAN_POINT('',(274.,-13.78858223,-11.28858223));
#4267=CARTESIAN_POINT('',(137.,-13.78858223,-11.28858223));
#4268=CARTESIAN_POINT('Origin',(274.,-13.78858223,-13.78858223));
#4269=CARTESIAN_POINT('Origin',(137.,13.78858223,-13.78858223));
#4270=CARTESIAN_POINT('',(0.,13.78858223,-11.28858223));
#4271=CARTESIAN_POINT('Origin',(0.,13.78858223,-13.78858223));
#4272=CARTESIAN_POINT('',(274.,13.78858223,-11.28858223));
#4273=CARTESIAN_POINT('',(137.,13.78858223,-11.28858223));
#4274=CARTESIAN_POINT('Origin',(274.,13.78858223,-13.78858223));
#4275=CARTESIAN_POINT('Origin',(137.,13.78858223,13.78858223));
#4276=CARTESIAN_POINT('',(0.,13.78858223,16.28858223));
#4277=CARTESIAN_POINT('Origin',(0.,13.78858223,13.78858223));
#4278=CARTESIAN_POINT('',(274.,13.78858223,16.28858223));
#4279=CARTESIAN_POINT('',(137.,13.78858223,16.28858223));
#4280=CARTESIAN_POINT('Origin',(274.,13.78858223,13.78858223));
#4281=CARTESIAN_POINT('Origin',(335.,0.,1.17562209966948E-14));
#4282=CARTESIAN_POINT('',(329.,0.,5.));
#4283=CARTESIAN_POINT('Origin',(335.,0.,5.));
#4284=CARTESIAN_POINT('',(329.,7.34788079488412E-16,-5.));
#4285=CARTESIAN_POINT('',(329.,7.34788079488412E-16,1.0286693372108E-14));
#4286=CARTESIAN_POINT('Origin',(335.,0.,-5.));
#4287=CARTESIAN_POINT('Origin',(335.,0.,-5.));
#4288=CARTESIAN_POINT('',(327.516685226452,-9.16441748443752E-16,-5.));
#4289=CARTESIAN_POINT('Origin',(335.,0.,-5.));
#4290=CARTESIAN_POINT('Origin',(335.,0.,5.));
#4291=CARTESIAN_POINT('',(327.516685226452,0.,5.));
#4292=CARTESIAN_POINT('Origin',(335.,0.,5.));
#4293=CARTESIAN_POINT('Origin',(335.,0.,1.17562209966948E-14));
#4294=CARTESIAN_POINT('',(326.708438024112,0.,-3.5));
#4295=CARTESIAN_POINT('Origin',(335.,0.,-3.5));
#4296=CARTESIAN_POINT('Origin',(335.,0.,1.17562209966948E-14));
#4297=CARTESIAN_POINT('Origin',(335.,0.,1.17562209966948E-14));
#4298=CARTESIAN_POINT('',(326.708438024112,-1.01542348337038E-15,3.5));
#4299=CARTESIAN_POINT('Origin',(335.,0.,1.17562209966948E-14));
#4300=CARTESIAN_POINT('Origin',(335.,0.,3.5));
#4301=CARTESIAN_POINT('Origin',(335.,0.,-3.5));
#4302=CARTESIAN_POINT('',(324.,0.,-3.5));
#4303=CARTESIAN_POINT('Origin',(335.,0.,-3.5));
#4304=CARTESIAN_POINT('Origin',(335.,0.,3.5));
#4305=CARTESIAN_POINT('',(324.,-1.34711147906209E-15,3.5));
#4306=CARTESIAN_POINT('Origin',(335.,0.,3.5));
#4307=CARTESIAN_POINT('Origin',(335.,0.,1.13121317868448E-14));
#4308=CARTESIAN_POINT('',(324.,-1.34711147906209E-15,4.5));
#4309=CARTESIAN_POINT('',(324.,-1.34711147906209E-15,8.61799780843553E-15));
#4310=CARTESIAN_POINT('Origin',(335.,0.,4.5));
#4311=CARTESIAN_POINT('Origin',(300.,0.,3.18397651993818E-15));
#4312=CARTESIAN_POINT('',(300.,-17.6244997998399,18.9));
#4313=CARTESIAN_POINT('',(300.,17.6244997998399,18.9));
#4314=CARTESIAN_POINT('',(300.,-17.6244997998399,18.9));
#4315=CARTESIAN_POINT('',(300.,-17.,19.));
#4316=CARTESIAN_POINT('Origin',(300.,-17.,17.));
#4317=CARTESIAN_POINT('',(300.,17.,19.));
#4318=CARTESIAN_POINT('',(300.,-17.,19.));
#4319=CARTESIAN_POINT('Origin',(300.,17.,17.));
#4320=CARTESIAN_POINT('Origin',(300.,0.,3.18397651993818E-15));
#4321=CARTESIAN_POINT('',(300.,-18.9,-17.6244997998399));
#4322=CARTESIAN_POINT('',(300.,-18.9,17.6244997998399));
#4323=CARTESIAN_POINT('',(300.,-18.9,-17.6244997998399));
#4324=CARTESIAN_POINT('',(300.,-19.,-17.));
#4325=CARTESIAN_POINT('Origin',(300.,-17.,-17.));
#4326=CARTESIAN_POINT('',(300.,-19.,17.));
#4327=CARTESIAN_POINT('',(300.,-19.,17.));
#4328=CARTESIAN_POINT('Origin',(300.,-17.,17.));
#4329=CARTESIAN_POINT('Origin',(335.,0.,1.13121317868448E-14));
#4330=CARTESIAN_POINT('',(324.,-1.34711147906209E-15,-4.5));
#4331=CARTESIAN_POINT('Origin',(335.,0.,-4.5));
#4332=CARTESIAN_POINT('',(324.,-1.34711147906209E-15,8.61799780843553E-15));
#4333=CARTESIAN_POINT('Origin',(308.,0.,-17.));
#4334=CARTESIAN_POINT('',(309.414213562373,-18.4142135623731,-18.4142135623731));
#4335=CARTESIAN_POINT('',(308.,-17.,-19.));
#4336=CARTESIAN_POINT('Origin',(308.,-17.,-17.));
#4337=CARTESIAN_POINT('',(308.,17.,-19.));
#4338=CARTESIAN_POINT('',(308.,-17.,-19.));
#4339=CARTESIAN_POINT('',(309.414213562373,18.4142135623731,-18.4142135623731));
#4340=CARTESIAN_POINT('Origin',(308.,17.,-17.));
#4341=CARTESIAN_POINT('',(310.,17.,-17.));
#4342=CARTESIAN_POINT('Origin',(308.,17.,-17.));
#4343=CARTESIAN_POINT('',(310.,-17.,-17.));
#4344=CARTESIAN_POINT('',(310.,17.,-17.));
#4345=CARTESIAN_POINT('Origin',(308.,-17.,-17.));
#4346=CARTESIAN_POINT('Origin',(308.,-17.,5.14334668605398E-15));
#4347=CARTESIAN_POINT('',(310.,-17.,-4.5));
#4348=CARTESIAN_POINT('',(310.,-17.,-17.));
#4349=CARTESIAN_POINT('',(308.,-19.,-4.5));
#4350=CARTESIAN_POINT('Origin',(308.,-17.,-4.5));
#4351=CARTESIAN_POINT('',(308.,-19.,-17.));
#4352=CARTESIAN_POINT('',(308.,-19.,-4.5));
#4353=CARTESIAN_POINT('Origin',(308.,-17.,-17.));
#4354=CARTESIAN_POINT('Origin',(310.,0.,5.63318922758294E-15));
#4355=CARTESIAN_POINT('',(310.,17.,-4.5));
#4356=CARTESIAN_POINT('',(310.,17.,-4.5));
#4357=CARTESIAN_POINT('',(310.,-17.,-4.5));
#4358=CARTESIAN_POINT('Origin',(308.,17.,5.14334668605398E-15));
#4359=CARTESIAN_POINT('',(308.,19.,-17.));
#4360=CARTESIAN_POINT('Origin',(308.,17.,-17.));
#4361=CARTESIAN_POINT('',(308.,19.,-4.5));
#4362=CARTESIAN_POINT('',(308.,19.,-17.));
#4363=CARTESIAN_POINT('Origin',(308.,17.,-4.5));
#4364=CARTESIAN_POINT('Origin',(308.,0.,17.));
#4365=CARTESIAN_POINT('',(309.414213562373,18.4142135623731,18.4142135623731));
#4366=CARTESIAN_POINT('',(308.,17.,19.));
#4367=CARTESIAN_POINT('Origin',(308.,17.,17.));
#4368=CARTESIAN_POINT('',(308.,-17.,19.));
#4369=CARTESIAN_POINT('',(308.,17.,19.));
#4370=CARTESIAN_POINT('',(309.414213562373,-18.4142135623731,18.4142135623731));
#4371=CARTESIAN_POINT('Origin',(308.,-17.,17.));
#4372=CARTESIAN_POINT('',(310.,-17.,17.));
#4373=CARTESIAN_POINT('Origin',(308.,-17.,17.));
#4374=CARTESIAN_POINT('',(310.,17.,17.));
#4375=CARTESIAN_POINT('',(310.,-17.,17.));
#4376=CARTESIAN_POINT('Origin',(308.,17.,17.));
#4377=CARTESIAN_POINT('Origin',(308.,17.,5.14334668605398E-15));
#4378=CARTESIAN_POINT('',(310.,17.,4.5));
#4379=CARTESIAN_POINT('',(310.,17.,17.));
#4380=CARTESIAN_POINT('',(308.,19.,4.5));
#4381=CARTESIAN_POINT('Origin',(308.,17.,4.5));
#4382=CARTESIAN_POINT('',(308.,19.,17.));
#4383=CARTESIAN_POINT('',(308.,19.,4.5));
#4384=CARTESIAN_POINT('Origin',(308.,17.,17.));
#4385=CARTESIAN_POINT('Origin',(310.,0.,5.63318922758294E-15));
#4386=CARTESIAN_POINT('',(310.,-17.,4.5));
#4387=CARTESIAN_POINT('',(310.,-17.,4.5));
#4388=CARTESIAN_POINT('',(310.,-17.,4.5));
#4389=CARTESIAN_POINT('Origin',(308.,-17.,5.14334668605398E-15));
#4390=CARTESIAN_POINT('',(308.,-19.,17.));
#4391=CARTESIAN_POINT('Origin',(308.,-17.,17.));
#4392=CARTESIAN_POINT('',(308.,-19.,4.5));
#4393=CARTESIAN_POINT('',(308.,-19.,17.));
#4394=CARTESIAN_POINT('Origin',(308.,-17.,4.5));
#4395=CARTESIAN_POINT('Origin',(305.,-19.,4.40858287376056E-15));
#4396=CARTESIAN_POINT('',(310.,-19.,-4.5));
#4397=CARTESIAN_POINT('',(310.,-19.,-4.5));
#4398=CARTESIAN_POINT('',(310.,-19.,4.5));
#4399=CARTESIAN_POINT('',(310.,-19.,-4.5));
#4400=CARTESIAN_POINT('',(310.,-19.,4.5));
#4401=CARTESIAN_POINT('',(300.,-19.,17.));
#4402=CARTESIAN_POINT('',(308.,-19.,-17.));
#4403=CARTESIAN_POINT('Origin',(305.,19.,4.40858287376056E-15));
#4404=CARTESIAN_POINT('',(300.,19.,-17.));
#4405=CARTESIAN_POINT('',(300.,19.,-17.));
#4406=CARTESIAN_POINT('',(300.,19.,17.));
#4407=CARTESIAN_POINT('',(300.,19.,-17.));
#4408=CARTESIAN_POINT('',(308.,19.,17.));
#4409=CARTESIAN_POINT('',(310.,19.,4.5));
#4410=CARTESIAN_POINT('',(308.,19.,4.5));
#4411=CARTESIAN_POINT('',(310.,19.,-4.5));
#4412=CARTESIAN_POINT('',(310.,19.,-4.5));
#4413=CARTESIAN_POINT('',(308.,19.,-4.5));
#4414=CARTESIAN_POINT('Origin',(305.,-17.,-17.));
#4415=CARTESIAN_POINT('',(300.,-17.6244997998399,-18.9));
#4416=CARTESIAN_POINT('Origin',(300.,-17.,-17.));
#4417=CARTESIAN_POINT('',(300.,-17.,-19.));
#4418=CARTESIAN_POINT('Origin',(300.,-17.,-17.));
#4419=CARTESIAN_POINT('',(300.,-17.,-19.));
#4420=CARTESIAN_POINT('Origin',(305.,-17.,17.));
#4421=CARTESIAN_POINT('',(308.,-17.,19.));
#4422=CARTESIAN_POINT('Origin',(300.,-17.,17.));
#4423=CARTESIAN_POINT('Origin',(305.,0.,19.));
#4424=CARTESIAN_POINT('',(300.,17.,19.));
#4425=CARTESIAN_POINT('Origin',(305.,17.,-17.));
#4426=CARTESIAN_POINT('',(300.,17.,-19.));
#4427=CARTESIAN_POINT('',(308.,17.,-19.));
#4428=CARTESIAN_POINT('',(300.,17.6244997998399,-18.9));
#4429=CARTESIAN_POINT('Origin',(300.,17.,-17.));
#4430=CARTESIAN_POINT('Origin',(300.,17.,-17.));
#4431=CARTESIAN_POINT('Origin',(305.,17.,17.));
#4432=CARTESIAN_POINT('Origin',(300.,17.,17.));
#4433=CARTESIAN_POINT('Origin',(335.,0.,1.17562209966948E-14));
#4434=CARTESIAN_POINT('',(336.320937822981,-16.9486023986587,4.5));
#4435=CARTESIAN_POINT('',(336.320937822981,-16.9486023986587,-4.5));
#4436=CARTESIAN_POINT('',(336.320937822981,-16.9486023986587,4.5));
#4437=CARTESIAN_POINT('',(336.320937822981,16.9486023986587,-4.5));
#4438=CARTESIAN_POINT('Origin',(335.,0.,-4.5));
#4439=CARTESIAN_POINT('',(336.320937822981,16.9486023986587,4.5));
#4440=CARTESIAN_POINT('',(336.320937822981,16.9486023986587,4.5));
#4441=CARTESIAN_POINT('Origin',(335.,0.,4.5));
#4442=CARTESIAN_POINT('Origin',(322.727467604446,0.,4.5));
#4443=CARTESIAN_POINT('',(310.,-19.,4.5));
#4444=CARTESIAN_POINT('',(336.320937822981,16.9486023986587,4.5));
#4445=CARTESIAN_POINT('Origin',(310.,-19.,4.5));
#4446=CARTESIAN_POINT('',(336.320937822981,-16.9486023986587,-4.49999999999999));
#4447=CARTESIAN_POINT('Origin',(336.320937822981,16.9486023986587,4.5));
#4448=CARTESIAN_POINT('',(310.,19.,-4.50000000000001));
#4449=CARTESIAN_POINT('Origin',(322.727467604446,0.,-4.5));
#4450=CARTESIAN_POINT('Origin',(305.,0.,-19.));
#4451=CARTESIAN_POINT('',(300.,-17.,-19.));
#4452=CARTESIAN_POINT('Origin',(300.,0.,3.18397651993818E-15));
#4453=CARTESIAN_POINT('',(300.,17.6244997998399,-18.9));
#4454=CARTESIAN_POINT('Origin',(300.,2.5,3.18397651993818E-15));
#4455=CARTESIAN_POINT('',(300.,-18.9,-18.9));
#4456=CARTESIAN_POINT('',(300.,-18.9,-17.6244997998399));
#4457=CARTESIAN_POINT('',(300.,-18.9,-18.9));
#4458=CARTESIAN_POINT('Origin',(300.,2.5,3.18397651993818E-15));
#4459=CARTESIAN_POINT('',(300.,-18.9,18.9));
#4460=CARTESIAN_POINT('',(300.,-17.6244997998399,18.9));
#4461=CARTESIAN_POINT('',(300.,-18.9,18.9));
#4462=CARTESIAN_POINT('Origin',(287.556624327026,7.5,22.));
#4463=CARTESIAN_POINT('',(287.556624327026,7.5,25.));
#4464=CARTESIAN_POINT('',(290.443375672974,7.5,25.));
#4465=CARTESIAN_POINT('',(290.443375672974,7.5,25.));
#4466=CARTESIAN_POINT('',(287.556624327026,7.5,22.));
#4467=CARTESIAN_POINT('',(287.556624327026,7.5,25.));
#4468=CARTESIAN_POINT('',(290.443375672974,7.5,22.));
#4469=CARTESIAN_POINT('',(290.443375672974,7.5,22.));
#4470=CARTESIAN_POINT('',(290.443375672974,7.5,25.));
#4471=CARTESIAN_POINT('Origin',(290.443375672974,7.5,22.));
#4472=CARTESIAN_POINT('',(291.886751345948,5.,25.));
#4473=CARTESIAN_POINT('',(291.886751345948,5.00000000000001,25.));
#4474=CARTESIAN_POINT('',(291.886751345948,5.,22.));
#4475=CARTESIAN_POINT('',(291.886751345948,5.00000000000001,22.));
#4476=CARTESIAN_POINT('',(291.886751345948,5.,25.));
#4477=CARTESIAN_POINT('Origin',(291.886751345948,5.,22.));
#4478=CARTESIAN_POINT('',(290.443375672974,2.5,25.));
#4479=CARTESIAN_POINT('',(290.443375672974,2.50000000000003,25.));
#4480=CARTESIAN_POINT('',(290.443375672974,2.5,22.));
#4481=CARTESIAN_POINT('',(290.443375672974,2.50000000000003,22.));
#4482=CARTESIAN_POINT('',(290.443375672974,2.5,25.));
#4483=CARTESIAN_POINT('Origin',(290.443375672974,2.5,22.));
#4484=CARTESIAN_POINT('',(287.556624327026,2.5,25.));
#4485=CARTESIAN_POINT('',(287.556624327026,2.5,25.));
#4486=CARTESIAN_POINT('',(287.556624327026,2.5,22.));
#4487=CARTESIAN_POINT('',(287.556624327026,2.5,22.));
#4488=CARTESIAN_POINT('',(287.556624327026,2.5,25.));
#4489=CARTESIAN_POINT('Origin',(287.556624327026,2.5,22.));
#4490=CARTESIAN_POINT('',(286.113248654052,5.,25.));
#4491=CARTESIAN_POINT('',(286.113248654052,4.99999999999999,25.));
#4492=CARTESIAN_POINT('',(286.113248654052,5.,22.));
#4493=CARTESIAN_POINT('',(286.113248654052,4.99999999999999,22.));
#4494=CARTESIAN_POINT('',(286.113248654052,5.,25.));
#4495=CARTESIAN_POINT('Origin',(286.113248654052,5.,22.));
#4496=CARTESIAN_POINT('',(287.556624327026,7.49999999999999,25.));
#4497=CARTESIAN_POINT('',(287.556624327026,7.49999999999999,22.));
#4498=CARTESIAN_POINT('Origin',(289.,5.,22.));
#4499=CARTESIAN_POINT('Origin',(289.,5.,21.5));
#4500=CARTESIAN_POINT('',(284.,5.,18.));
#4501=CARTESIAN_POINT('Origin',(289.,5.,18.));
#4502=CARTESIAN_POINT('',(284.,5.,25.));
#4503=CARTESIAN_POINT('',(284.,5.,21.5));
#4504=CARTESIAN_POINT('Origin',(289.,5.,25.));
#4505=CARTESIAN_POINT('Origin',(289.,5.,25.));
#4506=CARTESIAN_POINT('Origin',(290.443375672974,7.5,-22.));
#4507=CARTESIAN_POINT('',(290.443375672974,7.5,-25.));
#4508=CARTESIAN_POINT('',(287.556624327026,7.5,-25.));
#4509=CARTESIAN_POINT('',(287.556624327026,7.5,-25.));
#4510=CARTESIAN_POINT('',(290.443375672974,7.5,-22.));
#4511=CARTESIAN_POINT('',(290.443375672974,7.5,-25.));
#4512=CARTESIAN_POINT('',(287.556624327026,7.5,-22.));
#4513=CARTESIAN_POINT('',(287.556624327026,7.5,-22.));
#4514=CARTESIAN_POINT('',(287.556624327026,7.5,-25.));
#4515=CARTESIAN_POINT('Origin',(287.556624327026,7.5,-22.));
#4516=CARTESIAN_POINT('',(286.113248654052,5.,-25.));
#4517=CARTESIAN_POINT('',(286.113248654052,5.00000000000001,-25.));
#4518=CARTESIAN_POINT('',(286.113248654052,5.,-22.));
#4519=CARTESIAN_POINT('',(286.113248654052,5.00000000000001,-22.));
#4520=CARTESIAN_POINT('',(286.113248654052,5.,-25.));
#4521=CARTESIAN_POINT('Origin',(286.113248654052,5.,-22.));
#4522=CARTESIAN_POINT('',(287.556624327026,2.5,-25.));
#4523=CARTESIAN_POINT('',(287.556624327026,2.50000000000001,-25.));
#4524=CARTESIAN_POINT('',(287.556624327026,2.5,-22.));
#4525=CARTESIAN_POINT('',(287.556624327026,2.50000000000001,-22.));
#4526=CARTESIAN_POINT('',(287.556624327026,2.5,-25.));
#4527=CARTESIAN_POINT('Origin',(287.556624327026,2.5,-22.));
#4528=CARTESIAN_POINT('',(290.443375672974,2.5,-25.));
#4529=CARTESIAN_POINT('',(290.443375672974,2.5,-25.));
#4530=CARTESIAN_POINT('',(290.443375672974,2.5,-22.));
#4531=CARTESIAN_POINT('',(290.443375672974,2.5,-22.));
#4532=CARTESIAN_POINT('',(290.443375672974,2.5,-25.));
#4533=CARTESIAN_POINT('Origin',(290.443375672974,2.5,-22.));
#4534=CARTESIAN_POINT('',(291.886751345948,5.,-25.));
#4535=CARTESIAN_POINT('',(291.886751345948,4.99999999999999,-25.));
#4536=CARTESIAN_POINT('',(291.886751345948,5.,-22.));
#4537=CARTESIAN_POINT('',(291.886751345948,4.99999999999999,-22.));
#4538=CARTESIAN_POINT('',(291.886751345948,5.,-25.));
#4539=CARTESIAN_POINT('Origin',(291.886751345948,5.,-22.));
#4540=CARTESIAN_POINT('',(290.443375672974,7.49999999999997,-25.));
#4541=CARTESIAN_POINT('',(290.443375672974,7.49999999999997,-22.));
#4542=CARTESIAN_POINT('Origin',(289.,5.,-22.));
#4543=CARTESIAN_POINT('Origin',(289.,5.,-21.5));
#4544=CARTESIAN_POINT('',(294.,5.,-18.));
#4545=CARTESIAN_POINT('Origin',(289.,5.,-18.));
#4546=CARTESIAN_POINT('',(294.,5.,-25.));
#4547=CARTESIAN_POINT('',(294.,5.,-21.5));
#4548=CARTESIAN_POINT('Origin',(289.,5.,-25.));
#4549=CARTESIAN_POINT('Origin',(289.,5.,-25.));
#4550=CARTESIAN_POINT('Origin',(289.,5.,18.5));
#4551=CARTESIAN_POINT('',(294.5,5.,18.));
#4552=CARTESIAN_POINT('Origin',(289.,5.,18.));
#4553=CARTESIAN_POINT('',(294.5,5.,19.));
#4554=CARTESIAN_POINT('',(294.5,5.,18.5));
#4555=CARTESIAN_POINT('Origin',(289.,5.,19.));
#4556=CARTESIAN_POINT('Origin',(289.,5.,18.));
#4557=CARTESIAN_POINT('Origin',(289.,5.,-18.5));
#4558=CARTESIAN_POINT('',(294.5,5.,-18.));
#4559=CARTESIAN_POINT('Origin',(289.,5.,-18.));
#4560=CARTESIAN_POINT('',(294.5,5.,-19.));
#4561=CARTESIAN_POINT('',(294.5,5.,-18.5));
#4562=CARTESIAN_POINT('Origin',(289.,5.,-19.));
#4563=CARTESIAN_POINT('Origin',(289.,5.,-18.));
#4564=CARTESIAN_POINT('Origin',(289.,23.5,1.83690953073357E-15));
#4565=CARTESIAN_POINT('',(294.75,22.45,1.8368862746717E-15));
#4566=CARTESIAN_POINT('',(283.25,22.45,1.83693278679543E-15));
#4567=CARTESIAN_POINT('Origin',(289.,22.45,1.83690953073357E-15));
#4568=CARTESIAN_POINT('',(282.2,23.5,1.83693703355455E-15));
#4569=CARTESIAN_POINT('',(282.2,23.5,1.83693703355455E-15));
#4570=CARTESIAN_POINT('Origin',(289.,23.5,1.83690953073357E-15));
#4571=CARTESIAN_POINT('Origin',(289.,22.45,1.83690953073357E-15));
#4572=CARTESIAN_POINT('Origin',(289.,15.5,1.83690953073357E-15));
#4573=CARTESIAN_POINT('',(294.75,7.5,1.8368862746717E-15));
#4574=CARTESIAN_POINT('Origin',(289.,7.5,1.83690953073357E-15));
#4575=CARTESIAN_POINT('',(294.75,15.5,1.8368862746717E-15));
#4576=CARTESIAN_POINT('Origin',(289.,23.5,1.83690953073357E-15));
#4577=CARTESIAN_POINT('',(300.,23.5,-5.93717104351894));
#4578=CARTESIAN_POINT('',(300.,23.5,5.93717104351895));
#4579=CARTESIAN_POINT('',(300.,23.5,-5.93717104351894));
#4580=CARTESIAN_POINT('Origin',(289.,23.5,1.83690953073357E-15));
#4581=CARTESIAN_POINT('Origin',(289.,7.5,1.83690953073357E-15));
#4582=CARTESIAN_POINT('Origin',(289.,23.75,1.83690953073357E-15));
#4583=CARTESIAN_POINT('',(299.9,24.,-6.11882341631132));
#4584=CARTESIAN_POINT('',(300.,23.9,-5.93717104351894));
#4585=CARTESIAN_POINT('Origin',(289.,34.9,1.83690953073357E-15));
#4586=CARTESIAN_POINT('',(299.9,24.,6.11882341631132));
#4587=CARTESIAN_POINT('Origin',(289.,24.,1.83690953073357E-15));
#4588=CARTESIAN_POINT('',(300.,23.9,5.93717104351895));
#4589=CARTESIAN_POINT('Origin',(289.,34.9,1.83690953073357E-15));
#4590=CARTESIAN_POINT('',(300.,23.5,5.93717104351895));
#4591=CARTESIAN_POINT('',(300.,23.5,-5.93717104351894));
#4592=CARTESIAN_POINT('Origin',(300.,2.5,3.18397651993818E-15));
#4593=CARTESIAN_POINT('',(300.,23.9,-18.9));
#4594=CARTESIAN_POINT('',(300.,17.6244997998399,-18.9));
#4595=CARTESIAN_POINT('',(300.,23.9,-18.9));
#4596=CARTESIAN_POINT('',(300.,23.9,18.9));
#4597=CARTESIAN_POINT('',(300.,23.9,5.93717104351895));
#4598=CARTESIAN_POINT('',(300.,23.9,18.9));
#4599=CARTESIAN_POINT('Origin',(299.95,23.95,3.17785348816907E-15));
#4600=CARTESIAN_POINT('',(299.9,24.,19.));
#4601=CARTESIAN_POINT('',(299.9,24.,19.));
#4602=CARTESIAN_POINT('',(299.9,24.,19.));
#4603=CARTESIAN_POINT('Origin',(299.95,23.95,3.17785348816907E-15));
#4604=CARTESIAN_POINT('',(299.9,24.,-19.));
#4605=CARTESIAN_POINT('',(300.,23.9,-18.9));
#4606=CARTESIAN_POINT('',(299.9,24.,-6.11882341631132));
#4607=CARTESIAN_POINT('Origin',(299.95,-18.95,3.17785348816907E-15));
#4608=CARTESIAN_POINT('',(299.9,-19.,19.));
#4609=CARTESIAN_POINT('',(300.,-18.9,18.9));
#4610=CARTESIAN_POINT('',(299.9,-19.,-19.));
#4611=CARTESIAN_POINT('',(299.9,-19.,-19.));
#4612=CARTESIAN_POINT('',(299.9,-19.,-19.));
#4613=CARTESIAN_POINT('Origin',(299.95,2.5,18.95));
#4614=CARTESIAN_POINT('',(299.9,-19.,19.));
#4615=CARTESIAN_POINT('Origin',(287.,2.5,19.));
#4616=CARTESIAN_POINT('',(274.,24.,19.));
#4617=CARTESIAN_POINT('',(299.9,24.,19.));
#4618=CARTESIAN_POINT('',(274.,-19.,19.));
#4619=CARTESIAN_POINT('',(274.,24.,19.));
#4620=CARTESIAN_POINT('',(274.,-19.,19.));
#4621=CARTESIAN_POINT('Origin',(287.,24.,1.59198825996909E-15));
#4622=CARTESIAN_POINT('',(274.,24.,-19.));
#4623=CARTESIAN_POINT('',(299.9,24.,-19.));
#4624=CARTESIAN_POINT('',(274.,24.,-19.));
#4625=CARTESIAN_POINT('Origin',(299.95,2.5,-18.95));
#4626=CARTESIAN_POINT('',(299.9,-19.,-19.));
#4627=CARTESIAN_POINT('Origin',(287.,2.5,-19.));
#4628=CARTESIAN_POINT('',(274.,-19.,-19.));
#4629=CARTESIAN_POINT('',(274.,-19.,-19.));
#4630=CARTESIAN_POINT('',(274.,24.,-19.));
#4631=CARTESIAN_POINT('Origin',(287.,-19.,1.59198825996909E-15));
#4632=CARTESIAN_POINT('',(274.,-19.,-19.));
#4633=CARTESIAN_POINT('Origin',(274.,2.5,0.));
#4634=CARTESIAN_POINT('Origin',(-52.7,-9.78858223,16.0979833067585));
#4635=CARTESIAN_POINT('',(-48.,-9.78858223,11.4791811532415));
#4636=CARTESIAN_POINT('',(-48.,-9.78858223,16.0979833067585));
#4637=CARTESIAN_POINT('',(-48.,-9.78858223,11.4791811532415));
#4638=CARTESIAN_POINT('',(-52.7,-9.78858223,11.4791811532415));
#4639=CARTESIAN_POINT('',(-52.7,-9.78858223,11.4791811532415));
#4640=CARTESIAN_POINT('',(-52.7,-9.78858223,16.0979833067585));
#4641=CARTESIAN_POINT('',(-52.7,-9.78858223,16.0979833067585));
#4642=CARTESIAN_POINT('',(-52.7,-9.78858223,16.0979833067585));
#4643=CARTESIAN_POINT('Origin',(-52.7,-9.78858223,11.4791811532415));
#4644=CARTESIAN_POINT('',(-48.,-13.78858223,9.169780076483));
#4645=CARTESIAN_POINT('',(-48.,-13.78858223,9.169780076483));
#4646=CARTESIAN_POINT('',(-52.7,-13.78858223,9.16978007648299));
#4647=CARTESIAN_POINT('',(-52.7,-13.78858223,9.16978007648299));
#4648=CARTESIAN_POINT('',(-52.7,-9.78858223,11.4791811532415));
#4649=CARTESIAN_POINT('Origin',(-52.7,-13.78858223,9.16978007648299));
#4650=CARTESIAN_POINT('',(-48.,-17.78858223,11.4791811532415));
#4651=CARTESIAN_POINT('',(-48.,-17.78858223,11.4791811532415));
#4652=CARTESIAN_POINT('',(-52.7,-17.78858223,11.4791811532415));
#4653=CARTESIAN_POINT('',(-52.7,-17.78858223,11.4791811532415));
#4654=CARTESIAN_POINT('',(-52.7,-13.78858223,9.16978007648299));
#4655=CARTESIAN_POINT('Origin',(-52.7,-17.78858223,11.4791811532415));
#4656=CARTESIAN_POINT('',(-48.,-17.78858223,16.0979833067585));
#4657=CARTESIAN_POINT('',(-48.,-17.78858223,16.0979833067585));
#4658=CARTESIAN_POINT('',(-52.7,-17.78858223,16.0979833067585));
#4659=CARTESIAN_POINT('',(-52.7,-17.78858223,16.0979833067585));
#4660=CARTESIAN_POINT('',(-52.7,-17.78858223,11.4791811532415));
#4661=CARTESIAN_POINT('Origin',(-52.7,-17.78858223,16.0979833067585));
#4662=CARTESIAN_POINT('',(-48.,-13.78858223,18.407384383517));
#4663=CARTESIAN_POINT('',(-48.,-13.78858223,18.407384383517));
#4664=CARTESIAN_POINT('',(-52.7,-13.78858223,18.407384383517));
#4665=CARTESIAN_POINT('',(-52.7,-13.78858223,18.407384383517));
#4666=CARTESIAN_POINT('',(-52.7,-17.78858223,16.0979833067585));
#4667=CARTESIAN_POINT('Origin',(-52.7,-13.78858223,18.407384383517));
#4668=CARTESIAN_POINT('',(-48.,-9.78858223000001,16.0979833067585));
#4669=CARTESIAN_POINT('',(-52.7,-13.78858223,18.407384383517));
#4670=CARTESIAN_POINT('Origin',(-52.7,-13.78858223,13.78858223));
#4671=CARTESIAN_POINT('',(-52.7,-13.78858223,16.28858223));
#4672=CARTESIAN_POINT('Origin',(-52.7,-13.78858223,13.78858223));
#4673=CARTESIAN_POINT('Origin',(-54.,-13.78858223,13.78858223));
#4674=CARTESIAN_POINT('',(-53.5,-13.78858223,11.28858223));
#4675=CARTESIAN_POINT('',(-53.5,-13.78858223,16.28858223));
#4676=CARTESIAN_POINT('Origin',(-53.5,-13.78858223,13.78858223));
#4677=CARTESIAN_POINT('Origin',(-53.5,-13.78858223,13.78858223));
#4678=CARTESIAN_POINT('',(-54.,-13.78858223,11.78858223));
#4679=CARTESIAN_POINT('',(-54.,-13.78858223,11.78858223));
#4680=CARTESIAN_POINT('Origin',(-54.,-13.78858223,13.78858223));
#4681=CARTESIAN_POINT('Origin',(-51.,-13.78858223,13.78858223));
#4682=CARTESIAN_POINT('',(-51.,-13.78858223,16.28858223));
#4683=CARTESIAN_POINT('Origin',(-54.,-13.78858223,13.78858223));
#4684=CARTESIAN_POINT('Origin',(-52.7,-9.78858223,-11.4791811532415));
#4685=CARTESIAN_POINT('',(-48.,-9.78858223,-16.0979833067585));
#4686=CARTESIAN_POINT('',(-48.,-9.78858223,-11.4791811532415));
#4687=CARTESIAN_POINT('',(-48.,-9.78858223,-16.0979833067585));
#4688=CARTESIAN_POINT('',(-52.7,-9.78858223,-16.0979833067585));
#4689=CARTESIAN_POINT('',(-52.7,-9.78858223,-16.0979833067585));
#4690=CARTESIAN_POINT('',(-52.7,-9.78858223,-11.4791811532415));
#4691=CARTESIAN_POINT('',(-52.7,-9.78858223,-11.4791811532415));
#4692=CARTESIAN_POINT('',(-52.7,-9.78858223,-11.4791811532415));
#4693=CARTESIAN_POINT('Origin',(-52.7,-9.78858223,-16.0979833067585));
#4694=CARTESIAN_POINT('',(-48.,-13.78858223,-18.407384383517));
#4695=CARTESIAN_POINT('',(-48.,-13.78858223,-18.407384383517));
#4696=CARTESIAN_POINT('',(-52.7,-13.78858223,-18.407384383517));
#4697=CARTESIAN_POINT('',(-52.7,-13.78858223,-18.407384383517));
#4698=CARTESIAN_POINT('',(-52.7,-9.78858223,-16.0979833067585));
#4699=CARTESIAN_POINT('Origin',(-52.7,-13.78858223,-18.407384383517));
#4700=CARTESIAN_POINT('',(-48.,-17.78858223,-16.0979833067585));
#4701=CARTESIAN_POINT('',(-48.,-17.78858223,-16.0979833067585));
#4702=CARTESIAN_POINT('',(-52.7,-17.78858223,-16.0979833067585));
#4703=CARTESIAN_POINT('',(-52.7,-17.78858223,-16.0979833067585));
#4704=CARTESIAN_POINT('',(-52.7,-13.78858223,-18.407384383517));
#4705=CARTESIAN_POINT('Origin',(-52.7,-17.78858223,-16.0979833067585));
#4706=CARTESIAN_POINT('',(-48.,-17.78858223,-11.4791811532415));
#4707=CARTESIAN_POINT('',(-48.,-17.78858223,-11.4791811532415));
#4708=CARTESIAN_POINT('',(-52.7,-17.78858223,-11.4791811532415));
#4709=CARTESIAN_POINT('',(-52.7,-17.78858223,-11.4791811532415));
#4710=CARTESIAN_POINT('',(-52.7,-17.78858223,-16.0979833067585));
#4711=CARTESIAN_POINT('Origin',(-52.7,-17.78858223,-11.4791811532415));
#4712=CARTESIAN_POINT('',(-48.,-13.78858223,-9.16978007648299));
#4713=CARTESIAN_POINT('',(-48.,-13.78858223,-9.169780076483));
#4714=CARTESIAN_POINT('',(-52.7,-13.78858223,-9.16978007648299));
#4715=CARTESIAN_POINT('',(-52.7,-13.78858223,-9.16978007648299));
#4716=CARTESIAN_POINT('',(-52.7,-17.78858223,-11.4791811532415));
#4717=CARTESIAN_POINT('Origin',(-52.7,-13.78858223,-9.16978007648299));
#4718=CARTESIAN_POINT('',(-48.,-9.78858223,-11.4791811532415));
#4719=CARTESIAN_POINT('',(-52.7,-13.78858223,-9.16978007648299));
#4720=CARTESIAN_POINT('Origin',(-52.7,-13.78858223,-13.78858223));
#4721=CARTESIAN_POINT('',(-52.7,-13.78858223,-11.28858223));
#4722=CARTESIAN_POINT('Origin',(-52.7,-13.78858223,-13.78858223));
#4723=CARTESIAN_POINT('Origin',(-54.,-13.78858223,-13.78858223));
#4724=CARTESIAN_POINT('',(-53.5,-13.78858223,-16.28858223));
#4725=CARTESIAN_POINT('',(-53.5,-13.78858223,-11.28858223));
#4726=CARTESIAN_POINT('Origin',(-53.5,-13.78858223,-13.78858223));
#4727=CARTESIAN_POINT('Origin',(-53.5,-13.78858223,-13.78858223));
#4728=CARTESIAN_POINT('',(-54.,-13.78858223,-15.78858223));
#4729=CARTESIAN_POINT('',(-54.,-13.78858223,-15.78858223));
#4730=CARTESIAN_POINT('Origin',(-54.,-13.78858223,-13.78858223));
#4731=CARTESIAN_POINT('Origin',(-51.,-13.78858223,-13.78858223));
#4732=CARTESIAN_POINT('',(-51.,-13.78858223,-11.28858223));
#4733=CARTESIAN_POINT('Origin',(-54.,-13.78858223,-13.78858223));
#4734=CARTESIAN_POINT('Origin',(-52.7,17.78858223,-11.4791811532415));
#4735=CARTESIAN_POINT('',(-48.,17.78858223,-16.0979833067585));
#4736=CARTESIAN_POINT('',(-48.,17.78858223,-11.4791811532415));
#4737=CARTESIAN_POINT('',(-48.,17.78858223,-16.0979833067585));
#4738=CARTESIAN_POINT('',(-52.7,17.78858223,-16.0979833067585));
#4739=CARTESIAN_POINT('',(-52.7,17.78858223,-16.0979833067585));
#4740=CARTESIAN_POINT('',(-52.7,17.78858223,-11.4791811532415));
#4741=CARTESIAN_POINT('',(-52.7,17.78858223,-11.4791811532415));
#4742=CARTESIAN_POINT('',(-52.7,17.78858223,-11.4791811532415));
#4743=CARTESIAN_POINT('Origin',(-52.7,17.78858223,-16.0979833067585));
#4744=CARTESIAN_POINT('',(-48.,13.78858223,-18.407384383517));
#4745=CARTESIAN_POINT('',(-48.,13.78858223,-18.407384383517));
#4746=CARTESIAN_POINT('',(-52.7,13.78858223,-18.407384383517));
#4747=CARTESIAN_POINT('',(-52.7,13.78858223,-18.407384383517));
#4748=CARTESIAN_POINT('',(-52.7,17.78858223,-16.0979833067585));
#4749=CARTESIAN_POINT('Origin',(-52.7,13.78858223,-18.407384383517));
#4750=CARTESIAN_POINT('',(-48.,9.78858223,-16.0979833067585));
#4751=CARTESIAN_POINT('',(-48.,9.78858223000001,-16.0979833067585));
#4752=CARTESIAN_POINT('',(-52.7,9.78858223,-16.0979833067585));
#4753=CARTESIAN_POINT('',(-52.7,9.78858223,-16.0979833067585));
#4754=CARTESIAN_POINT('',(-52.7,13.78858223,-18.407384383517));
#4755=CARTESIAN_POINT('Origin',(-52.7,9.78858223,-16.0979833067585));
#4756=CARTESIAN_POINT('',(-48.,9.78858223,-11.4791811532415));
#4757=CARTESIAN_POINT('',(-48.,9.78858223,-11.4791811532415));
#4758=CARTESIAN_POINT('',(-52.7,9.78858223,-11.4791811532415));
#4759=CARTESIAN_POINT('',(-52.7,9.78858223,-11.4791811532415));
#4760=CARTESIAN_POINT('',(-52.7,9.78858223,-16.0979833067585));
#4761=CARTESIAN_POINT('Origin',(-52.7,9.78858223,-11.4791811532415));
#4762=CARTESIAN_POINT('',(-48.,13.78858223,-9.169780076483));
#4763=CARTESIAN_POINT('',(-48.,13.78858223,-9.169780076483));
#4764=CARTESIAN_POINT('',(-52.7,13.78858223,-9.16978007648299));
#4765=CARTESIAN_POINT('',(-52.7,13.78858223,-9.16978007648299));
#4766=CARTESIAN_POINT('',(-52.7,9.78858223,-11.4791811532415));
#4767=CARTESIAN_POINT('Origin',(-52.7,13.78858223,-9.16978007648299));
#4768=CARTESIAN_POINT('',(-48.,17.78858223,-11.4791811532415));
#4769=CARTESIAN_POINT('',(-52.7,13.78858223,-9.16978007648299));
#4770=CARTESIAN_POINT('Origin',(-52.7,13.78858223,-13.78858223));
#4771=CARTESIAN_POINT('',(-52.7,13.78858223,-11.28858223));
#4772=CARTESIAN_POINT('Origin',(-52.7,13.78858223,-13.78858223));
#4773=CARTESIAN_POINT('Origin',(-54.,13.78858223,-13.78858223));
#4774=CARTESIAN_POINT('',(-53.5,13.78858223,-16.28858223));
#4775=CARTESIAN_POINT('',(-53.5,13.78858223,-11.28858223));
#4776=CARTESIAN_POINT('Origin',(-53.5,13.78858223,-13.78858223));
#4777=CARTESIAN_POINT('Origin',(-53.5,13.78858223,-13.78858223));
#4778=CARTESIAN_POINT('',(-54.,13.78858223,-15.78858223));
#4779=CARTESIAN_POINT('',(-54.,13.78858223,-15.78858223));
#4780=CARTESIAN_POINT('Origin',(-54.,13.78858223,-13.78858223));
#4781=CARTESIAN_POINT('Origin',(-51.,13.78858223,-13.78858223));
#4782=CARTESIAN_POINT('',(-51.,13.78858223,-11.28858223));
#4783=CARTESIAN_POINT('Origin',(-54.,13.78858223,-13.78858223));
#4784=CARTESIAN_POINT('Origin',(-52.7,17.78858223,16.0979833067585));
#4785=CARTESIAN_POINT('',(-48.,17.78858223,11.4791811532415));
#4786=CARTESIAN_POINT('',(-48.,17.78858223,16.0979833067585));
#4787=CARTESIAN_POINT('',(-48.,17.78858223,11.4791811532415));
#4788=CARTESIAN_POINT('',(-52.7,17.78858223,11.4791811532415));
#4789=CARTESIAN_POINT('',(-52.7,17.78858223,11.4791811532415));
#4790=CARTESIAN_POINT('',(-52.7,17.78858223,16.0979833067585));
#4791=CARTESIAN_POINT('',(-52.7,17.78858223,16.0979833067585));
#4792=CARTESIAN_POINT('',(-52.7,17.78858223,16.0979833067585));
#4793=CARTESIAN_POINT('Origin',(-52.7,17.78858223,11.4791811532415));
#4794=CARTESIAN_POINT('',(-48.,13.78858223,9.16978007648299));
#4795=CARTESIAN_POINT('',(-48.,13.78858223,9.169780076483));
#4796=CARTESIAN_POINT('',(-52.7,13.78858223,9.16978007648299));
#4797=CARTESIAN_POINT('',(-52.7,13.78858223,9.16978007648299));
#4798=CARTESIAN_POINT('',(-52.7,17.78858223,11.4791811532415));
#4799=CARTESIAN_POINT('Origin',(-52.7,13.78858223,9.16978007648299));
#4800=CARTESIAN_POINT('',(-48.,9.78858223,11.4791811532415));
#4801=CARTESIAN_POINT('',(-48.,9.78858223,11.4791811532415));
#4802=CARTESIAN_POINT('',(-52.7,9.78858223,11.4791811532415));
#4803=CARTESIAN_POINT('',(-52.7,9.78858223,11.4791811532415));
#4804=CARTESIAN_POINT('',(-52.7,13.78858223,9.16978007648299));
#4805=CARTESIAN_POINT('Origin',(-52.7,9.78858223,11.4791811532415));
#4806=CARTESIAN_POINT('',(-48.,9.78858223,16.0979833067585));
#4807=CARTESIAN_POINT('',(-48.,9.78858223,16.0979833067585));
#4808=CARTESIAN_POINT('',(-52.7,9.78858223,16.0979833067585));
#4809=CARTESIAN_POINT('',(-52.7,9.78858223,16.0979833067585));
#4810=CARTESIAN_POINT('',(-52.7,9.78858223,11.4791811532415));
#4811=CARTESIAN_POINT('Origin',(-52.7,9.78858223,16.0979833067585));
#4812=CARTESIAN_POINT('',(-48.,13.78858223,18.407384383517));
#4813=CARTESIAN_POINT('',(-48.,13.78858223,18.407384383517));
#4814=CARTESIAN_POINT('',(-52.7,13.78858223,18.407384383517));
#4815=CARTESIAN_POINT('',(-52.7,13.78858223,18.407384383517));
#4816=CARTESIAN_POINT('',(-52.7,9.78858223,16.0979833067585));
#4817=CARTESIAN_POINT('Origin',(-52.7,13.78858223,18.407384383517));
#4818=CARTESIAN_POINT('',(-48.,17.78858223,16.0979833067585));
#4819=CARTESIAN_POINT('',(-52.7,13.78858223,18.407384383517));
#4820=CARTESIAN_POINT('Origin',(-52.7,13.78858223,13.78858223));
#4821=CARTESIAN_POINT('',(-52.7,13.78858223,16.28858223));
#4822=CARTESIAN_POINT('Origin',(-52.7,13.78858223,13.78858223));
#4823=CARTESIAN_POINT('Origin',(-54.,13.78858223,13.78858223));
#4824=CARTESIAN_POINT('',(-53.5,13.78858223,11.28858223));
#4825=CARTESIAN_POINT('',(-53.5,13.78858223,16.28858223));
#4826=CARTESIAN_POINT('Origin',(-53.5,13.78858223,13.78858223));
#4827=CARTESIAN_POINT('Origin',(-53.5,13.78858223,13.78858223));
#4828=CARTESIAN_POINT('',(-54.,13.78858223,11.78858223));
#4829=CARTESIAN_POINT('',(-54.,13.78858223,11.78858223));
#4830=CARTESIAN_POINT('Origin',(-54.,13.78858223,13.78858223));
#4831=CARTESIAN_POINT('Origin',(-51.,13.78858223,13.78858223));
#4832=CARTESIAN_POINT('',(-51.,13.78858223,16.28858223));
#4833=CARTESIAN_POINT('Origin',(-54.,13.78858223,13.78858223));
#4834=CARTESIAN_POINT('Origin',(69.1868693548637,0.,0.));
#4835=CARTESIAN_POINT('',(-57.1262612902727,-8.,9.79717439317883E-16));
#4836=CARTESIAN_POINT('Origin',(-57.1262612902727,0.,0.));
#4837=CARTESIAN_POINT('',(-54.5,-8.,9.79717439317883E-16));
#4838=CARTESIAN_POINT('',(69.1868693548637,-8.,9.79717439317883E-16));
#4839=CARTESIAN_POINT('Origin',(-54.5,0.,0.));
#4840=CARTESIAN_POINT('Origin',(69.1868693548637,0.,0.));
#4841=CARTESIAN_POINT('',(-9.96884705062547,7.5,-2.78388218141501));
#4842=CARTESIAN_POINT('',(-9.96884705062547,7.5,2.78388218141501));
#4843=CARTESIAN_POINT('Ctrl Pts',(-9.96884705062547,7.5,-2.78388218141501));
#4844=CARTESIAN_POINT('Ctrl Pts',(-9.87225316912974,7.56479714557051,-2.60931351790506));
#4845=CARTESIAN_POINT('Ctrl Pts',(-9.78392974528708,7.6250656697585,-2.42817232512338));
#4846=CARTESIAN_POINT('Ctrl Pts',(-9.40651479654583,7.88529116473419,-1.53679885117885));
#4847=CARTESIAN_POINT('Ctrl Pts',(-9.25,8.,-0.7527406453418));
#4848=CARTESIAN_POINT('Ctrl Pts',(-9.25,8.,0.752740645341804));
#4849=CARTESIAN_POINT('Ctrl Pts',(-9.40651479654583,7.88529116473419,1.53679885117885));
#4850=CARTESIAN_POINT('Ctrl Pts',(-9.78392974528708,7.6250656697585,2.42817232512338));
#4851=CARTESIAN_POINT('Ctrl Pts',(-9.87225316912974,7.5647971455705,2.60931351790506));
#4852=CARTESIAN_POINT('Ctrl Pts',(-9.96884705062547,7.5,2.78388218141501));
#4853=CARTESIAN_POINT('',(-20.0311529493746,7.5,-2.78388218141501));
#4854=CARTESIAN_POINT('',(-9.96884705062546,7.5,-2.78388218141501));
#4855=CARTESIAN_POINT('',(-20.75,8.,-6.424767947957E-17));
#4856=CARTESIAN_POINT('Ctrl Pts',(-20.75,8.,-1.66533453693773E-15));
#4857=CARTESIAN_POINT('Ctrl Pts',(-20.75,8.,-0.752740645341804));
#4858=CARTESIAN_POINT('Ctrl Pts',(-20.5934852034542,7.88529116473419,-1.53679885117885));
#4859=CARTESIAN_POINT('Ctrl Pts',(-20.2160702547129,7.6250656697585,-2.42817232512338));
#4860=CARTESIAN_POINT('Ctrl Pts',(-20.1277468308703,7.56479714557051,-2.60931351790506));
#4861=CARTESIAN_POINT('Ctrl Pts',(-20.0311529493745,7.5,-2.783882181415));
#4862=CARTESIAN_POINT('',(-20.0311529493746,7.5,2.78388218141501));
#4863=CARTESIAN_POINT('Ctrl Pts',(-20.0311529493745,7.5,2.783882181415));
#4864=CARTESIAN_POINT('Ctrl Pts',(-20.1277468308703,7.56479714557051,2.60931351790505));
#4865=CARTESIAN_POINT('Ctrl Pts',(-20.2160702547129,7.6250656697585,2.42817232512338));
#4866=CARTESIAN_POINT('Ctrl Pts',(-20.5934852034542,7.88529116473419,1.53679885117885));
#4867=CARTESIAN_POINT('Ctrl Pts',(-20.75,8.,0.752740645341801));
#4868=CARTESIAN_POINT('Ctrl Pts',(-20.75,8.,-8.32667268468867E-16));
#4869=CARTESIAN_POINT('',(-9.96884705062546,7.5,2.78388218141501));
#4870=CARTESIAN_POINT('Origin',(-64.,0.,0.));
#4871=CARTESIAN_POINT('',(-64.,3.74165738677394,-6.5));
#4872=CARTESIAN_POINT('',(-64.,-3.74165738677394,-6.5));
#4873=CARTESIAN_POINT('',(-64.,3.74165738677394,-6.5));
#4874=CARTESIAN_POINT('',(-64.,-3.74165738677394,6.5));
#4875=CARTESIAN_POINT('Origin',(-64.,0.,0.));
#4876=CARTESIAN_POINT('',(-64.,3.74165738677394,6.5));
#4877=CARTESIAN_POINT('',(-64.,-3.74165738677394,6.5));
#4878=CARTESIAN_POINT('Origin',(-64.,0.,0.));
#4879=CARTESIAN_POINT('',(-64.,0.,4.85));
#4880=CARTESIAN_POINT('Origin',(-64.,0.,0.));
#4881=CARTESIAN_POINT('Origin',(-58.5,0.,0.));
#4882=CARTESIAN_POINT('',(-58.5,3.74165738677394,6.5));
#4883=CARTESIAN_POINT('',(-58.5,-3.74165738677394,6.5));
#4884=CARTESIAN_POINT('',(-58.5,-3.74165738677394,6.5));
#4885=CARTESIAN_POINT('Origin',(-58.5,0.,0.));
#4886=CARTESIAN_POINT('Origin',(-57.8131306451363,0.,0.));
#4887=CARTESIAN_POINT('',(-58.5,-7.49999999999998,-9.18485099360513E-16));
#4888=CARTESIAN_POINT('',(-57.8131306451363,-7.75,-9.49101269339199E-16));
#4889=CARTESIAN_POINT('',(-58.5,-3.74165738677394,-6.5));
#4890=CARTESIAN_POINT('Origin',(-58.5,0.,0.));
#4891=CARTESIAN_POINT('',(-58.5,3.74165738677394,-6.5));
#4892=CARTESIAN_POINT('Origin',(-58.5,0.,0.));
#4893=CARTESIAN_POINT('Origin',(-58.5,0.,0.));
#4894=CARTESIAN_POINT('Origin',(-58.5,0.,0.));
#4895=CARTESIAN_POINT('Origin',(-58.5,0.,0.));
#4896=CARTESIAN_POINT('',(-58.5,3.74165738677394,-6.5));
#4897=CARTESIAN_POINT('Origin',(-61.25,0.,-6.5));
#4898=CARTESIAN_POINT('',(-58.5,3.74165738677394,-6.5));
#4899=CARTESIAN_POINT('',(-58.5,-3.74165738677394,-6.5));
#4900=CARTESIAN_POINT('Origin',(-61.25,0.,0.));
#4901=CARTESIAN_POINT('',(-58.5,-3.74165738677394,6.5));
#4902=CARTESIAN_POINT('Origin',(-61.25,0.,0.));
#4903=CARTESIAN_POINT('',(-58.5,3.74165738677394,6.5));
#4904=CARTESIAN_POINT('Origin',(-61.25,0.,6.5));
#4905=CARTESIAN_POINT('Origin',(-65.5,0.,0.));
#4906=CARTESIAN_POINT('',(-67.,5.93953697586466E-16,4.85));
#4907=CARTESIAN_POINT('Origin',(-67.,0.,0.));
#4908=CARTESIAN_POINT('',(-65.5,5.93953697586466E-16,4.85));
#4909=CARTESIAN_POINT('Origin',(-67.,0.,0.));
#4910=CARTESIAN_POINT('',(-67.92,0.,6.));
#4911=CARTESIAN_POINT('',(-67.92,-7.34788079488412E-16,-6.));
#4912=CARTESIAN_POINT('Origin',(-67.92,0.,0.));
#4913=CARTESIAN_POINT('',(-67.,0.,-5.08));
#4914=CARTESIAN_POINT('',(-67.,-6.22120573966855E-16,-5.08));
#4915=CARTESIAN_POINT('Origin',(-67.,0.,0.));
#4916=CARTESIAN_POINT('Origin',(-67.92,0.,0.));
#4917=CARTESIAN_POINT('Origin',(-75.,0.,0.));
#4918=CARTESIAN_POINT('',(-82.08,0.,-6.));
#4919=CARTESIAN_POINT('',(-82.08,7.34788079488412E-16,6.));
#4920=CARTESIAN_POINT('Origin',(-82.08,0.,0.));
#4921=CARTESIAN_POINT('Origin',(-82.08,0.,0.));
#4922=CARTESIAN_POINT('',(-75.,7.34788079488412E-16,6.));
#4923=CARTESIAN_POINT('Origin',(-67.,0.,0.));
#4924=CARTESIAN_POINT('Origin',(-83.,0.,0.));
#4925=CARTESIAN_POINT('',(-83.,6.22120573966855E-16,-5.08));
#4926=CARTESIAN_POINT('',(-83.,6.22120573966855E-16,-5.08));
#4927=CARTESIAN_POINT('Origin',(-83.,0.,0.));
#4928=CARTESIAN_POINT('Origin',(-83.,0.,0.));
#4929=CARTESIAN_POINT('Origin',(-15.,7.5,0.));
#4930=CARTESIAN_POINT('Origin',(-15.,7.5,0.));
#4931=CARTESIAN_POINT('Origin',(-15.,15.5,0.));
#4932=CARTESIAN_POINT('',(-20.75,22.45,7.04171909509728E-16));
#4933=CARTESIAN_POINT('',(-20.75,15.5,7.04171909509728E-16));
#4934=CARTESIAN_POINT('',(-9.25,22.45,-7.04171909509728E-16));
#4935=CARTESIAN_POINT('Origin',(-15.,22.45,0.));
#4936=CARTESIAN_POINT('Origin',(-15.,22.45,0.));
#4937=CARTESIAN_POINT('Origin',(-15.,7.5,0.));
#4938=CARTESIAN_POINT('Origin',(-19.443375672974,7.5,22.));
#4939=CARTESIAN_POINT('',(-19.443375672974,7.5,25.));
#4940=CARTESIAN_POINT('',(-16.556624327026,7.5,25.));
#4941=CARTESIAN_POINT('',(-16.556624327026,7.5,25.));
#4942=CARTESIAN_POINT('',(-19.443375672974,7.5,22.));
#4943=CARTESIAN_POINT('',(-19.443375672974,7.5,25.));
#4944=CARTESIAN_POINT('',(-16.556624327026,7.5,22.));
#4945=CARTESIAN_POINT('',(-16.556624327026,7.5,22.));
#4946=CARTESIAN_POINT('',(-16.556624327026,7.5,25.));
#4947=CARTESIAN_POINT('Origin',(-16.556624327026,7.5,22.));
#4948=CARTESIAN_POINT('',(-15.1132486540518,5.,25.));
#4949=CARTESIAN_POINT('',(-15.1132486540519,4.99999999999999,25.));
#4950=CARTESIAN_POINT('',(-15.1132486540518,5.,22.));
#4951=CARTESIAN_POINT('',(-15.1132486540519,4.99999999999999,22.));
#4952=CARTESIAN_POINT('',(-15.1132486540518,5.,25.));
#4953=CARTESIAN_POINT('Origin',(-15.1132486540518,5.,22.));
#4954=CARTESIAN_POINT('',(-16.556624327026,2.5,25.));
#4955=CARTESIAN_POINT('',(-16.5566243270259,2.49999999999999,25.));
#4956=CARTESIAN_POINT('',(-16.556624327026,2.5,22.));
#4957=CARTESIAN_POINT('',(-16.5566243270259,2.49999999999999,22.));
#4958=CARTESIAN_POINT('',(-16.556624327026,2.5,25.));
#4959=CARTESIAN_POINT('Origin',(-16.556624327026,2.5,22.));
#4960=CARTESIAN_POINT('',(-19.443375672974,2.5,25.));
#4961=CARTESIAN_POINT('',(-19.443375672974,2.5,25.));
#4962=CARTESIAN_POINT('',(-19.443375672974,2.5,22.));
#4963=CARTESIAN_POINT('',(-19.443375672974,2.5,22.));
#4964=CARTESIAN_POINT('',(-19.443375672974,2.5,25.));
#4965=CARTESIAN_POINT('Origin',(-19.443375672974,2.5,22.));
#4966=CARTESIAN_POINT('',(-20.8867513459482,5.,25.));
#4967=CARTESIAN_POINT('',(-20.8867513459481,5.00000000000001,25.));
#4968=CARTESIAN_POINT('',(-20.8867513459482,5.,22.));
#4969=CARTESIAN_POINT('',(-20.8867513459481,5.00000000000001,22.));
#4970=CARTESIAN_POINT('',(-20.8867513459482,5.,25.));
#4971=CARTESIAN_POINT('Origin',(-20.8867513459482,5.,22.));
#4972=CARTESIAN_POINT('',(-19.4433756729741,7.50000000000001,25.));
#4973=CARTESIAN_POINT('',(-19.4433756729741,7.50000000000001,22.));
#4974=CARTESIAN_POINT('Origin',(-18.,5.,22.));
#4975=CARTESIAN_POINT('Origin',(-18.,5.,21.5));
#4976=CARTESIAN_POINT('',(-23.,5.,18.));
#4977=CARTESIAN_POINT('Origin',(-18.,5.,18.));
#4978=CARTESIAN_POINT('',(-23.,5.,25.));
#4979=CARTESIAN_POINT('',(-23.,5.,21.5));
#4980=CARTESIAN_POINT('Origin',(-18.,5.,25.));
#4981=CARTESIAN_POINT('Origin',(-18.,5.,25.));
#4982=CARTESIAN_POINT('Origin',(-16.556624327026,7.5,-22.));
#4983=CARTESIAN_POINT('',(-16.556624327026,7.5,-25.));
#4984=CARTESIAN_POINT('',(-19.443375672974,7.5,-25.));
#4985=CARTESIAN_POINT('',(-19.443375672974,7.5,-25.));
#4986=CARTESIAN_POINT('',(-16.556624327026,7.5,-22.));
#4987=CARTESIAN_POINT('',(-16.556624327026,7.5,-25.));
#4988=CARTESIAN_POINT('',(-19.443375672974,7.5,-22.));
#4989=CARTESIAN_POINT('',(-19.443375672974,7.5,-22.));
#4990=CARTESIAN_POINT('',(-19.443375672974,7.5,-25.));
#4991=CARTESIAN_POINT('Origin',(-19.443375672974,7.5,-22.));
#4992=CARTESIAN_POINT('',(-20.8867513459482,5.,-25.));
#4993=CARTESIAN_POINT('',(-20.8867513459481,4.99999999999999,-25.));
#4994=CARTESIAN_POINT('',(-20.8867513459482,5.,-22.));
#4995=CARTESIAN_POINT('',(-20.8867513459481,4.99999999999999,-22.));
#4996=CARTESIAN_POINT('',(-20.8867513459482,5.,-25.));
#4997=CARTESIAN_POINT('Origin',(-20.8867513459482,5.,-22.));
#4998=CARTESIAN_POINT('',(-19.443375672974,2.5,-25.));
#4999=CARTESIAN_POINT('',(-19.4433756729741,2.49999999999999,-25.));
#5000=CARTESIAN_POINT('',(-19.443375672974,2.5,-22.));
#5001=CARTESIAN_POINT('',(-19.4433756729741,2.49999999999999,-22.));
#5002=CARTESIAN_POINT('',(-19.443375672974,2.5,-25.));
#5003=CARTESIAN_POINT('Origin',(-19.443375672974,2.5,-22.));
#5004=CARTESIAN_POINT('',(-16.556624327026,2.5,-25.));
#5005=CARTESIAN_POINT('',(-16.556624327026,2.5,-25.));
#5006=CARTESIAN_POINT('',(-16.556624327026,2.5,-22.));
#5007=CARTESIAN_POINT('',(-16.556624327026,2.5,-22.));
#5008=CARTESIAN_POINT('',(-16.556624327026,2.5,-25.));
#5009=CARTESIAN_POINT('Origin',(-16.556624327026,2.5,-22.));
#5010=CARTESIAN_POINT('',(-15.1132486540518,5.,-25.));
#5011=CARTESIAN_POINT('',(-15.1132486540519,5.00000000000001,-25.));
#5012=CARTESIAN_POINT('',(-15.1132486540518,5.,-22.));
#5013=CARTESIAN_POINT('',(-15.1132486540519,5.00000000000001,-22.));
#5014=CARTESIAN_POINT('',(-15.1132486540518,5.,-25.));
#5015=CARTESIAN_POINT('Origin',(-15.1132486540518,5.,-22.));
#5016=CARTESIAN_POINT('',(-16.5566243270259,7.50000000000001,-25.));
#5017=CARTESIAN_POINT('',(-16.5566243270259,7.50000000000001,-22.));
#5018=CARTESIAN_POINT('Origin',(-18.,5.,-22.));
#5019=CARTESIAN_POINT('Origin',(-18.,5.,-21.5));
#5020=CARTESIAN_POINT('',(-13.,5.,-18.));
#5021=CARTESIAN_POINT('Origin',(-18.,5.,-18.));
#5022=CARTESIAN_POINT('',(-13.,5.,-25.));
#5023=CARTESIAN_POINT('',(-13.,5.,-21.5));
#5024=CARTESIAN_POINT('Origin',(-18.,5.,-25.));
#5025=CARTESIAN_POINT('Origin',(-18.,5.,-25.));
#5026=CARTESIAN_POINT('Origin',(-18.,5.,18.5));
#5027=CARTESIAN_POINT('',(-23.5,5.,18.));
#5028=CARTESIAN_POINT('Origin',(-18.,5.,18.));
#5029=CARTESIAN_POINT('',(-23.5,5.,19.));
#5030=CARTESIAN_POINT('',(-23.5,5.,18.5));
#5031=CARTESIAN_POINT('Origin',(-18.,5.,19.));
#5032=CARTESIAN_POINT('Origin',(-18.,5.,18.));
#5033=CARTESIAN_POINT('Origin',(-18.,5.,-18.5));
#5034=CARTESIAN_POINT('',(-23.5,5.,-18.));
#5035=CARTESIAN_POINT('Origin',(-18.,5.,-18.));
#5036=CARTESIAN_POINT('',(-23.5,5.,-19.));
#5037=CARTESIAN_POINT('',(-23.5,5.,-18.5));
#5038=CARTESIAN_POINT('Origin',(-18.,5.,-19.));
#5039=CARTESIAN_POINT('Origin',(-18.,5.,-18.));
#5040=CARTESIAN_POINT('Origin',(-15.,23.5,0.));
#5041=CARTESIAN_POINT('',(-8.2,23.5,-8.327598234202E-16));
#5042=CARTESIAN_POINT('',(-8.2,23.5,-8.327598234202E-16));
#5043=CARTESIAN_POINT('Origin',(-15.,23.5,0.));
#5044=CARTESIAN_POINT('Origin',(-15.,23.5,0.));
#5045=CARTESIAN_POINT('',(-27.5,23.5,1.53080849893419E-15));
#5046=CARTESIAN_POINT('Origin',(-15.,23.5,0.));
#5047=CARTESIAN_POINT('Origin',(-15.,7.5,0.));
#5048=CARTESIAN_POINT('Origin',(-15.,23.75,0.));
#5049=CARTESIAN_POINT('',(-27.5,24.,1.53080849893419E-15));
#5050=CARTESIAN_POINT('',(-27.5,23.75,1.53080849893419E-15));
#5051=CARTESIAN_POINT('Origin',(-15.,24.,0.));
#5052=CARTESIAN_POINT('Origin',(-37.95,-18.95,0.));
#5053=CARTESIAN_POINT('',(-38.,-18.9,-18.9));
#5054=CARTESIAN_POINT('',(-37.9,-19.,-19.));
#5055=CARTESIAN_POINT('',(-38.,-18.9,-18.9));
#5056=CARTESIAN_POINT('',(-37.9,-19.,19.));
#5057=CARTESIAN_POINT('',(-37.9,-19.,19.));
#5058=CARTESIAN_POINT('',(-38.,-18.9,18.9));
#5059=CARTESIAN_POINT('',(-37.9,-19.,19.));
#5060=CARTESIAN_POINT('',(-38.,-18.9,-18.9));
#5061=CARTESIAN_POINT('Origin',(-37.95,2.5,-18.95));
#5062=CARTESIAN_POINT('',(-38.,19.,-18.9));
#5063=CARTESIAN_POINT('',(-38.,19.,-18.9));
#5064=CARTESIAN_POINT('',(-38.,23.9,-18.9));
#5065=CARTESIAN_POINT('',(-38.,23.9,-18.9));
#5066=CARTESIAN_POINT('',(-37.9,24.,-19.));
#5067=CARTESIAN_POINT('',(-37.9,24.,-19.));
#5068=CARTESIAN_POINT('',(-37.9,-19.,-19.));
#5069=CARTESIAN_POINT('Origin',(-38.,2.5,0.));
#5070=CARTESIAN_POINT('',(-38.,19.,18.9));
#5071=CARTESIAN_POINT('',(-38.,19.,-18.9));
#5072=CARTESIAN_POINT('',(-38.,23.9,18.9));
#5073=CARTESIAN_POINT('',(-38.,19.,18.9));
#5074=CARTESIAN_POINT('',(-38.,23.9,18.9));
#5075=CARTESIAN_POINT('Origin',(-37.95,23.95,0.));
#5076=CARTESIAN_POINT('',(-37.9,24.,19.));
#5077=CARTESIAN_POINT('',(-38.,23.9,18.9));
#5078=CARTESIAN_POINT('',(-37.9,24.,-19.));
#5079=CARTESIAN_POINT('Origin',(-19.,2.5,-19.));
#5080=CARTESIAN_POINT('',(0.,24.,-19.));
#5081=CARTESIAN_POINT('',(-37.9,24.,-19.));
#5082=CARTESIAN_POINT('',(0.,-19.,-19.));
#5083=CARTESIAN_POINT('',(0.,24.,-19.));
#5084=CARTESIAN_POINT('',(0.,-19.,-19.));
#5085=CARTESIAN_POINT('Origin',(-19.,24.,0.));
#5086=CARTESIAN_POINT('',(0.,24.,19.));
#5087=CARTESIAN_POINT('',(-37.9,24.,19.));
#5088=CARTESIAN_POINT('',(0.,24.,19.));
#5089=CARTESIAN_POINT('Origin',(-37.95,2.5,18.95));
#5090=CARTESIAN_POINT('',(-37.9,-19.,19.));
#5091=CARTESIAN_POINT('',(-38.,-18.9,18.9));
#5092=CARTESIAN_POINT('Origin',(-19.,2.5,19.));
#5093=CARTESIAN_POINT('',(0.,-19.,19.));
#5094=CARTESIAN_POINT('',(0.,-19.,19.));
#5095=CARTESIAN_POINT('',(0.,24.,19.));
#5096=CARTESIAN_POINT('Origin',(-19.,-19.,0.));
#5097=CARTESIAN_POINT('',(0.,-19.,19.));
#5098=CARTESIAN_POINT('Origin',(0.,2.5,0.));
#5099=CARTESIAN_POINT('Origin',(-48.,0.,0.));
#5100=CARTESIAN_POINT('',(-48.,19.,19.));
#5101=CARTESIAN_POINT('',(-48.,19.,-19.));
#5102=CARTESIAN_POINT('',(-48.,19.,19.));
#5103=CARTESIAN_POINT('',(-48.,-19.,-19.));
#5104=CARTESIAN_POINT('',(-48.,-19.,-19.));
#5105=CARTESIAN_POINT('',(-48.,-19.,19.));
#5106=CARTESIAN_POINT('',(-48.,-19.,19.));
#5107=CARTESIAN_POINT('',(-48.,-19.,19.));
#5108=CARTESIAN_POINT('',(-48.,1.74512168878498E-15,14.25));
#5109=CARTESIAN_POINT('Origin',(-48.,0.,0.));
#5110=CARTESIAN_POINT('Origin',(-43.,0.,19.));
#5111=CARTESIAN_POINT('',(-38.,-19.,19.));
#5112=CARTESIAN_POINT('',(-38.,19.,19.));
#5113=CARTESIAN_POINT('',(-38.,19.,19.));
#5114=CARTESIAN_POINT('',(-48.,19.,19.));
#5115=CARTESIAN_POINT('',(-38.,-19.,19.));
#5116=CARTESIAN_POINT('Origin',(-43.,0.,-19.));
#5117=CARTESIAN_POINT('',(-38.,19.,-19.));
#5118=CARTESIAN_POINT('',(-38.,-19.,-19.));
#5119=CARTESIAN_POINT('',(-38.,19.,-19.));
#5120=CARTESIAN_POINT('',(-38.,-19.,-19.));
#5121=CARTESIAN_POINT('',(-48.,19.,-19.));
#5122=CARTESIAN_POINT('Origin',(-43.,-19.,0.));
#5123=CARTESIAN_POINT('',(-38.,-19.,19.));
#5124=CARTESIAN_POINT('Origin',(-43.,19.,0.));
#5125=CARTESIAN_POINT('',(-38.,19.,19.));
#5126=CARTESIAN_POINT('',(-38.,19.,-18.9));
#5127=CARTESIAN_POINT('Origin',(-38.,0.,0.));
#5128=CARTESIAN_POINT('Origin',(-51.25,0.,0.));
#5129=CARTESIAN_POINT('',(-54.5,0.,14.25));
#5130=CARTESIAN_POINT('Origin',(-54.5,0.,0.));
#5131=CARTESIAN_POINT('',(-51.25,1.74512168878498E-15,14.25));
#5132=CARTESIAN_POINT('Origin',(-54.5,0.,0.));
#5133=UNCERTAINTY_MEASURE_WITH_UNIT(LENGTH_MEASURE(0.01),#5137,
'DISTANCE_ACCURACY_VALUE',
'Maximum model space distance between geometric entities at asserted c
onnectivities');
#5134=UNCERTAINTY_MEASURE_WITH_UNIT(LENGTH_MEASURE(0.01),#5137,
'DISTANCE_ACCURACY_VALUE',
'Maximum model space distance between geometric entities at asserted c
onnectivities');
#5135=(
GEOMETRIC_REPRESENTATION_CONTEXT(3)
GLOBAL_UNCERTAINTY_ASSIGNED_CONTEXT((#5133))
GLOBAL_UNIT_ASSIGNED_CONTEXT((#5137,#5139,#5140))
REPRESENTATION_CONTEXT('','3D')
);
#5136=(
GEOMETRIC_REPRESENTATION_CONTEXT(3)
GLOBAL_UNCERTAINTY_ASSIGNED_CONTEXT((#5134))
GLOBAL_UNIT_ASSIGNED_CONTEXT((#5137,#5139,#5140))
REPRESENTATION_CONTEXT('','3D')
);
#5137=(
LENGTH_UNIT()
NAMED_UNIT(*)
SI_UNIT(.MILLI.,.METRE.)
);
#5138=(
LENGTH_UNIT()
NAMED_UNIT(*)
SI_UNIT(.CENTI.,.METRE.)
);
#5139=(
NAMED_UNIT(*)
PLANE_ANGLE_UNIT()
SI_UNIT($,.RADIAN.)
);
#5140=(
NAMED_UNIT(*)
SI_UNIT($,.STERADIAN.)
SOLID_ANGLE_UNIT()
);
#5141=SHAPE_DEFINITION_REPRESENTATION(#5142,#5143);
#5142=PRODUCT_DEFINITION_SHAPE('',$,#5145);
#5143=SHAPE_REPRESENTATION('',(#3064),#5135);
#5144=PRODUCT_DEFINITION_CONTEXT('part definition',#5149,'design');
#5145=PRODUCT_DEFINITION('\X2\04260438043B0438043D04340440\X0\',
'\X2\04260438043B0438043D04340440\X0\',#5146,#5144);
#5146=PRODUCT_DEFINITION_FORMATION('',$,#5151);
#5147=PRODUCT_RELATED_PRODUCT_CATEGORY('\X2\04260438043B0438043D04340440\X0\',
'\X2\04260438043B0438043D04340440\X0\',(#5151));
#5148=APPLICATION_PROTOCOL_DEFINITION('international standard',
'automotive_design',2009,#5149);
#5149=APPLICATION_CONTEXT(
'Core Data for Automotive Mechanical Design Process');
#5150=PRODUCT_CONTEXT('part definition',#5149,'mechanical');
#5151=PRODUCT('\X2\04260438043B0438043D04340440\X0\','\X2\04260438043B0438043D04340440\X0\',
$,(#5150));
#5152=PRESENTATION_STYLE_ASSIGNMENT((#5154));
#5153=PRESENTATION_STYLE_ASSIGNMENT((#5155));
#5154=SURFACE_STYLE_USAGE(.BOTH.,#5160);
#5155=SURFACE_STYLE_USAGE(.BOTH.,#5161);
#5156=SURFACE_STYLE_RENDERING_WITH_PROPERTIES($,#5168,(#5158));
#5157=SURFACE_STYLE_RENDERING_WITH_PROPERTIES($,#5169,(#5159));
#5158=SURFACE_STYLE_TRANSPARENT(0.);
#5159=SURFACE_STYLE_TRANSPARENT(0.);
#5160=SURFACE_SIDE_STYLE('',(#5162,#5156));
#5161=SURFACE_SIDE_STYLE('',(#5163,#5157));
#5162=SURFACE_STYLE_FILL_AREA(#5164);
#5163=SURFACE_STYLE_FILL_AREA(#5165);
#5164=FILL_AREA_STYLE('',(#5166));
#5165=FILL_AREA_STYLE('',(#5167));
#5166=FILL_AREA_STYLE_COLOUR('',#5168);
#5167=FILL_AREA_STYLE_COLOUR('',#5169);
#5168=COLOUR_RGB('',0.749019607843137,0.749019607843137,0.749019607843137);
#5169=COLOUR_RGB('',0.156862745098039,0.454901960784314,0.694117647058824);
ENDSEC;
END-ISO-10303-21;
