ISO-10303-21;
HEADER;
/* Generated by software containing ST-Developer
 * from STEP Tools, Inc. (www.steptools.com) 
 */

FILE_DESCRIPTION(
/* description */ (''),
/* implementation_level */ '2;1');

FILE_NAME(
/* name */ '',
/* time_stamp */ '2026-06-29T13:23:56+03:00',
/* author */ ('aidrisov'),
/* organization */ (''),
/* preprocessor_version */ 'ST-DEVELOPER v20.1',
/* originating_system */ 'Autodesk Inventor 2026',
/* authorisation */ '');

FILE_SCHEMA (('AUTOMOTIVE_DESIGN { 1 0 10303 214 3 1 1 }'));
ENDSEC;

DATA;
#10=MECHANICAL_DESIGN_GEOMETRIC_PRESENTATION_REPRESENTATION('',(#13),#1522);
#11=SHAPE_REPRESENTATION_RELATIONSHIP('SRR','None',#1529,#12);
#12=ADVANCED_BREP_SHAPE_REPRESENTATION('',(#339),#1521);
#13=STYLED_ITEM('',(#1538),#339);
#14=ORIENTED_CLOSED_SHELL('',*,#338,.F.);
#15=SPHERICAL_SURFACE('',#385,22.1000000000001);
#16=SPHERICAL_SURFACE('',#417,20.1000000000001);
#17=CONICAL_SURFACE('',#381,12.7499999999999,0.565539074691021);
#18=CONICAL_SURFACE('',#406,34.6008034327995,0.347311046889643);
#19=CONICAL_SURFACE('',#411,9.65570015139751,0.310734285972041);
#20=CONICAL_SURFACE('',#413,10.9057001513975,0.565539074691003);
#21=B_SPLINE_CURVE_WITH_KNOTS('',4,(#677,#678,#679,#680,#681,#682,#683,
#684,#685),.UNSPECIFIED.,.F.,.F.,(5,1,1,1,1,5),(1.,2.,3.,4.,5.,6.),
 .UNSPECIFIED.);
#22=B_SPLINE_CURVE_WITH_KNOTS('',3,(#1429,#1430,#1431,#1432,#1433,#1434,
#1435,#1436,#1437,#1438,#1439,#1440,#1441,#1442,#1443,#1444,#1445,#1446,
#1447,#1448,#1449,#1450,#1451,#1452,#1453,#1454,#1455,#1456,#1457,#1458,
#1459,#1460,#1461,#1462,#1463,#1464,#1465,#1466,#1467,#1468,#1469,#1470,
#1471,#1472,#1473,#1474,#1475,#1476,#1477,#1478,#1479,#1480,#1481,#1482,
#1483,#1484,#1485,#1486,#1487,#1488,#1489,#1490,#1491,#1492,#1493,#1494,
#1495,#1496,#1497,#1498,#1499,#1500,#1501,#1502),.UNSPECIFIED.,.F.,.F.,
(4,1,1,1,1,1,1,1,1,1,1,1,1,1,1,1,1,1,1,1,1,1,1,1,1,1,1,1,1,1,1,1,1,1,1,
1,1,1,1,1,1,1,1,1,1,1,1,1,1,1,1,1,1,1,1,1,1,1,1,1,1,1,1,1,1,1,1,1,1,1,1,
4),(1.,1.10416666666667,1.18229166666667,1.20833333333333,1.26041666666667,
1.28645833333333,1.33854166666667,1.36458333333333,1.41666666666667,1.44270833333333,
1.49479166666667,1.52083333333333,1.57291666666667,1.59895833333333,1.65104166666667,
1.67708333333333,1.72916666666667,1.75520833333333,1.80729166666667,1.83333333333333,
1.88541666666667,1.91145833333333,1.96354166666667,1.98958333333333,2.04166666666667,
2.06770833333333,2.14583333333333,2.19791666666667,2.30208333333333,2.35416666666667,
2.45833333333333,2.51041666666667,2.61458333333333,2.66666666666667,2.77083333333333,
2.82291666666667,2.92708333333333,2.97916666666667,3.08333333333333,3.13541666666667,
3.29166666666667,3.39583333333333,3.60416666666667,3.70833333333333,3.86458333333333,
3.91666666666667,4.02083333333333,4.07291666666667,4.17708333333333,4.22916666666667,
4.33333333333333,4.38541666666667,4.48958333333333,4.54166666666667,4.64583333333333,
4.69791666666667,4.80208333333333,4.85416666666667,4.95833333333333,5.01041666666667,
5.11458333333333,5.16666666666667,5.27083333333333,5.32291666666667,5.42708333333333,
5.47916666666667,5.58333333333333,5.63541666666667,5.73958333333333,5.79166666666667,
5.89583333333333,6.),.UNSPECIFIED.);
#23=(
BOUNDED_SURFACE()
B_SPLINE_SURFACE(2,2,((#563,#564,#565,#566,#567,#568,#569,#570,#571),(#572,
#573,#574,#575,#576,#577,#578,#579,#580),(#581,#582,#583,#584,#585,#586,
#587,#588,#589)),.UNSPECIFIED.,.F.,.T.,.F.)
B_SPLINE_SURFACE_WITH_KNOTS((3,3),(3,2,2,2,3),(-0.343744584952117,-4.27096996926803E-16),
(-3.14159265358979,-1.5707963267949,0.,1.5707963267949,3.14159265358979),
 .UNSPECIFIED.)
GEOMETRIC_REPRESENTATION_ITEM()
RATIONAL_B_SPLINE_SURFACE(((1.,0.707106781186548,1.,0.707106781186548,1.,
0.707106781186548,1.,0.707106781186548,1.),(0.985266280782471,0.696688468415735,
0.985266280782471,0.696688468415735,0.985266280782471,0.696688468415735,
0.985266280782471,0.696688468415735,0.985266280782471),(1.,0.707106781186548,
1.,0.707106781186548,1.,0.707106781186548,1.,0.707106781186548,1.)))
REPRESENTATION_ITEM('')
SURFACE()
);
#24=(
BOUNDED_SURFACE()
B_SPLINE_SURFACE(4,2,((#595,#596,#597,#598,#599,#600,#601,#602,#603),(#604,
#605,#606,#607,#608,#609,#610,#611,#612),(#613,#614,#615,#616,#617,#618,
#619,#620,#621),(#622,#623,#624,#625,#626,#627,#628,#629,#630),(#631,#632,
#633,#634,#635,#636,#637,#638,#639),(#640,#641,#642,#643,#644,#645,#646,
#647,#648),(#649,#650,#651,#652,#653,#654,#655,#656,#657),(#658,#659,#660,
#661,#662,#663,#664,#665,#666),(#667,#668,#669,#670,#671,#672,#673,#674,
#675)),.UNSPECIFIED.,.F.,.T.,.F.)
B_SPLINE_SURFACE_WITH_KNOTS((5,1,1,1,1,5),(3,2,2,2,3),(-6.,-5.,-4.,-3.,
-2.,-1.),(0.,1.5707963267949,3.14159265358979,4.71238898038469,6.28318530717959),
 .UNSPECIFIED.)
GEOMETRIC_REPRESENTATION_ITEM()
RATIONAL_B_SPLINE_SURFACE(((1.,0.707106781186548,1.,0.707106781186548,1.,
0.707106781186548,1.,0.707106781186548,1.),(1.,0.707106781186548,1.,0.707106781186548,
1.,0.707106781186548,1.,0.707106781186548,1.),(1.,0.707106781186548,1.,
0.707106781186548,1.,0.707106781186548,1.,0.707106781186548,1.),(1.,0.707106781186548,
1.,0.707106781186548,1.,0.707106781186548,1.,0.707106781186548,1.),(1.,
0.707106781186548,1.,0.707106781186548,1.,0.707106781186548,1.,0.707106781186548,
1.),(1.,0.707106781186548,1.,0.707106781186548,1.,0.707106781186548,1.,
0.707106781186548,1.),(1.,0.707106781186548,1.,0.707106781186548,1.,0.707106781186548,
1.,0.707106781186548,1.),(1.,0.707106781186548,1.,0.707106781186548,1.,
0.707106781186548,1.,0.707106781186548,1.),(1.,0.707106781186548,1.,0.707106781186548,
1.,0.707106781186548,1.,0.707106781186548,1.)))
REPRESENTATION_ITEM('')
SURFACE()
);
#25=(
BOUNDED_SURFACE()
B_SPLINE_SURFACE(2,2,((#724,#725,#726,#727,#728,#729,#730,#731,#732),(#733,
#734,#735,#736,#737,#738,#739,#740,#741),(#742,#743,#744,#745,#746,#747,
#748,#749,#750)),.UNSPECIFIED.,.F.,.T.,.F.)
B_SPLINE_SURFACE_WITH_KNOTS((3,3),(3,2,2,2,3),(-0.343744584952117,-2.6708712630136E-16),
(-3.14159265358979,-1.5707963267949,0.,1.5707963267949,3.14159265358979),
 .UNSPECIFIED.)
GEOMETRIC_REPRESENTATION_ITEM()
RATIONAL_B_SPLINE_SURFACE(((1.,0.707106781186548,1.,0.707106781186548,1.,
0.707106781186548,1.,0.707106781186548,1.),(0.985266280782483,0.696688468415743,
0.985266280782483,0.696688468415743,0.985266280782483,0.696688468415743,
0.985266280782483,0.696688468415743,0.985266280782483),(1.,0.707106781186548,
1.,0.707106781186548,1.,0.707106781186548,1.,0.707106781186548,1.)))
REPRESENTATION_ITEM('')
SURFACE()
);
#26=(
BOUNDED_SURFACE()
B_SPLINE_SURFACE(3,2,((#762,#763,#764,#765,#766,#767,#768,#769,#770),(#771,
#772,#773,#774,#775,#776,#777,#778,#779),(#780,#781,#782,#783,#784,#785,
#786,#787,#788),(#789,#790,#791,#792,#793,#794,#795,#796,#797),(#798,#799,
#800,#801,#802,#803,#804,#805,#806),(#807,#808,#809,#810,#811,#812,#813,
#814,#815),(#816,#817,#818,#819,#820,#821,#822,#823,#824),(#825,#826,#827,
#828,#829,#830,#831,#832,#833),(#834,#835,#836,#837,#838,#839,#840,#841,
#842),(#843,#844,#845,#846,#847,#848,#849,#850,#851),(#852,#853,#854,#855,
#856,#857,#858,#859,#860),(#861,#862,#863,#864,#865,#866,#867,#868,#869),
(#870,#871,#872,#873,#874,#875,#876,#877,#878),(#879,#880,#881,#882,#883,
#884,#885,#886,#887),(#888,#889,#890,#891,#892,#893,#894,#895,#896),(#897,
#898,#899,#900,#901,#902,#903,#904,#905),(#906,#907,#908,#909,#910,#911,
#912,#913,#914),(#915,#916,#917,#918,#919,#920,#921,#922,#923),(#924,#925,
#926,#927,#928,#929,#930,#931,#932),(#933,#934,#935,#936,#937,#938,#939,
#940,#941),(#942,#943,#944,#945,#946,#947,#948,#949,#950),(#951,#952,#953,
#954,#955,#956,#957,#958,#959),(#960,#961,#962,#963,#964,#965,#966,#967,
#968),(#969,#970,#971,#972,#973,#974,#975,#976,#977),(#978,#979,#980,#981,
#982,#983,#984,#985,#986),(#987,#988,#989,#990,#991,#992,#993,#994,#995),
(#996,#997,#998,#999,#1000,#1001,#1002,#1003,#1004),(#1005,#1006,#1007,
#1008,#1009,#1010,#1011,#1012,#1013),(#1014,#1015,#1016,#1017,#1018,#1019,
#1020,#1021,#1022),(#1023,#1024,#1025,#1026,#1027,#1028,#1029,#1030,#1031),
(#1032,#1033,#1034,#1035,#1036,#1037,#1038,#1039,#1040),(#1041,#1042,#1043,
#1044,#1045,#1046,#1047,#1048,#1049),(#1050,#1051,#1052,#1053,#1054,#1055,
#1056,#1057,#1058),(#1059,#1060,#1061,#1062,#1063,#1064,#1065,#1066,#1067),
(#1068,#1069,#1070,#1071,#1072,#1073,#1074,#1075,#1076),(#1077,#1078,#1079,
#1080,#1081,#1082,#1083,#1084,#1085),(#1086,#1087,#1088,#1089,#1090,#1091,
#1092,#1093,#1094),(#1095,#1096,#1097,#1098,#1099,#1100,#1101,#1102,#1103),
(#1104,#1105,#1106,#1107,#1108,#1109,#1110,#1111,#1112),(#1113,#1114,#1115,
#1116,#1117,#1118,#1119,#1120,#1121),(#1122,#1123,#1124,#1125,#1126,#1127,
#1128,#1129,#1130),(#1131,#1132,#1133,#1134,#1135,#1136,#1137,#1138,#1139),
(#1140,#1141,#1142,#1143,#1144,#1145,#1146,#1147,#1148),(#1149,#1150,#1151,
#1152,#1153,#1154,#1155,#1156,#1157),(#1158,#1159,#1160,#1161,#1162,#1163,
#1164,#1165,#1166),(#1167,#1168,#1169,#1170,#1171,#1172,#1173,#1174,#1175),
(#1176,#1177,#1178,#1179,#1180,#1181,#1182,#1183,#1184),(#1185,#1186,#1187,
#1188,#1189,#1190,#1191,#1192,#1193),(#1194,#1195,#1196,#1197,#1198,#1199,
#1200,#1201,#1202),(#1203,#1204,#1205,#1206,#1207,#1208,#1209,#1210,#1211),
(#1212,#1213,#1214,#1215,#1216,#1217,#1218,#1219,#1220),(#1221,#1222,#1223,
#1224,#1225,#1226,#1227,#1228,#1229),(#1230,#1231,#1232,#1233,#1234,#1235,
#1236,#1237,#1238),(#1239,#1240,#1241,#1242,#1243,#1244,#1245,#1246,#1247),
(#1248,#1249,#1250,#1251,#1252,#1253,#1254,#1255,#1256),(#1257,#1258,#1259,
#1260,#1261,#1262,#1263,#1264,#1265),(#1266,#1267,#1268,#1269,#1270,#1271,
#1272,#1273,#1274),(#1275,#1276,#1277,#1278,#1279,#1280,#1281,#1282,#1283),
(#1284,#1285,#1286,#1287,#1288,#1289,#1290,#1291,#1292),(#1293,#1294,#1295,
#1296,#1297,#1298,#1299,#1300,#1301),(#1302,#1303,#1304,#1305,#1306,#1307,
#1308,#1309,#1310),(#1311,#1312,#1313,#1314,#1315,#1316,#1317,#1318,#1319),
(#1320,#1321,#1322,#1323,#1324,#1325,#1326,#1327,#1328),(#1329,#1330,#1331,
#1332,#1333,#1334,#1335,#1336,#1337),(#1338,#1339,#1340,#1341,#1342,#1343,
#1344,#1345,#1346),(#1347,#1348,#1349,#1350,#1351,#1352,#1353,#1354,#1355),
(#1356,#1357,#1358,#1359,#1360,#1361,#1362,#1363,#1364),(#1365,#1366,#1367,
#1368,#1369,#1370,#1371,#1372,#1373),(#1374,#1375,#1376,#1377,#1378,#1379,
#1380,#1381,#1382),(#1383,#1384,#1385,#1386,#1387,#1388,#1389,#1390,#1391),
(#1392,#1393,#1394,#1395,#1396,#1397,#1398,#1399,#1400),(#1401,#1402,#1403,
#1404,#1405,#1406,#1407,#1408,#1409),(#1410,#1411,#1412,#1413,#1414,#1415,
#1416,#1417,#1418),(#1419,#1420,#1421,#1422,#1423,#1424,#1425,#1426,#1427)),
 .UNSPECIFIED.,.F.,.T.,.F.)
B_SPLINE_SURFACE_WITH_KNOTS((4,1,1,1,1,1,1,1,1,1,1,1,1,1,1,1,1,1,1,1,1,
1,1,1,1,1,1,1,1,1,1,1,1,1,1,1,1,1,1,1,1,1,1,1,1,1,1,1,1,1,1,1,1,1,1,1,1,
1,1,1,1,1,1,1,1,1,1,1,1,1,1,4),(3,2,2,2,3),(-6.,-5.89583333333333,-5.79166666666667,
-5.73958333333333,-5.63541666666667,-5.58333333333333,-5.47916666666667,
-5.42708333333333,-5.32291666666667,-5.27083333333333,-5.16666666666667,
-5.11458333333333,-5.01041666666667,-4.95833333333333,-4.85416666666667,
-4.80208333333333,-4.69791666666667,-4.64583333333333,-4.54166666666667,
-4.48958333333333,-4.38541666666667,-4.33333333333333,-4.22916666666667,
-4.17708333333333,-4.07291666666667,-4.02083333333333,-3.91666666666667,
-3.86458333333333,-3.70833333333333,-3.60416666666667,-3.39583333333333,
-3.29166666666667,-3.13541666666667,-3.08333333333333,-2.97916666666667,
-2.92708333333333,-2.82291666666667,-2.77083333333333,-2.66666666666667,
-2.61458333333333,-2.51041666666667,-2.45833333333333,-2.35416666666667,
-2.30208333333333,-2.19791666666667,-2.14583333333333,-2.06770833333333,
-2.04166666666667,-1.98958333333333,-1.96354166666667,-1.91145833333333,
-1.88541666666667,-1.83333333333333,-1.80729166666667,-1.75520833333333,
-1.72916666666667,-1.67708333333333,-1.65104166666667,-1.59895833333333,
-1.57291666666667,-1.52083333333333,-1.49479166666667,-1.44270833333333,
-1.41666666666667,-1.36458333333333,-1.33854166666667,-1.28645833333333,
-1.26041666666667,-1.20833333333333,-1.18229166666667,-1.10416666666667,
-1.),(0.,1.5707963267949,3.14159265358979,4.71238898038469,6.28318530717959),
 .UNSPECIFIED.)
GEOMETRIC_REPRESENTATION_ITEM()
RATIONAL_B_SPLINE_SURFACE(((1.,0.707106781186548,1.,0.707106781186548,1.,
0.707106781186548,1.,0.707106781186548,1.),(1.,0.707106781186548,1.,0.707106781186548,
1.,0.707106781186548,1.,0.707106781186548,1.),(1.,0.707106781186548,1.,
0.707106781186548,1.,0.707106781186548,1.,0.707106781186548,1.),(1.,0.707106781186548,
1.,0.707106781186548,1.,0.707106781186548,1.,0.707106781186548,1.),(1.,
0.707106781186548,1.,0.707106781186548,1.,0.707106781186548,1.,0.707106781186548,
1.),(1.,0.707106781186548,1.,0.707106781186548,1.,0.707106781186548,1.,
0.707106781186548,1.),(1.,0.707106781186548,1.,0.707106781186548,1.,0.707106781186548,
1.,0.707106781186548,1.),(1.,0.707106781186548,1.,0.707106781186548,1.,
0.707106781186548,1.,0.707106781186548,1.),(1.,0.707106781186548,1.,0.707106781186548,
1.,0.707106781186548,1.,0.707106781186548,1.),(1.,0.707106781186548,1.,
0.707106781186548,1.,0.707106781186548,1.,0.707106781186548,1.),(1.,0.707106781186548,
1.,0.707106781186548,1.,0.707106781186548,1.,0.707106781186548,1.),(1.,
0.707106781186548,1.,0.707106781186548,1.,0.707106781186548,1.,0.707106781186548,
1.),(1.,0.707106781186548,1.,0.707106781186548,1.,0.707106781186548,1.,
0.707106781186548,1.),(1.,0.707106781186548,1.,0.707106781186548,1.,0.707106781186548,
1.,0.707106781186548,1.),(1.,0.707106781186548,1.,0.707106781186548,1.,
0.707106781186548,1.,0.707106781186548,1.),(1.,0.707106781186548,1.,0.707106781186548,
1.,0.707106781186548,1.,0.707106781186548,1.),(1.,0.707106781186548,1.,
0.707106781186548,1.,0.707106781186548,1.,0.707106781186548,1.),(1.,0.707106781186548,
1.,0.707106781186548,1.,0.707106781186548,1.,0.707106781186548,1.),(1.,
0.707106781186548,1.,0.707106781186548,1.,0.707106781186548,1.,0.707106781186548,
1.),(1.,0.707106781186548,1.,0.707106781186548,1.,0.707106781186548,1.,
0.707106781186548,1.),(1.,0.707106781186548,1.,0.707106781186548,1.,0.707106781186548,
1.,0.707106781186548,1.),(1.,0.707106781186548,1.,0.707106781186548,1.,
0.707106781186548,1.,0.707106781186548,1.),(1.,0.707106781186548,1.,0.707106781186548,
1.,0.707106781186548,1.,0.707106781186548,1.),(1.,0.707106781186548,1.,
0.707106781186548,1.,0.707106781186548,1.,0.707106781186548,1.),(1.,0.707106781186548,
1.,0.707106781186548,1.,0.707106781186548,1.,0.707106781186548,1.),(1.,
0.707106781186548,1.,0.707106781186548,1.,0.707106781186548,1.,0.707106781186548,
1.),(1.,0.707106781186548,1.,0.707106781186548,1.,0.707106781186548,1.,
0.707106781186548,1.),(1.,0.707106781186548,1.,0.707106781186548,1.,0.707106781186548,
1.,0.707106781186548,1.),(1.,0.707106781186548,1.,0.707106781186548,1.,
0.707106781186548,1.,0.707106781186548,1.),(1.,0.707106781186548,1.,0.707106781186548,
1.,0.707106781186548,1.,0.707106781186548,1.),(1.,0.707106781186548,1.,
0.707106781186548,1.,0.707106781186548,1.,0.707106781186548,1.),(1.,0.707106781186548,
1.,0.707106781186548,1.,0.707106781186548,1.,0.707106781186548,1.),(1.,
0.707106781186548,1.,0.707106781186548,1.,0.707106781186548,1.,0.707106781186548,
1.),(1.,0.707106781186548,1.,0.707106781186548,1.,0.707106781186548,1.,
0.707106781186548,1.),(1.,0.707106781186548,1.,0.707106781186548,1.,0.707106781186548,
1.,0.707106781186548,1.),(1.,0.707106781186548,1.,0.707106781186548,1.,
0.707106781186548,1.,0.707106781186548,1.),(1.,0.707106781186548,1.,0.707106781186548,
1.,0.707106781186548,1.,0.707106781186548,1.),(1.,0.707106781186548,1.,
0.707106781186548,1.,0.707106781186548,1.,0.707106781186548,1.),(1.,0.707106781186548,
1.,0.707106781186548,1.,0.707106781186548,1.,0.707106781186548,1.),(1.,
0.707106781186548,1.,0.707106781186548,1.,0.707106781186548,1.,0.707106781186548,
1.),(1.,0.707106781186548,1.,0.707106781186548,1.,0.707106781186548,1.,
0.707106781186548,1.),(1.,0.707106781186548,1.,0.707106781186548,1.,0.707106781186548,
1.,0.707106781186548,1.),(1.,0.707106781186548,1.,0.707106781186548,1.,
0.707106781186548,1.,0.707106781186548,1.),(1.,0.707106781186548,1.,0.707106781186548,
1.,0.707106781186548,1.,0.707106781186548,1.),(1.,0.707106781186548,1.,
0.707106781186548,1.,0.707106781186548,1.,0.707106781186548,1.),(1.,0.707106781186548,
1.,0.707106781186548,1.,0.707106781186548,1.,0.707106781186548,1.),(1.,
0.707106781186548,1.,0.707106781186548,1.,0.707106781186548,1.,0.707106781186548,
1.),(1.,0.707106781186548,1.,0.707106781186548,1.,0.707106781186548,1.,
0.707106781186548,1.),(1.,0.707106781186548,1.,0.707106781186548,1.,0.707106781186548,
1.,0.707106781186548,1.),(1.,0.707106781186548,1.,0.707106781186548,1.,
0.707106781186548,1.,0.707106781186548,1.),(1.,0.707106781186548,1.,0.707106781186548,
1.,0.707106781186548,1.,0.707106781186548,1.),(1.,0.707106781186548,1.,
0.707106781186548,1.,0.707106781186548,1.,0.707106781186548,1.),(1.,0.707106781186548,
1.,0.707106781186548,1.,0.707106781186548,1.,0.707106781186548,1.),(1.,
0.707106781186548,1.,0.707106781186548,1.,0.707106781186548,1.,0.707106781186548,
1.),(1.,0.707106781186548,1.,0.707106781186548,1.,0.707106781186548,1.,
0.707106781186548,1.),(1.,0.707106781186548,1.,0.707106781186548,1.,0.707106781186548,
1.,0.707106781186548,1.),(1.,0.707106781186548,1.,0.707106781186548,1.,
0.707106781186548,1.,0.707106781186548,1.),(1.,0.707106781186548,1.,0.707106781186548,
1.,0.707106781186548,1.,0.707106781186548,1.),(1.,0.707106781186548,1.,
0.707106781186548,1.,0.707106781186548,1.,0.707106781186548,1.),(1.,0.707106781186548,
1.,0.707106781186548,1.,0.707106781186548,1.,0.707106781186548,1.),(1.,
0.707106781186548,1.,0.707106781186548,1.,0.707106781186548,1.,0.707106781186548,
1.),(1.,0.707106781186548,1.,0.707106781186548,1.,0.707106781186548,1.,
0.707106781186548,1.),(1.,0.707106781186548,1.,0.707106781186548,1.,0.707106781186548,
1.,0.707106781186548,1.),(1.,0.707106781186548,1.,0.707106781186548,1.,
0.707106781186548,1.,0.707106781186548,1.),(1.,0.707106781186548,1.,0.707106781186548,
1.,0.707106781186548,1.,0.707106781186548,1.),(1.,0.707106781186548,1.,
0.707106781186548,1.,0.707106781186548,1.,0.707106781186548,1.),(1.,0.707106781186548,
1.,0.707106781186548,1.,0.707106781186548,1.,0.707106781186548,1.),(1.,
0.707106781186548,1.,0.707106781186548,1.,0.707106781186548,1.,0.707106781186548,
1.),(1.,0.707106781186548,1.,0.707106781186548,1.,0.707106781186548,1.,
0.707106781186548,1.),(1.,0.707106781186548,1.,0.707106781186548,1.,0.707106781186548,
1.,0.707106781186548,1.),(1.,0.707106781186548,1.,0.707106781186548,1.,
0.707106781186548,1.,0.707106781186548,1.),(1.,0.707106781186548,1.,0.707106781186548,
1.,0.707106781186548,1.,0.707106781186548,1.),(1.,0.707106781186548,1.,
0.707106781186548,1.,0.707106781186548,1.,0.707106781186548,1.),(1.,0.707106781186548,
1.,0.707106781186548,1.,0.707106781186548,1.,0.707106781186548,1.)))
REPRESENTATION_ITEM('')
SURFACE()
);
#27=LINE('',#559,#35);
#28=LINE('',#691,#36);
#29=LINE('',#695,#37);
#30=LINE('',#720,#38);
#31=LINE('',#758,#39);
#32=LINE('',#1508,#40);
#33=LINE('',#1512,#41);
#34=LINE('',#1516,#42);
#35=VECTOR('',#444,45.7);
#36=VECTOR('',#461,12.7499999999999);
#37=VECTOR('',#466,13.9999999999999);
#38=VECTOR('',#501,43.7);
#39=VECTOR('',#514,34.6008034327995);
#40=VECTOR('',#525,9.65570015139751);
#41=VECTOR('',#530,10.9057001513975);
#42=VECTOR('',#535,11.9999999999999);
#43=CYLINDRICAL_SURFACE('',#373,45.7);
#44=CYLINDRICAL_SURFACE('',#383,13.9999999999999);
#45=CYLINDRICAL_SURFACE('',#400,43.7);
#46=CYLINDRICAL_SURFACE('',#415,11.9999999999999);
#47=FACE_BOUND('',#80,.T.);
#48=FACE_BOUND('',#92,.T.);
#49=TOROIDAL_SURFACE('',#364,25.,20.);
#50=TOROIDAL_SURFACE('',#369,40.7,4.99999999999999);
#51=TOROIDAL_SURFACE('',#388,5.,2.);
#52=TOROIDAL_SURFACE('',#391,25.,18.);
#53=TOROIDAL_SURFACE('',#396,40.7,3.);
#54=FACE_OUTER_BOUND('',#77,.T.);
#55=FACE_OUTER_BOUND('',#78,.T.);
#56=FACE_OUTER_BOUND('',#79,.T.);
#57=FACE_OUTER_BOUND('',#81,.T.);
#58=FACE_OUTER_BOUND('',#82,.T.);
#59=FACE_OUTER_BOUND('',#83,.T.);
#60=FACE_OUTER_BOUND('',#84,.T.);
#61=FACE_OUTER_BOUND('',#85,.T.);
#62=FACE_OUTER_BOUND('',#86,.T.);
#63=FACE_OUTER_BOUND('',#87,.T.);
#64=FACE_OUTER_BOUND('',#88,.T.);
#65=FACE_OUTER_BOUND('',#89,.T.);
#66=FACE_OUTER_BOUND('',#90,.T.);
#67=FACE_OUTER_BOUND('',#91,.T.);
#68=FACE_OUTER_BOUND('',#93,.T.);
#69=FACE_OUTER_BOUND('',#94,.T.);
#70=FACE_OUTER_BOUND('',#95,.T.);
#71=FACE_OUTER_BOUND('',#96,.T.);
#72=FACE_OUTER_BOUND('',#97,.T.);
#73=FACE_OUTER_BOUND('',#98,.T.);
#74=FACE_OUTER_BOUND('',#99,.T.);
#75=FACE_OUTER_BOUND('',#100,.T.);
#76=FACE_OUTER_BOUND('',#101,.T.);
#77=EDGE_LOOP('',(#216));
#78=EDGE_LOOP('',(#217,#218,#219,#220));
#79=EDGE_LOOP('',(#221));
#80=EDGE_LOOP('',(#222));
#81=EDGE_LOOP('',(#223,#224,#225,#226,#227));
#82=EDGE_LOOP('',(#228,#229,#230,#231,#232,#233));
#83=EDGE_LOOP('',(#234,#235,#236,#237,#238,#239));
#84=EDGE_LOOP('',(#240,#241,#242,#243,#244,#245));
#85=EDGE_LOOP('',(#246,#247,#248,#249,#250));
#86=EDGE_LOOP('',(#251,#252,#253,#254));
#87=EDGE_LOOP('',(#255));
#88=EDGE_LOOP('',(#256));
#89=EDGE_LOOP('',(#257,#258,#259,#260));
#90=EDGE_LOOP('',(#261,#262,#263,#264));
#91=EDGE_LOOP('',(#265));
#92=EDGE_LOOP('',(#266));
#93=EDGE_LOOP('',(#267,#268,#269,#270,#271));
#94=EDGE_LOOP('',(#272,#273,#274,#275,#276,#277));
#95=EDGE_LOOP('',(#278,#279,#280,#281,#282,#283));
#96=EDGE_LOOP('',(#284,#285,#286,#287,#288,#289));
#97=EDGE_LOOP('',(#290,#291,#292,#293,#294,#295));
#98=EDGE_LOOP('',(#296,#297,#298,#299,#300));
#99=EDGE_LOOP('',(#301,#302,#303,#304));
#100=EDGE_LOOP('',(#305,#306,#307,#308));
#101=EDGE_LOOP('',(#309));
#102=CIRCLE('',#363,5.);
#103=CIRCLE('',#365,20.);
#104=CIRCLE('',#366,25.);
#105=CIRCLE('',#368,40.7);
#106=CIRCLE('',#370,4.99999999999999);
#107=CIRCLE('',#371,45.7);
#108=CIRCLE('',#372,45.7);
#109=CIRCLE('',#374,45.6999999999999);
#110=CIRCLE('',#375,45.6999999999999);
#111=CIRCLE('',#376,157.263043478261);
#112=CIRCLE('',#377,36.5);
#113=CIRCLE('',#378,36.5);
#114=CIRCLE('',#379,11.4999999999999);
#115=CIRCLE('',#380,11.4999999999999);
#116=CIRCLE('',#382,13.9999999999999);
#117=CIRCLE('',#384,13.9999999999999);
#118=CIRCLE('',#387,5.);
#119=CIRCLE('',#389,7.);
#120=CIRCLE('',#390,2.);
#121=CIRCLE('',#392,18.);
#122=CIRCLE('',#393,25.);
#123=CIRCLE('',#395,40.7);
#124=CIRCLE('',#397,3.);
#125=CIRCLE('',#398,43.7);
#126=CIRCLE('',#399,43.7);
#127=CIRCLE('',#401,43.7);
#128=CIRCLE('',#402,43.7);
#129=CIRCLE('',#403,155.263043478261);
#130=CIRCLE('',#404,34.6170014238122);
#131=CIRCLE('',#405,34.6170014238122);
#132=CIRCLE('',#407,34.5846054417868);
#133=CIRCLE('',#408,34.5846054417868);
#134=CIRCLE('',#409,9.49999999999986);
#135=CIRCLE('',#410,9.49999999999986);
#136=CIRCLE('',#412,9.81140030279515);
#137=CIRCLE('',#414,11.9999999999999);
#138=CIRCLE('',#416,11.9999999999999);
#139=VERTEX_POINT('',#542);
#140=VERTEX_POINT('',#545);
#141=VERTEX_POINT('',#549);
#142=VERTEX_POINT('',#552);
#143=VERTEX_POINT('',#554);
#144=VERTEX_POINT('',#558);
#145=VERTEX_POINT('',#560);
#146=VERTEX_POINT('',#590);
#147=VERTEX_POINT('',#592);
#148=VERTEX_POINT('',#676);
#149=VERTEX_POINT('',#686);
#150=VERTEX_POINT('',#690);
#151=VERTEX_POINT('',#694);
#152=VERTEX_POINT('',#699);
#153=VERTEX_POINT('',#702);
#154=VERTEX_POINT('',#706);
#155=VERTEX_POINT('',#710);
#156=VERTEX_POINT('',#713);
#157=VERTEX_POINT('',#715);
#158=VERTEX_POINT('',#719);
#159=VERTEX_POINT('',#721);
#160=VERTEX_POINT('',#751);
#161=VERTEX_POINT('',#753);
#162=VERTEX_POINT('',#757);
#163=VERTEX_POINT('',#759);
#164=VERTEX_POINT('',#1428);
#165=VERTEX_POINT('',#1503);
#166=VERTEX_POINT('',#1507);
#167=VERTEX_POINT('',#1511);
#168=VERTEX_POINT('',#1515);
#169=EDGE_CURVE('',#139,#139,#102,.T.);
#170=EDGE_CURVE('',#139,#140,#103,.T.);
#171=EDGE_CURVE('',#140,#140,#104,.T.);
#172=EDGE_CURVE('',#141,#141,#105,.T.);
#173=EDGE_CURVE('',#141,#142,#106,.T.);
#174=EDGE_CURVE('',#142,#143,#107,.T.);
#175=EDGE_CURVE('',#143,#142,#108,.T.);
#176=EDGE_CURVE('',#143,#144,#27,.T.);
#177=EDGE_CURVE('',#144,#145,#109,.T.);
#178=EDGE_CURVE('',#145,#144,#110,.T.);
#179=EDGE_CURVE('',#145,#146,#111,.T.);
#180=EDGE_CURVE('',#146,#147,#112,.T.);
#181=EDGE_CURVE('',#147,#146,#113,.T.);
#182=EDGE_CURVE('',#148,#147,#21,.T.);
#183=EDGE_CURVE('',#148,#149,#114,.T.);
#184=EDGE_CURVE('',#149,#148,#115,.T.);
#185=EDGE_CURVE('',#149,#150,#28,.T.);
#186=EDGE_CURVE('',#150,#150,#116,.T.);
#187=EDGE_CURVE('',#150,#151,#29,.T.);
#188=EDGE_CURVE('',#151,#151,#117,.T.);
#189=EDGE_CURVE('',#152,#152,#118,.T.);
#190=EDGE_CURVE('',#153,#153,#119,.T.);
#191=EDGE_CURVE('',#153,#152,#120,.T.);
#192=EDGE_CURVE('',#153,#154,#121,.T.);
#193=EDGE_CURVE('',#154,#154,#122,.T.);
#194=EDGE_CURVE('',#155,#155,#123,.T.);
#195=EDGE_CURVE('',#155,#156,#124,.T.);
#196=EDGE_CURVE('',#157,#156,#125,.T.);
#197=EDGE_CURVE('',#156,#157,#126,.T.);
#198=EDGE_CURVE('',#157,#158,#30,.T.);
#199=EDGE_CURVE('',#159,#158,#127,.T.);
#200=EDGE_CURVE('',#158,#159,#128,.T.);
#201=EDGE_CURVE('',#159,#160,#129,.T.);
#202=EDGE_CURVE('',#161,#160,#130,.T.);
#203=EDGE_CURVE('',#160,#161,#131,.T.);
#204=EDGE_CURVE('',#161,#162,#31,.T.);
#205=EDGE_CURVE('',#163,#162,#132,.T.);
#206=EDGE_CURVE('',#162,#163,#133,.T.);
#207=EDGE_CURVE('',#163,#164,#22,.T.);
#208=EDGE_CURVE('',#165,#164,#134,.T.);
#209=EDGE_CURVE('',#164,#165,#135,.T.);
#210=EDGE_CURVE('',#165,#166,#32,.T.);
#211=EDGE_CURVE('',#166,#166,#136,.T.);
#212=EDGE_CURVE('',#166,#167,#33,.T.);
#213=EDGE_CURVE('',#167,#167,#137,.T.);
#214=EDGE_CURVE('',#167,#168,#34,.T.);
#215=EDGE_CURVE('',#168,#168,#138,.T.);
#216=ORIENTED_EDGE('',*,*,#169,.T.);
#217=ORIENTED_EDGE('',*,*,#169,.F.);
#218=ORIENTED_EDGE('',*,*,#170,.T.);
#219=ORIENTED_EDGE('',*,*,#171,.T.);
#220=ORIENTED_EDGE('',*,*,#170,.F.);
#221=ORIENTED_EDGE('',*,*,#172,.T.);
#222=ORIENTED_EDGE('',*,*,#171,.F.);
#223=ORIENTED_EDGE('',*,*,#172,.F.);
#224=ORIENTED_EDGE('',*,*,#173,.T.);
#225=ORIENTED_EDGE('',*,*,#174,.T.);
#226=ORIENTED_EDGE('',*,*,#175,.T.);
#227=ORIENTED_EDGE('',*,*,#173,.F.);
#228=ORIENTED_EDGE('',*,*,#174,.F.);
#229=ORIENTED_EDGE('',*,*,#175,.F.);
#230=ORIENTED_EDGE('',*,*,#176,.T.);
#231=ORIENTED_EDGE('',*,*,#177,.T.);
#232=ORIENTED_EDGE('',*,*,#178,.T.);
#233=ORIENTED_EDGE('',*,*,#176,.F.);
#234=ORIENTED_EDGE('',*,*,#178,.F.);
#235=ORIENTED_EDGE('',*,*,#179,.T.);
#236=ORIENTED_EDGE('',*,*,#180,.T.);
#237=ORIENTED_EDGE('',*,*,#181,.T.);
#238=ORIENTED_EDGE('',*,*,#179,.F.);
#239=ORIENTED_EDGE('',*,*,#177,.F.);
#240=ORIENTED_EDGE('',*,*,#182,.F.);
#241=ORIENTED_EDGE('',*,*,#183,.T.);
#242=ORIENTED_EDGE('',*,*,#184,.T.);
#243=ORIENTED_EDGE('',*,*,#182,.T.);
#244=ORIENTED_EDGE('',*,*,#180,.F.);
#245=ORIENTED_EDGE('',*,*,#181,.F.);
#246=ORIENTED_EDGE('',*,*,#183,.F.);
#247=ORIENTED_EDGE('',*,*,#184,.F.);
#248=ORIENTED_EDGE('',*,*,#185,.T.);
#249=ORIENTED_EDGE('',*,*,#186,.T.);
#250=ORIENTED_EDGE('',*,*,#185,.F.);
#251=ORIENTED_EDGE('',*,*,#186,.F.);
#252=ORIENTED_EDGE('',*,*,#187,.T.);
#253=ORIENTED_EDGE('',*,*,#188,.T.);
#254=ORIENTED_EDGE('',*,*,#187,.F.);
#255=ORIENTED_EDGE('',*,*,#188,.F.);
#256=ORIENTED_EDGE('',*,*,#189,.F.);
#257=ORIENTED_EDGE('',*,*,#190,.F.);
#258=ORIENTED_EDGE('',*,*,#191,.T.);
#259=ORIENTED_EDGE('',*,*,#189,.T.);
#260=ORIENTED_EDGE('',*,*,#191,.F.);
#261=ORIENTED_EDGE('',*,*,#190,.T.);
#262=ORIENTED_EDGE('',*,*,#192,.T.);
#263=ORIENTED_EDGE('',*,*,#193,.F.);
#264=ORIENTED_EDGE('',*,*,#192,.F.);
#265=ORIENTED_EDGE('',*,*,#194,.F.);
#266=ORIENTED_EDGE('',*,*,#193,.T.);
#267=ORIENTED_EDGE('',*,*,#194,.T.);
#268=ORIENTED_EDGE('',*,*,#195,.T.);
#269=ORIENTED_EDGE('',*,*,#196,.F.);
#270=ORIENTED_EDGE('',*,*,#197,.F.);
#271=ORIENTED_EDGE('',*,*,#195,.F.);
#272=ORIENTED_EDGE('',*,*,#197,.T.);
#273=ORIENTED_EDGE('',*,*,#198,.T.);
#274=ORIENTED_EDGE('',*,*,#199,.F.);
#275=ORIENTED_EDGE('',*,*,#200,.F.);
#276=ORIENTED_EDGE('',*,*,#198,.F.);
#277=ORIENTED_EDGE('',*,*,#196,.T.);
#278=ORIENTED_EDGE('',*,*,#199,.T.);
#279=ORIENTED_EDGE('',*,*,#200,.T.);
#280=ORIENTED_EDGE('',*,*,#201,.T.);
#281=ORIENTED_EDGE('',*,*,#202,.F.);
#282=ORIENTED_EDGE('',*,*,#203,.F.);
#283=ORIENTED_EDGE('',*,*,#201,.F.);
#284=ORIENTED_EDGE('',*,*,#203,.T.);
#285=ORIENTED_EDGE('',*,*,#204,.T.);
#286=ORIENTED_EDGE('',*,*,#205,.F.);
#287=ORIENTED_EDGE('',*,*,#206,.F.);
#288=ORIENTED_EDGE('',*,*,#204,.F.);
#289=ORIENTED_EDGE('',*,*,#202,.T.);
#290=ORIENTED_EDGE('',*,*,#207,.F.);
#291=ORIENTED_EDGE('',*,*,#205,.T.);
#292=ORIENTED_EDGE('',*,*,#206,.T.);
#293=ORIENTED_EDGE('',*,*,#207,.T.);
#294=ORIENTED_EDGE('',*,*,#208,.F.);
#295=ORIENTED_EDGE('',*,*,#209,.F.);
#296=ORIENTED_EDGE('',*,*,#209,.T.);
#297=ORIENTED_EDGE('',*,*,#210,.T.);
#298=ORIENTED_EDGE('',*,*,#211,.F.);
#299=ORIENTED_EDGE('',*,*,#210,.F.);
#300=ORIENTED_EDGE('',*,*,#208,.T.);
#301=ORIENTED_EDGE('',*,*,#211,.T.);
#302=ORIENTED_EDGE('',*,*,#212,.T.);
#303=ORIENTED_EDGE('',*,*,#213,.F.);
#304=ORIENTED_EDGE('',*,*,#212,.F.);
#305=ORIENTED_EDGE('',*,*,#213,.T.);
#306=ORIENTED_EDGE('',*,*,#214,.T.);
#307=ORIENTED_EDGE('',*,*,#215,.F.);
#308=ORIENTED_EDGE('',*,*,#214,.F.);
#309=ORIENTED_EDGE('',*,*,#215,.T.);
#310=PLANE('',#362);
#311=PLANE('',#367);
#312=PLANE('',#386);
#313=PLANE('',#394);
#314=ADVANCED_FACE('',(#54),#310,.T.);
#315=ADVANCED_FACE('',(#55),#49,.T.);
#316=ADVANCED_FACE('',(#56,#47),#311,.T.);
#317=ADVANCED_FACE('',(#57),#50,.T.);
#318=ADVANCED_FACE('',(#58),#43,.T.);
#319=ADVANCED_FACE('',(#59),#23,.F.);
#320=ADVANCED_FACE('',(#60),#24,.T.);
#321=ADVANCED_FACE('',(#61),#17,.T.);
#322=ADVANCED_FACE('',(#62),#44,.T.);
#323=ADVANCED_FACE('',(#63),#15,.T.);
#324=ADVANCED_FACE('',(#64),#312,.T.);
#325=ADVANCED_FACE('',(#65),#51,.T.);
#326=ADVANCED_FACE('',(#66),#52,.F.);
#327=ADVANCED_FACE('',(#67,#48),#313,.T.);
#328=ADVANCED_FACE('',(#68),#53,.F.);
#329=ADVANCED_FACE('',(#69),#45,.F.);
#330=ADVANCED_FACE('',(#70),#25,.T.);
#331=ADVANCED_FACE('',(#71),#18,.F.);
#332=ADVANCED_FACE('',(#72),#26,.T.);
#333=ADVANCED_FACE('',(#73),#19,.F.);
#334=ADVANCED_FACE('',(#74),#20,.F.);
#335=ADVANCED_FACE('',(#75),#46,.F.);
#336=ADVANCED_FACE('',(#76),#16,.F.);
#337=CLOSED_SHELL('',(#314,#315,#316,#317,#318,#319,#320,#321,#322,#323));
#338=CLOSED_SHELL('',(#324,#325,#326,#327,#328,#329,#330,#331,#332,#333,
#334,#335,#336));
#339=BREP_WITH_VOIDS('Solide1',#337,(#14));
#340=DERIVED_UNIT_ELEMENT(#343,1.);
#341=DERIVED_UNIT_ELEMENT(#1524,-3.);
#342=DIMENSIONAL_EXPONENTS(0.,1.,0.,0.,0.,0.,0.);
#343=(
CONVERSION_BASED_UNIT('gram',#345)
MASS_UNIT()
NAMED_UNIT(#342)
);
#344=(
MASS_UNIT()
NAMED_UNIT(*)
SI_UNIT(.KILO.,.GRAM.)
);
#345=MASS_MEASURE_WITH_UNIT(MASS_MEASURE(0.001),#344);
#346=DERIVED_UNIT((#340,#341));
#347=MEASURE_REPRESENTATION_ITEM('density measure',
POSITIVE_RATIO_MEASURE(2.18),#346);
#348=PROPERTY_DEFINITION_REPRESENTATION(#353,#350);
#349=PROPERTY_DEFINITION_REPRESENTATION(#354,#351);
#350=REPRESENTATION('material name',(#352),#1521);
#351=REPRESENTATION('density',(#347),#1521);
#352=DESCRIPTIVE_REPRESENTATION_ITEM(
'\X2\042104420435043A043B043E\X0\, \X2\043B04380442043E0435\X0\, \X2\044104350440043E0435\X0\',
'\X2\042104420435043A043B043E\X0\, \X2\043B04380442043E0435\X0\, \X2\044104350440043E0435\X0\');
#353=PROPERTY_DEFINITION('material property','material name',#1531);
#354=PROPERTY_DEFINITION('material property','density of part',#1531);
#355=DATE_TIME_ROLE('creation_date');
#356=APPLIED_DATE_AND_TIME_ASSIGNMENT(#357,#355,(#1531));
#357=DATE_AND_TIME(#358,#359);
#358=CALENDAR_DATE(2020,3,12);
#359=LOCAL_TIME(0,0,0.,#360);
#360=COORDINATED_UNIVERSAL_TIME_OFFSET(0,0,.BEHIND.);
#361=AXIS2_PLACEMENT_3D('',#540,#418,#419);
#362=AXIS2_PLACEMENT_3D('',#541,#420,#421);
#363=AXIS2_PLACEMENT_3D('',#543,#422,#423);
#364=AXIS2_PLACEMENT_3D('',#544,#424,#425);
#365=AXIS2_PLACEMENT_3D('',#546,#426,#427);
#366=AXIS2_PLACEMENT_3D('',#547,#428,#429);
#367=AXIS2_PLACEMENT_3D('',#548,#430,#431);
#368=AXIS2_PLACEMENT_3D('',#550,#432,#433);
#369=AXIS2_PLACEMENT_3D('',#551,#434,#435);
#370=AXIS2_PLACEMENT_3D('',#553,#436,#437);
#371=AXIS2_PLACEMENT_3D('',#555,#438,#439);
#372=AXIS2_PLACEMENT_3D('',#556,#440,#441);
#373=AXIS2_PLACEMENT_3D('',#557,#442,#443);
#374=AXIS2_PLACEMENT_3D('',#561,#445,#446);
#375=AXIS2_PLACEMENT_3D('',#562,#447,#448);
#376=AXIS2_PLACEMENT_3D('',#591,#449,#450);
#377=AXIS2_PLACEMENT_3D('',#593,#451,#452);
#378=AXIS2_PLACEMENT_3D('',#594,#453,#454);
#379=AXIS2_PLACEMENT_3D('',#687,#455,#456);
#380=AXIS2_PLACEMENT_3D('',#688,#457,#458);
#381=AXIS2_PLACEMENT_3D('',#689,#459,#460);
#382=AXIS2_PLACEMENT_3D('',#692,#462,#463);
#383=AXIS2_PLACEMENT_3D('',#693,#464,#465);
#384=AXIS2_PLACEMENT_3D('',#696,#467,#468);
#385=AXIS2_PLACEMENT_3D('',#697,#469,#470);
#386=AXIS2_PLACEMENT_3D('',#698,#471,#472);
#387=AXIS2_PLACEMENT_3D('',#700,#473,#474);
#388=AXIS2_PLACEMENT_3D('',#701,#475,#476);
#389=AXIS2_PLACEMENT_3D('',#703,#477,#478);
#390=AXIS2_PLACEMENT_3D('',#704,#479,#480);
#391=AXIS2_PLACEMENT_3D('',#705,#481,#482);
#392=AXIS2_PLACEMENT_3D('',#707,#483,#484);
#393=AXIS2_PLACEMENT_3D('',#708,#485,#486);
#394=AXIS2_PLACEMENT_3D('',#709,#487,#488);
#395=AXIS2_PLACEMENT_3D('',#711,#489,#490);
#396=AXIS2_PLACEMENT_3D('',#712,#491,#492);
#397=AXIS2_PLACEMENT_3D('',#714,#493,#494);
#398=AXIS2_PLACEMENT_3D('',#716,#495,#496);
#399=AXIS2_PLACEMENT_3D('',#717,#497,#498);
#400=AXIS2_PLACEMENT_3D('',#718,#499,#500);
#401=AXIS2_PLACEMENT_3D('',#722,#502,#503);
#402=AXIS2_PLACEMENT_3D('',#723,#504,#505);
#403=AXIS2_PLACEMENT_3D('',#752,#506,#507);
#404=AXIS2_PLACEMENT_3D('',#754,#508,#509);
#405=AXIS2_PLACEMENT_3D('',#755,#510,#511);
#406=AXIS2_PLACEMENT_3D('',#756,#512,#513);
#407=AXIS2_PLACEMENT_3D('',#760,#515,#516);
#408=AXIS2_PLACEMENT_3D('',#761,#517,#518);
#409=AXIS2_PLACEMENT_3D('',#1504,#519,#520);
#410=AXIS2_PLACEMENT_3D('',#1505,#521,#522);
#411=AXIS2_PLACEMENT_3D('',#1506,#523,#524);
#412=AXIS2_PLACEMENT_3D('',#1509,#526,#527);
#413=AXIS2_PLACEMENT_3D('',#1510,#528,#529);
#414=AXIS2_PLACEMENT_3D('',#1513,#531,#532);
#415=AXIS2_PLACEMENT_3D('',#1514,#533,#534);
#416=AXIS2_PLACEMENT_3D('',#1517,#536,#537);
#417=AXIS2_PLACEMENT_3D('',#1518,#538,#539);
#418=DIRECTION('axis',(0.,0.,1.));
#419=DIRECTION('refdir',(1.,0.,0.));
#420=DIRECTION('center_axis',(5.12804464184695E-16,-1.,0.));
#421=DIRECTION('ref_axis',(0.,0.,-1.));
#422=DIRECTION('center_axis',(5.12804464184695E-16,-1.,0.));
#423=DIRECTION('ref_axis',(1.,5.12804464184695E-16,0.));
#424=DIRECTION('center_axis',(5.12804464184695E-16,-1.,0.));
#425=DIRECTION('ref_axis',(0.,0.,-1.));
#426=DIRECTION('center_axis',(-1.,-5.12804464184695E-16,-1.22464679914735E-16));
#427=DIRECTION('ref_axis',(-1.22464679914735E-16,0.,1.));
#428=DIRECTION('center_axis',(5.12804464184695E-16,-1.,0.));
#429=DIRECTION('ref_axis',(1.,5.12804464184695E-16,0.));
#430=DIRECTION('center_axis',(5.12804464184695E-16,-1.,0.));
#431=DIRECTION('ref_axis',(0.,0.,-1.));
#432=DIRECTION('center_axis',(5.12804464184695E-16,-1.,0.));
#433=DIRECTION('ref_axis',(1.,5.12804464184695E-16,0.));
#434=DIRECTION('center_axis',(5.12804464184695E-16,-1.,0.));
#435=DIRECTION('ref_axis',(0.,0.,-1.));
#436=DIRECTION('center_axis',(-1.,-5.12804464184695E-16,-1.22464679914735E-16));
#437=DIRECTION('ref_axis',(-1.22464679914735E-16,0.,1.));
#438=DIRECTION('center_axis',(5.12804464184695E-16,-1.,0.));
#439=DIRECTION('ref_axis',(1.,5.12804464184695E-16,0.));
#440=DIRECTION('center_axis',(5.12804464184695E-16,-1.,0.));
#441=DIRECTION('ref_axis',(1.,5.12804464184695E-16,0.));
#442=DIRECTION('center_axis',(5.12804464184695E-16,-1.,0.));
#443=DIRECTION('ref_axis',(-1.,0.,0.));
#444=DIRECTION('',(-5.12804464184695E-16,1.,0.));
#445=DIRECTION('center_axis',(5.12804464184695E-16,-1.,0.));
#446=DIRECTION('ref_axis',(1.,5.12804464184695E-16,0.));
#447=DIRECTION('center_axis',(5.12804464184695E-16,-1.,0.));
#448=DIRECTION('ref_axis',(1.,5.12804464184695E-16,0.));
#449=DIRECTION('center_axis',(-1.,-5.12804464184695E-16,-1.22464679914735E-16));
#450=DIRECTION('ref_axis',(-1.22464679914735E-16,0.,1.));
#451=DIRECTION('center_axis',(5.12804464184695E-16,-1.,0.));
#452=DIRECTION('ref_axis',(1.,5.12804464184695E-16,0.));
#453=DIRECTION('center_axis',(5.12804464184695E-16,-1.,0.));
#454=DIRECTION('ref_axis',(1.,5.12804464184695E-16,0.));
#455=DIRECTION('center_axis',(5.12804464184695E-16,-1.,0.));
#456=DIRECTION('ref_axis',(1.,5.12804464184695E-16,0.));
#457=DIRECTION('center_axis',(5.12804464184695E-16,-1.,0.));
#458=DIRECTION('ref_axis',(1.,5.12804464184695E-16,0.));
#459=DIRECTION('center_axis',(-5.12804464184695E-16,1.,0.));
#460=DIRECTION('ref_axis',(-1.,0.,0.));
#461=DIRECTION('',(0.535871034531621,0.844299848602385,6.5625274719493E-17));
#462=DIRECTION('center_axis',(5.12804464184695E-16,-1.,0.));
#463=DIRECTION('ref_axis',(1.,5.12804464184695E-16,0.));
#464=DIRECTION('center_axis',(5.12804464184695E-16,-1.,0.));
#465=DIRECTION('ref_axis',(-1.,0.,0.));
#466=DIRECTION('',(-5.12804464184695E-16,1.,0.));
#467=DIRECTION('center_axis',(5.12804464184695E-16,-1.,0.));
#468=DIRECTION('ref_axis',(1.,5.12804464184695E-16,0.));
#469=DIRECTION('center_axis',(6.12323399573678E-17,0.,1.));
#470=DIRECTION('ref_axis',(1.,0.,0.));
#471=DIRECTION('center_axis',(-5.12804464184695E-16,1.,0.));
#472=DIRECTION('ref_axis',(0.,0.,1.));
#473=DIRECTION('center_axis',(5.12804464184695E-16,-1.,0.));
#474=DIRECTION('ref_axis',(1.,5.12804464184695E-16,0.));
#475=DIRECTION('center_axis',(5.12804464184695E-16,-1.,0.));
#476=DIRECTION('ref_axis',(0.,0.,-1.));
#477=DIRECTION('center_axis',(5.12804464184695E-16,-1.,0.));
#478=DIRECTION('ref_axis',(1.,5.12804464184695E-16,0.));
#479=DIRECTION('center_axis',(-1.,-5.12804464184695E-16,-1.22464679914735E-16));
#480=DIRECTION('ref_axis',(-1.22464679914735E-16,0.,1.));
#481=DIRECTION('center_axis',(5.12804464184695E-16,-1.,0.));
#482=DIRECTION('ref_axis',(0.,0.,-1.));
#483=DIRECTION('center_axis',(-1.,-5.12804464184695E-16,-1.22464679914735E-16));
#484=DIRECTION('ref_axis',(-1.22464679914735E-16,0.,1.));
#485=DIRECTION('center_axis',(5.12804464184695E-16,-1.,0.));
#486=DIRECTION('ref_axis',(1.,5.12804464184695E-16,0.));
#487=DIRECTION('center_axis',(-5.12804464184695E-16,1.,0.));
#488=DIRECTION('ref_axis',(0.,0.,1.));
#489=DIRECTION('center_axis',(5.12804464184695E-16,-1.,0.));
#490=DIRECTION('ref_axis',(1.,5.12804464184695E-16,0.));
#491=DIRECTION('center_axis',(5.12804464184695E-16,-1.,0.));
#492=DIRECTION('ref_axis',(0.,0.,-1.));
#493=DIRECTION('center_axis',(-1.,-5.12804464184695E-16,-1.22464679914735E-16));
#494=DIRECTION('ref_axis',(-1.22464679914735E-16,0.,1.));
#495=DIRECTION('center_axis',(5.12804464184695E-16,-1.,0.));
#496=DIRECTION('ref_axis',(1.,5.12804464184695E-16,0.));
#497=DIRECTION('center_axis',(5.12804464184695E-16,-1.,0.));
#498=DIRECTION('ref_axis',(1.,5.12804464184695E-16,0.));
#499=DIRECTION('center_axis',(5.12804464184695E-16,-1.,0.));
#500=DIRECTION('ref_axis',(-1.,0.,0.));
#501=DIRECTION('',(-5.12804464184695E-16,1.,0.));
#502=DIRECTION('center_axis',(5.12804464184695E-16,-1.,0.));
#503=DIRECTION('ref_axis',(1.,5.12804464184695E-16,0.));
#504=DIRECTION('center_axis',(5.12804464184695E-16,-1.,0.));
#505=DIRECTION('ref_axis',(1.,5.12804464184695E-16,0.));
#506=DIRECTION('center_axis',(-1.,-5.12804464184695E-16,-1.22464679914735E-16));
#507=DIRECTION('ref_axis',(-1.22464679914735E-16,0.,1.));
#508=DIRECTION('center_axis',(5.12804464184695E-16,-1.,0.));
#509=DIRECTION('ref_axis',(1.,5.12804464184695E-16,0.));
#510=DIRECTION('center_axis',(5.12804464184695E-16,-1.,0.));
#511=DIRECTION('ref_axis',(1.,5.12804464184695E-16,0.));
#512=DIRECTION('center_axis',(5.12804464184695E-16,-1.,0.));
#513=DIRECTION('ref_axis',(-1.,0.,0.));
#514=DIRECTION('',(-0.34037064166619,0.940291351811632,-4.16833816840229E-17));
#515=DIRECTION('center_axis',(5.12804464184695E-16,-1.,0.));
#516=DIRECTION('ref_axis',(1.,5.12804464184695E-16,0.));
#517=DIRECTION('center_axis',(5.12804464184695E-16,-1.,0.));
#518=DIRECTION('ref_axis',(1.,5.12804464184695E-16,0.));
#519=DIRECTION('center_axis',(5.12804464184695E-16,-1.,0.));
#520=DIRECTION('ref_axis',(1.,5.12804464184695E-16,0.));
#521=DIRECTION('center_axis',(5.12804464184695E-16,-1.,0.));
#522=DIRECTION('ref_axis',(1.,5.12804464184695E-16,0.));
#523=DIRECTION('center_axis',(-5.12804464184695E-16,1.,0.));
#524=DIRECTION('ref_axis',(-1.,0.,0.));
#525=DIRECTION('',(0.305757839321547,0.952109312890815,3.74445359239344E-17));
#526=DIRECTION('center_axis',(5.12804464184695E-16,-1.,0.));
#527=DIRECTION('ref_axis',(1.,5.12804464184695E-16,0.));
#528=DIRECTION('center_axis',(-5.12804464184695E-16,1.,0.));
#529=DIRECTION('ref_axis',(-1.,0.,0.));
#530=DIRECTION('',(0.535871034531606,0.844299848602395,6.56252747194912E-17));
#531=DIRECTION('center_axis',(5.12804464184695E-16,-1.,0.));
#532=DIRECTION('ref_axis',(1.,5.12804464184695E-16,0.));
#533=DIRECTION('center_axis',(5.12804464184695E-16,-1.,0.));
#534=DIRECTION('ref_axis',(-1.,0.,0.));
#535=DIRECTION('',(-5.12804464184695E-16,1.,0.));
#536=DIRECTION('center_axis',(5.12804464184695E-16,-1.,0.));
#537=DIRECTION('ref_axis',(1.,5.12804464184695E-16,0.));
#538=DIRECTION('center_axis',(6.12323399573678E-17,0.,1.));
#539=DIRECTION('ref_axis',(1.,0.,0.));
#540=CARTESIAN_POINT('',(0.,0.,0.));
#541=CARTESIAN_POINT('Origin',(-9.99200722162641E-15,20.,0.));
#542=CARTESIAN_POINT('',(-1.08684126832676E-14,20.,5.));
#543=CARTESIAN_POINT('Origin',(-1.02560892836939E-14,20.,0.));
#544=CARTESIAN_POINT('Origin',(-1.02560892836939E-14,20.,0.));
#545=CARTESIAN_POINT('',(-3.06161699786837E-15,-1.77635683940025E-14,25.));
#546=CARTESIAN_POINT('Origin',(-1.33177062815623E-14,20.,25.));
#547=CARTESIAN_POINT('Origin',(7.88860905221012E-30,-1.77635683940025E-14,
0.));
#548=CARTESIAN_POINT('Origin',(-25.,-3.10862446895044E-14,0.));
#549=CARTESIAN_POINT('',(-4.98431247252972E-15,-2.66453525910038E-14,40.7));
#550=CARTESIAN_POINT('Origin',(1.38050658413677E-29,-2.66453525910038E-14,
0.));
#551=CARTESIAN_POINT('Origin',(-2.56402232092346E-15,4.99999999999997,0.));
#552=CARTESIAN_POINT('',(-8.16065819302687E-15,4.99999999999997,45.7));
#553=CARTESIAN_POINT('Origin',(-7.54833479345319E-15,4.99999999999997,40.7));
#554=CARTESIAN_POINT('',(45.7,4.99999999999996,5.5966358721034E-15));
#555=CARTESIAN_POINT('Origin',(-2.56402232092346E-15,4.99999999999997,0.));
#556=CARTESIAN_POINT('Origin',(-2.56402232092346E-15,4.99999999999997,0.));
#557=CARTESIAN_POINT('Origin',(-2.10249830315725E-14,41.,0.));
#558=CARTESIAN_POINT('',(45.6999999999999,77.,5.5966358721034E-15));
#559=CARTESIAN_POINT('',(45.7,41.,5.5966358721034E-15));
#560=CARTESIAN_POINT('',(-4.50825796143249E-14,77.,45.6999999999999));
#561=CARTESIAN_POINT('Origin',(-3.94859437422216E-14,77.,0.));
#562=CARTESIAN_POINT('Origin',(-3.94859437422216E-14,77.,0.));
#563=CARTESIAN_POINT('Ctrl Pts',(-6.66645803440104E-14,130.,36.5));
#564=CARTESIAN_POINT('Ctrl Pts',(-36.5,130.,36.5));
#565=CARTESIAN_POINT('Ctrl Pts',(-36.5,130.,-1.57772181044202E-29));
#566=CARTESIAN_POINT('Ctrl Pts',(-36.5,130.,-36.5));
#567=CARTESIAN_POINT('Ctrl Pts',(-6.66645803440104E-14,130.,-36.5));
#568=CARTESIAN_POINT('Ctrl Pts',(36.4999999999999,130.,-36.5));
#569=CARTESIAN_POINT('Ctrl Pts',(36.4999999999999,130.,1.57772181044202E-29));
#570=CARTESIAN_POINT('Ctrl Pts',(36.4999999999999,130.,36.5));
#571=CARTESIAN_POINT('Ctrl Pts',(-6.66645803440104E-14,130.,36.5));
#572=CARTESIAN_POINT('Ctrl Pts',(-5.34847315699895E-14,104.298490566038,
45.7));
#573=CARTESIAN_POINT('Ctrl Pts',(-45.7,104.298490566038,45.7));
#574=CARTESIAN_POINT('Ctrl Pts',(-45.7,104.298490566038,-1.57772181044202E-29));
#575=CARTESIAN_POINT('Ctrl Pts',(-45.7,104.298490566038,-45.7));
#576=CARTESIAN_POINT('Ctrl Pts',(-5.34847315699895E-14,104.298490566038,
-45.7));
#577=CARTESIAN_POINT('Ctrl Pts',(45.6999999999999,104.298490566038,-45.7));
#578=CARTESIAN_POINT('Ctrl Pts',(45.6999999999999,104.298490566038,1.57772181044202E-29));
#579=CARTESIAN_POINT('Ctrl Pts',(45.6999999999999,104.298490566038,45.7));
#580=CARTESIAN_POINT('Ctrl Pts',(-5.34847315699895E-14,104.298490566038,
45.7));
#581=CARTESIAN_POINT('Ctrl Pts',(-3.94859437422216E-14,77.,45.7));
#582=CARTESIAN_POINT('Ctrl Pts',(-45.7,77.,45.7));
#583=CARTESIAN_POINT('Ctrl Pts',(-45.7,77.,-7.88860905221012E-30));
#584=CARTESIAN_POINT('Ctrl Pts',(-45.7,77.,-45.7));
#585=CARTESIAN_POINT('Ctrl Pts',(-3.94859437422215E-14,77.,-45.7));
#586=CARTESIAN_POINT('Ctrl Pts',(45.6999999999999,77.,-45.7));
#587=CARTESIAN_POINT('Ctrl Pts',(45.6999999999999,77.,7.88860905221012E-30));
#588=CARTESIAN_POINT('Ctrl Pts',(45.6999999999999,77.,45.7));
#589=CARTESIAN_POINT('Ctrl Pts',(-3.94859437422216E-14,77.,45.7));
#590=CARTESIAN_POINT('',(-7.11345411608982E-14,130.,36.5));
#591=CARTESIAN_POINT('Origin',(-2.58234113323426E-14,76.9999999999999,-111.563043478261));
#592=CARTESIAN_POINT('',(-36.5000000000001,130.,0.));
#593=CARTESIAN_POINT('Origin',(-6.66645803440104E-14,130.,0.));
#594=CARTESIAN_POINT('Origin',(-6.66645803440104E-14,130.,0.));
#595=CARTESIAN_POINT('Ctrl Pts',(-36.5000000000001,130.,0.));
#596=CARTESIAN_POINT('Ctrl Pts',(-36.5,130.,-36.5));
#597=CARTESIAN_POINT('Ctrl Pts',(-6.66645803440104E-14,130.,-36.5));
#598=CARTESIAN_POINT('Ctrl Pts',(36.4999999999999,130.,-36.5));
#599=CARTESIAN_POINT('Ctrl Pts',(36.4999999999999,130.,0.));
#600=CARTESIAN_POINT('Ctrl Pts',(36.4999999999999,130.,36.5));
#601=CARTESIAN_POINT('Ctrl Pts',(-6.66645803440104E-14,130.,36.5));
#602=CARTESIAN_POINT('Ctrl Pts',(-36.5,130.,36.5));
#603=CARTESIAN_POINT('Ctrl Pts',(-36.5000000000001,130.,0.));
#604=CARTESIAN_POINT('Ctrl Pts',(-30.7016368529534,149.,0.));
#605=CARTESIAN_POINT('Ctrl Pts',(-30.7016368529534,149.,-30.7016368529533));
#606=CARTESIAN_POINT('Ctrl Pts',(-7.64078651635196E-14,149.,-30.7016368529533));
#607=CARTESIAN_POINT('Ctrl Pts',(30.7016368529533,149.,-30.7016368529533));
#608=CARTESIAN_POINT('Ctrl Pts',(30.7016368529533,149.,0.));
#609=CARTESIAN_POINT('Ctrl Pts',(30.7016368529533,149.,30.7016368529533));
#610=CARTESIAN_POINT('Ctrl Pts',(-7.64078651635196E-14,149.,30.7016368529533));
#611=CARTESIAN_POINT('Ctrl Pts',(-30.7016368529534,149.,30.7016368529533));
#612=CARTESIAN_POINT('Ctrl Pts',(-30.7016368529534,149.,0.));
#613=CARTESIAN_POINT('Ctrl Pts',(-26.7397340878594,162.278793994205,0.));
#614=CARTESIAN_POINT('Ctrl Pts',(-26.7397340878594,162.278793994205,-26.7397340878593));
#615=CARTESIAN_POINT('Ctrl Pts',(-8.32172900027366E-14,162.278793994205,
-26.7397340878593));
#616=CARTESIAN_POINT('Ctrl Pts',(26.7397340878592,162.278793994205,-26.7397340878593));
#617=CARTESIAN_POINT('Ctrl Pts',(26.7397340878592,162.278793994205,0.));
#618=CARTESIAN_POINT('Ctrl Pts',(26.7397340878592,162.278793994205,26.7397340878593));
#619=CARTESIAN_POINT('Ctrl Pts',(-8.32172900027366E-14,162.278793994205,
26.7397340878593));
#620=CARTESIAN_POINT('Ctrl Pts',(-26.7397340878594,162.278793994205,26.7397340878593));
#621=CARTESIAN_POINT('Ctrl Pts',(-26.7397340878594,162.278793994205,0.));
#622=CARTESIAN_POINT('Ctrl Pts',(-22.6128201408772,174.00270181866,0.));
#623=CARTESIAN_POINT('Ctrl Pts',(-22.6128201408772,174.00270181866,-22.6128201408772));
#624=CARTESIAN_POINT('Ctrl Pts',(-8.92293622728075E-14,174.00270181866,
-22.6128201408772));
#625=CARTESIAN_POINT('Ctrl Pts',(22.6128201408771,174.00270181866,-22.6128201408772));
#626=CARTESIAN_POINT('Ctrl Pts',(22.6128201408771,174.00270181866,0.));
#627=CARTESIAN_POINT('Ctrl Pts',(22.6128201408771,174.00270181866,22.6128201408772));
#628=CARTESIAN_POINT('Ctrl Pts',(-8.92293622728075E-14,174.00270181866,
22.6128201408772));
#629=CARTESIAN_POINT('Ctrl Pts',(-22.6128201408772,174.00270181866,22.6128201408772));
#630=CARTESIAN_POINT('Ctrl Pts',(-22.6128201408772,174.00270181866,0.));
#631=CARTESIAN_POINT('Ctrl Pts',(-16.9292827686385,193.601216545773,0.));
#632=CARTESIAN_POINT('Ctrl Pts',(-16.9292827686385,193.601216545773,-16.9292827686384));
#633=CARTESIAN_POINT('Ctrl Pts',(-9.92795681162605E-14,193.601216545773,
-16.9292827686384));
#634=CARTESIAN_POINT('Ctrl Pts',(16.9292827686383,193.601216545773,-16.9292827686384));
#635=CARTESIAN_POINT('Ctrl Pts',(16.9292827686383,193.601216545773,0.));
#636=CARTESIAN_POINT('Ctrl Pts',(16.9292827686383,193.601216545773,16.9292827686384));
#637=CARTESIAN_POINT('Ctrl Pts',(-9.92795681162605E-14,193.601216545773,
16.9292827686384));
#638=CARTESIAN_POINT('Ctrl Pts',(-16.9292827686385,193.601216545773,16.9292827686384));
#639=CARTESIAN_POINT('Ctrl Pts',(-16.9292827686385,193.601216545773,0.));
#640=CARTESIAN_POINT('Ctrl Pts',(-12.452712059444,215.804499608915,0.));
#641=CARTESIAN_POINT('Ctrl Pts',(-12.452712059444,215.804499608915,-12.4527120594439));
#642=CARTESIAN_POINT('Ctrl Pts',(-1.10665510790596E-13,215.804499608915,
-12.4527120594439));
#643=CARTESIAN_POINT('Ctrl Pts',(12.4527120594438,215.804499608915,-12.4527120594439));
#644=CARTESIAN_POINT('Ctrl Pts',(12.4527120594438,215.804499608915,0.));
#645=CARTESIAN_POINT('Ctrl Pts',(12.4527120594438,215.804499608915,12.4527120594439));
#646=CARTESIAN_POINT('Ctrl Pts',(-1.10665510790596E-13,215.804499608915,
12.4527120594439));
#647=CARTESIAN_POINT('Ctrl Pts',(-12.452712059444,215.804499608915,12.4527120594439));
#648=CARTESIAN_POINT('Ctrl Pts',(-12.452712059444,215.804499608915,0.));
#649=CARTESIAN_POINT('Ctrl Pts',(-11.4312507337105,232.804499608915,0.));
#650=CARTESIAN_POINT('Ctrl Pts',(-11.4312507337105,232.804499608915,-11.4312507337104));
#651=CARTESIAN_POINT('Ctrl Pts',(-1.19383186681736E-13,232.804499608915,
-11.4312507337104));
#652=CARTESIAN_POINT('Ctrl Pts',(11.4312507337102,232.804499608915,-11.4312507337104));
#653=CARTESIAN_POINT('Ctrl Pts',(11.4312507337102,232.804499608915,0.));
#654=CARTESIAN_POINT('Ctrl Pts',(11.4312507337102,232.804499608915,11.4312507337104));
#655=CARTESIAN_POINT('Ctrl Pts',(-1.19383186681736E-13,232.804499608915,
11.4312507337104));
#656=CARTESIAN_POINT('Ctrl Pts',(-11.4312507337105,232.804499608915,11.4312507337104));
#657=CARTESIAN_POINT('Ctrl Pts',(-11.4312507337105,232.804499608915,0.));
#658=CARTESIAN_POINT('Ctrl Pts',(-10.7051750514269,261.485828077712,0.));
#659=CARTESIAN_POINT('Ctrl Pts',(-10.7051750514269,261.485828077712,-10.7051750514268));
#660=CARTESIAN_POINT('Ctrl Pts',(-1.34091099959282E-13,261.485828077712,
-10.7051750514268));
#661=CARTESIAN_POINT('Ctrl Pts',(10.7051750514266,261.485828077712,-10.7051750514268));
#662=CARTESIAN_POINT('Ctrl Pts',(10.7051750514266,261.485828077712,0.));
#663=CARTESIAN_POINT('Ctrl Pts',(10.7051750514266,261.485828077712,10.7051750514268));
#664=CARTESIAN_POINT('Ctrl Pts',(-1.34091099959282E-13,261.485828077712,
10.7051750514268));
#665=CARTESIAN_POINT('Ctrl Pts',(-10.7051750514269,261.485828077712,10.7051750514268));
#666=CARTESIAN_POINT('Ctrl Pts',(-10.7051750514269,261.485828077712,0.));
#667=CARTESIAN_POINT('Ctrl Pts',(-11.5,277.061086557233,0.));
#668=CARTESIAN_POINT('Ctrl Pts',(-11.5,277.061086557233,-11.4999999999999));
#669=CARTESIAN_POINT('Ctrl Pts',(-1.42078162038411E-13,277.061086557233,
-11.4999999999999));
#670=CARTESIAN_POINT('Ctrl Pts',(11.4999999999997,277.061086557233,-11.4999999999999));
#671=CARTESIAN_POINT('Ctrl Pts',(11.4999999999997,277.061086557233,0.));
#672=CARTESIAN_POINT('Ctrl Pts',(11.4999999999997,277.061086557233,11.4999999999999));
#673=CARTESIAN_POINT('Ctrl Pts',(-1.42078162038411E-13,277.061086557233,
11.4999999999999));
#674=CARTESIAN_POINT('Ctrl Pts',(-11.5,277.061086557233,11.4999999999999));
#675=CARTESIAN_POINT('Ctrl Pts',(-11.5,277.061086557233,0.));
#676=CARTESIAN_POINT('',(-11.5,277.061086557233,0.));
#677=CARTESIAN_POINT('Ctrl Pts',(-11.5,277.061086557233,0.));
#678=CARTESIAN_POINT('Ctrl Pts',(-10.7051750514269,261.485828077712,0.));
#679=CARTESIAN_POINT('Ctrl Pts',(-11.4312507337105,232.804499608915,0.));
#680=CARTESIAN_POINT('Ctrl Pts',(-12.452712059444,215.804499608915,0.));
#681=CARTESIAN_POINT('Ctrl Pts',(-16.9292827686385,193.601216545773,0.));
#682=CARTESIAN_POINT('Ctrl Pts',(-22.6128201408772,174.00270181866,0.));
#683=CARTESIAN_POINT('Ctrl Pts',(-26.7397340878594,162.278793994205,0.));
#684=CARTESIAN_POINT('Ctrl Pts',(-30.7016368529534,149.,0.));
#685=CARTESIAN_POINT('Ctrl Pts',(-36.5000000000001,130.,0.));
#686=CARTESIAN_POINT('',(11.4999999999997,277.061086557233,1.40834381901944E-15));
#687=CARTESIAN_POINT('Origin',(-1.42078162038411E-13,277.061086557233,0.));
#688=CARTESIAN_POINT('Origin',(-1.42078162038411E-13,277.061086557233,0.));
#689=CARTESIAN_POINT('Origin',(-1.43088108237155E-13,279.030543278617,0.));
#690=CARTESIAN_POINT('',(13.9999999999998,281.,1.71450551880629E-15));
#691=CARTESIAN_POINT('',(12.7499999999998,279.030543278617,1.56142466891286E-15));
#692=CARTESIAN_POINT('Origin',(-1.44098054435899E-13,281.,0.));
#693=CARTESIAN_POINT('Origin',(-1.48969696845654E-13,290.5,0.));
#694=CARTESIAN_POINT('',(13.9999999999998,300.,1.71450551880629E-15));
#695=CARTESIAN_POINT('',(13.9999999999998,290.5,1.71450551880629E-15));
#696=CARTESIAN_POINT('Origin',(-1.53841339255409E-13,300.,0.));
#697=CARTESIAN_POINT('Origin',(-6.77236045021345E-14,282.9,0.));
#698=CARTESIAN_POINT('Origin',(-5.00000000000001,22.,0.));
#699=CARTESIAN_POINT('',(-1.1894021611637E-14,22.,5.));
#700=CARTESIAN_POINT('Origin',(-1.12816982120633E-14,22.,0.));
#701=CARTESIAN_POINT('Origin',(-1.02560892836939E-14,20.,0.));
#702=CARTESIAN_POINT('',(-1.1113342043097E-14,20.,7.));
#703=CARTESIAN_POINT('Origin',(-1.02560892836939E-14,20.,0.));
#704=CARTESIAN_POINT('Origin',(-1.08684126832676E-14,20.,5.));
#705=CARTESIAN_POINT('Origin',(-1.02560892836939E-14,20.,0.));
#706=CARTESIAN_POINT('',(-4.08722592623777E-15,1.99999999999999,25.));
#707=CARTESIAN_POINT('Origin',(-1.33177062815623E-14,20.,25.));
#708=CARTESIAN_POINT('Origin',(-1.02560892836939E-15,1.99999999999999,0.));
#709=CARTESIAN_POINT('Origin',(-40.7,1.99999999999998,0.));
#710=CARTESIAN_POINT('',(-6.00992140089911E-15,2.,40.7));
#711=CARTESIAN_POINT('Origin',(-1.02560892836939E-15,2.,0.));
#712=CARTESIAN_POINT('Origin',(-2.56402232092346E-15,4.99999999999997,0.));
#713=CARTESIAN_POINT('',(-7.9157288331974E-15,5.,43.7));
#714=CARTESIAN_POINT('Origin',(-7.54833479345319E-15,4.99999999999997,40.7));
#715=CARTESIAN_POINT('',(43.7,4.99999999999998,5.35170651227393E-15));
#716=CARTESIAN_POINT('Origin',(-2.56402232092347E-15,5.,0.));
#717=CARTESIAN_POINT('Origin',(-2.56402232092347E-15,5.,0.));
#718=CARTESIAN_POINT('Origin',(-2.10249830315725E-14,41.,0.));
#719=CARTESIAN_POINT('',(43.6999999999999,77.,5.35170651227393E-15));
#720=CARTESIAN_POINT('',(43.6999999999999,41.,5.35170651227393E-15));
#721=CARTESIAN_POINT('',(-4.48376502544955E-14,77.,43.7));
#722=CARTESIAN_POINT('Origin',(-3.94859437422215E-14,77.,0.));
#723=CARTESIAN_POINT('Origin',(-3.94859437422215E-14,77.,0.));
#724=CARTESIAN_POINT('Ctrl Pts',(-6.63189347810013E-14,129.325970058473,
34.6170014238124));
#725=CARTESIAN_POINT('Ctrl Pts',(-34.6170014238125,129.325970058473,34.6170014238124));
#726=CARTESIAN_POINT('Ctrl Pts',(-34.6170014238125,129.325970058473,-7.88860905221012E-30));
#727=CARTESIAN_POINT('Ctrl Pts',(-34.6170014238125,129.325970058473,-34.6170014238124));
#728=CARTESIAN_POINT('Ctrl Pts',(-6.63189347810013E-14,129.325970058473,
-34.6170014238124));
#729=CARTESIAN_POINT('Ctrl Pts',(34.6170014238123,129.325970058473,-34.6170014238124));
#730=CARTESIAN_POINT('Ctrl Pts',(34.6170014238123,129.325970058473,7.88860905221012E-30));
#731=CARTESIAN_POINT('Ctrl Pts',(34.6170014238123,129.325970058473,34.6170014238124));
#732=CARTESIAN_POINT('Ctrl Pts',(-6.63189347810013E-14,129.325970058473,
34.6170014238124));
#733=CARTESIAN_POINT('Ctrl Pts',(-5.33067013409141E-14,103.951320754717,
43.7000000000002));
#734=CARTESIAN_POINT('Ctrl Pts',(-43.7000000000003,103.951320754717,43.7000000000002));
#735=CARTESIAN_POINT('Ctrl Pts',(-43.7000000000003,103.951320754717,0.));
#736=CARTESIAN_POINT('Ctrl Pts',(-43.7000000000003,103.951320754717,-43.7000000000002));
#737=CARTESIAN_POINT('Ctrl Pts',(-5.33067013409141E-14,103.951320754717,
-43.7000000000002));
#738=CARTESIAN_POINT('Ctrl Pts',(43.7000000000001,103.951320754717,-43.7000000000002));
#739=CARTESIAN_POINT('Ctrl Pts',(43.7000000000002,103.951320754717,0.));
#740=CARTESIAN_POINT('Ctrl Pts',(43.7000000000001,103.951320754717,43.7000000000002));
#741=CARTESIAN_POINT('Ctrl Pts',(-5.33067013409141E-14,103.951320754717,
43.7000000000002));
#742=CARTESIAN_POINT('Ctrl Pts',(-3.94859437422215E-14,77.,43.7000000000002));
#743=CARTESIAN_POINT('Ctrl Pts',(-43.7000000000002,77.,43.7000000000002));
#744=CARTESIAN_POINT('Ctrl Pts',(-43.7000000000002,77.,0.));
#745=CARTESIAN_POINT('Ctrl Pts',(-43.7000000000002,77.,-43.7000000000002));
#746=CARTESIAN_POINT('Ctrl Pts',(-3.94859437422215E-14,77.,-43.7000000000002));
#747=CARTESIAN_POINT('Ctrl Pts',(43.7000000000002,77.,-43.7000000000002));
#748=CARTESIAN_POINT('Ctrl Pts',(43.7000000000002,77.,0.));
#749=CARTESIAN_POINT('Ctrl Pts',(43.7000000000002,77.,43.7000000000002));
#750=CARTESIAN_POINT('Ctrl Pts',(-3.94859437422215E-14,77.,43.7000000000002));
#751=CARTESIAN_POINT('',(-7.05582947799763E-14,129.325970058473,34.6170014238122));
#752=CARTESIAN_POINT('Origin',(-2.58234113323426E-14,76.9999999999999,-111.563043478261));
#753=CARTESIAN_POINT('',(34.6170014238121,129.325970058473,4.23935999897509E-15));
#754=CARTESIAN_POINT('Origin',(-6.63189347810012E-14,129.325970058473,0.));
#755=CARTESIAN_POINT('Origin',(-6.63189347810012E-14,129.325970058473,0.));
#756=CARTESIAN_POINT('Origin',(-6.63418816427607E-14,129.370717839279,0.));
#757=CARTESIAN_POINT('',(34.5846054417867,129.415465620084,4.23539263540583E-15));
#758=CARTESIAN_POINT('',(34.6008034327994,129.370717839279,4.23737631719046E-15));
#759=CARTESIAN_POINT('',(-34.5846054417869,129.415465620084,0.));
#760=CARTESIAN_POINT('Origin',(-6.63648285045202E-14,129.415465620084,0.));
#761=CARTESIAN_POINT('Origin',(-6.63648285045202E-14,129.415465620084,0.));
#762=CARTESIAN_POINT('Ctrl Pts',(-9.5,277.163149062278,0.));
#763=CARTESIAN_POINT('Ctrl Pts',(-9.5,277.163149062278,-9.49999999999986));
#764=CARTESIAN_POINT('Ctrl Pts',(-1.42130500146624E-13,277.163149062278,
-9.49999999999986));
#765=CARTESIAN_POINT('Ctrl Pts',(9.49999999999971,277.163149062278,-9.49999999999986));
#766=CARTESIAN_POINT('Ctrl Pts',(9.49999999999972,277.163149062278,0.));
#767=CARTESIAN_POINT('Ctrl Pts',(9.49999999999971,277.163149062278,9.49999999999986));
#768=CARTESIAN_POINT('Ctrl Pts',(-1.42130500146624E-13,277.163149062278,
9.49999999999986));
#769=CARTESIAN_POINT('Ctrl Pts',(-9.5,277.163149062278,9.49999999999986));
#770=CARTESIAN_POINT('Ctrl Pts',(-9.5,277.163149062278,0.));
#771=CARTESIAN_POINT('Ctrl Pts',(-9.38886224710595,274.985312003608,0.));
#772=CARTESIAN_POINT('Ctrl Pts',(-9.38886224710595,274.985312003608,-9.38886224710581));
#773=CARTESIAN_POINT('Ctrl Pts',(-1.41013695580672E-13,274.985312003608,
-9.38886224710581));
#774=CARTESIAN_POINT('Ctrl Pts',(9.38886224710567,274.985312003608,-9.38886224710581));
#775=CARTESIAN_POINT('Ctrl Pts',(9.38886224710567,274.985312003608,0.));
#776=CARTESIAN_POINT('Ctrl Pts',(9.38886224710567,274.985312003608,9.38886224710581));
#777=CARTESIAN_POINT('Ctrl Pts',(-1.41013695580672E-13,274.985312003608,
9.38886224710581));
#778=CARTESIAN_POINT('Ctrl Pts',(-9.38886224710595,274.985312003608,9.38886224710581));
#779=CARTESIAN_POINT('Ctrl Pts',(-9.38886224710595,274.985312003608,0.));
#780=CARTESIAN_POINT('Ctrl Pts',(-9.21721854296992,270.686461193831,0.));
#781=CARTESIAN_POINT('Ctrl Pts',(-9.21721854296992,270.686461193831,-9.21721854296978));
#782=CARTESIAN_POINT('Ctrl Pts',(-1.38809225694554E-13,270.686461193831,
-9.21721854296979));
#783=CARTESIAN_POINT('Ctrl Pts',(9.21721854296965,270.686461193831,-9.21721854296978));
#784=CARTESIAN_POINT('Ctrl Pts',(9.21721854296965,270.686461193831,0.));
#785=CARTESIAN_POINT('Ctrl Pts',(9.21721854296965,270.686461193831,9.21721854296978));
#786=CARTESIAN_POINT('Ctrl Pts',(-1.38809225694554E-13,270.686461193831,
9.21721854296979));
#787=CARTESIAN_POINT('Ctrl Pts',(-9.21721854296992,270.686461193831,9.21721854296978));
#788=CARTESIAN_POINT('Ctrl Pts',(-9.21721854296992,270.686461193831,0.));
#789=CARTESIAN_POINT('Ctrl Pts',(-9.10381541510212,265.517638155023,0.));
#790=CARTESIAN_POINT('Ctrl Pts',(-9.10381541510212,265.517638155023,-9.10381541510198));
#791=CARTESIAN_POINT('Ctrl Pts',(-1.36158630165673E-13,265.517638155023,
-9.10381541510198));
#792=CARTESIAN_POINT('Ctrl Pts',(9.10381541510184,265.517638155023,-9.10381541510198));
#793=CARTESIAN_POINT('Ctrl Pts',(9.10381541510184,265.517638155023,0.));
#794=CARTESIAN_POINT('Ctrl Pts',(9.10381541510184,265.517638155023,9.10381541510198));
#795=CARTESIAN_POINT('Ctrl Pts',(-1.36158630165673E-13,265.517638155023,
9.10381541510198));
#796=CARTESIAN_POINT('Ctrl Pts',(-9.10381541510212,265.517638155023,9.10381541510198));
#797=CARTESIAN_POINT('Ctrl Pts',(-9.10381541510212,265.517638155023,0.));
#798=CARTESIAN_POINT('Ctrl Pts',(-9.04980723157354,260.539757719828,0.));
#799=CARTESIAN_POINT('Ctrl Pts',(-9.04980723157354,260.539757719828,-9.04980723157341));
#800=CARTESIAN_POINT('Ctrl Pts',(-1.33605950856327E-13,260.539757719828,
-9.04980723157341));
#801=CARTESIAN_POINT('Ctrl Pts',(9.04980723157327,260.539757719828,-9.04980723157341));
#802=CARTESIAN_POINT('Ctrl Pts',(9.04980723157328,260.539757719828,0.));
#803=CARTESIAN_POINT('Ctrl Pts',(9.04980723157327,260.539757719828,9.04980723157341));
#804=CARTESIAN_POINT('Ctrl Pts',(-1.33605950856327E-13,260.539757719828,
9.04980723157341));
#805=CARTESIAN_POINT('Ctrl Pts',(-9.04980723157354,260.539757719828,9.04980723157341));
#806=CARTESIAN_POINT('Ctrl Pts',(-9.04980723157354,260.539757719828,0.));
#807=CARTESIAN_POINT('Ctrl Pts',(-9.04818221668094,256.722697494375,0.));
#808=CARTESIAN_POINT('Ctrl Pts',(-9.04818221668094,256.722697494375,-9.04818221668081));
#809=CARTESIAN_POINT('Ctrl Pts',(-1.31648545332653E-13,256.722697494375,
-9.04818221668081));
#810=CARTESIAN_POINT('Ctrl Pts',(9.04818221668068,256.722697494375,-9.04818221668081));
#811=CARTESIAN_POINT('Ctrl Pts',(9.04818221668068,256.722697494375,0.));
#812=CARTESIAN_POINT('Ctrl Pts',(9.04818221668068,256.722697494375,9.04818221668081));
#813=CARTESIAN_POINT('Ctrl Pts',(-1.31648545332653E-13,256.722697494375,
9.04818221668081));
#814=CARTESIAN_POINT('Ctrl Pts',(-9.04818221668094,256.722697494375,9.04818221668081));
#815=CARTESIAN_POINT('Ctrl Pts',(-9.04818221668094,256.722697494375,0.));
#816=CARTESIAN_POINT('Ctrl Pts',(-9.08512547295291,252.18200327762,0.));
#817=CARTESIAN_POINT('Ctrl Pts',(-9.08512547295291,252.18200327762,-9.08512547295278));
#818=CARTESIAN_POINT('Ctrl Pts',(-1.29320057067803E-13,252.18200327762,
-9.08512547295278));
#819=CARTESIAN_POINT('Ctrl Pts',(9.08512547295265,252.18200327762,-9.08512547295278));
#820=CARTESIAN_POINT('Ctrl Pts',(9.08512547295265,252.18200327762,0.));
#821=CARTESIAN_POINT('Ctrl Pts',(9.08512547295265,252.18200327762,9.08512547295278));
#822=CARTESIAN_POINT('Ctrl Pts',(-1.29320057067803E-13,252.18200327762,
9.08512547295278));
#823=CARTESIAN_POINT('Ctrl Pts',(-9.08512547295291,252.18200327762,9.08512547295278));
#824=CARTESIAN_POINT('Ctrl Pts',(-9.08512547295291,252.18200327762,0.));
#825=CARTESIAN_POINT('Ctrl Pts',(-9.1413591314724,248.740857700452,0.));
#826=CARTESIAN_POINT('Ctrl Pts',(-9.1413591314724,248.740857700452,-9.14135913147227));
#827=CARTESIAN_POINT('Ctrl Pts',(-1.27555422253922E-13,248.740857700452,
-9.14135913147227));
#828=CARTESIAN_POINT('Ctrl Pts',(9.14135913147214,248.740857700452,-9.14135913147227));
#829=CARTESIAN_POINT('Ctrl Pts',(9.14135913147214,248.740857700452,0.));
#830=CARTESIAN_POINT('Ctrl Pts',(9.14135913147214,248.740857700452,9.14135913147227));
#831=CARTESIAN_POINT('Ctrl Pts',(-1.27555422253922E-13,248.740857700452,
9.14135913147227));
#832=CARTESIAN_POINT('Ctrl Pts',(-9.1413591314724,248.740857700452,9.14135913147227));
#833=CARTESIAN_POINT('Ctrl Pts',(-9.1413591314724,248.740857700452,0.));
#834=CARTESIAN_POINT('Ctrl Pts',(-9.23550342369835,244.688964691122,0.));
#835=CARTESIAN_POINT('Ctrl Pts',(-9.23550342369835,244.688964691122,-9.23550342369823));
#836=CARTESIAN_POINT('Ctrl Pts',(-1.25477593430339E-13,244.688964691122,
-9.23550342369823));
#837=CARTESIAN_POINT('Ctrl Pts',(9.2355034236981,244.688964691122,-9.23550342369823));
#838=CARTESIAN_POINT('Ctrl Pts',(9.2355034236981,244.688964691122,0.));
#839=CARTESIAN_POINT('Ctrl Pts',(9.2355034236981,244.688964691122,9.23550342369823));
#840=CARTESIAN_POINT('Ctrl Pts',(-1.25477593430339E-13,244.688964691122,
9.23550342369823));
#841=CARTESIAN_POINT('Ctrl Pts',(-9.23550342369835,244.688964691122,9.23550342369823));
#842=CARTESIAN_POINT('Ctrl Pts',(-9.23550342369835,244.688964691122,0.));
#843=CARTESIAN_POINT('Ctrl Pts',(-9.32680182715317,241.648414646224,0.));
#844=CARTESIAN_POINT('Ctrl Pts',(-9.32680182715317,241.648414646224,-9.32680182715304));
#845=CARTESIAN_POINT('Ctrl Pts',(-1.23918385793738E-13,241.648414646224,
-9.32680182715304));
#846=CARTESIAN_POINT('Ctrl Pts',(9.32680182715292,241.648414646224,-9.32680182715304));
#847=CARTESIAN_POINT('Ctrl Pts',(9.32680182715292,241.648414646224,0.));
#848=CARTESIAN_POINT('Ctrl Pts',(9.32680182715292,241.648414646224,9.32680182715304));
#849=CARTESIAN_POINT('Ctrl Pts',(-1.23918385793738E-13,241.648414646224,
9.32680182715304));
#850=CARTESIAN_POINT('Ctrl Pts',(-9.32680182715317,241.648414646224,9.32680182715304));
#851=CARTESIAN_POINT('Ctrl Pts',(-9.32680182715317,241.648414646224,0.));
#852=CARTESIAN_POINT('Ctrl Pts',(-9.45490324802378,238.095236498689,0.));
#853=CARTESIAN_POINT('Ctrl Pts',(-9.45490324802378,238.095236498689,-9.45490324802365));
#854=CARTESIAN_POINT('Ctrl Pts',(-1.22096300177638E-13,238.095236498689,
-9.45490324802365));
#855=CARTESIAN_POINT('Ctrl Pts',(9.45490324802353,238.095236498689,-9.45490324802365));
#856=CARTESIAN_POINT('Ctrl Pts',(9.45490324802353,238.095236498689,0.));
#857=CARTESIAN_POINT('Ctrl Pts',(9.45490324802353,238.095236498689,9.45490324802365));
#858=CARTESIAN_POINT('Ctrl Pts',(-1.22096300177638E-13,238.095236498689,
9.45490324802365));
#859=CARTESIAN_POINT('Ctrl Pts',(-9.45490324802378,238.095236498689,9.45490324802365));
#860=CARTESIAN_POINT('Ctrl Pts',(-9.45490324802378,238.095236498689,0.));
#861=CARTESIAN_POINT('Ctrl Pts',(-9.56686703196131,235.446407145047,0.));
#862=CARTESIAN_POINT('Ctrl Pts',(-9.56686703196131,235.446407145047,-9.56686703196119));
#863=CARTESIAN_POINT('Ctrl Pts',(-1.20737968660227E-13,235.446407145047,
-9.56686703196119));
#864=CARTESIAN_POINT('Ctrl Pts',(9.56686703196107,235.446407145047,-9.56686703196119));
#865=CARTESIAN_POINT('Ctrl Pts',(9.56686703196107,235.446407145047,0.));
#866=CARTESIAN_POINT('Ctrl Pts',(9.56686703196107,235.446407145047,9.56686703196119));
#867=CARTESIAN_POINT('Ctrl Pts',(-1.20737968660227E-13,235.446407145047,
9.56686703196119));
#868=CARTESIAN_POINT('Ctrl Pts',(-9.56686703196131,235.446407145047,9.56686703196119));
#869=CARTESIAN_POINT('Ctrl Pts',(-9.56686703196131,235.446407145047,0.));
#870=CARTESIAN_POINT('Ctrl Pts',(-9.71617048813686,232.359739931592,0.));
#871=CARTESIAN_POINT('Ctrl Pts',(-9.71617048813685,232.359739931592,-9.71617048813673));
#872=CARTESIAN_POINT('Ctrl Pts',(-1.19155111933715E-13,232.359739931592,
-9.71617048813674));
#873=CARTESIAN_POINT('Ctrl Pts',(9.71617048813662,232.359739931592,-9.71617048813673));
#874=CARTESIAN_POINT('Ctrl Pts',(9.71617048813662,232.359739931592,0.));
#875=CARTESIAN_POINT('Ctrl Pts',(9.71617048813662,232.359739931592,9.71617048813673));
#876=CARTESIAN_POINT('Ctrl Pts',(-1.19155111933715E-13,232.359739931592,
9.71617048813674));
#877=CARTESIAN_POINT('Ctrl Pts',(-9.71617048813685,232.359739931592,9.71617048813673));
#878=CARTESIAN_POINT('Ctrl Pts',(-9.71617048813686,232.359739931592,0.));
#879=CARTESIAN_POINT('Ctrl Pts',(-9.84280565754232,230.059896634343,0.));
#880=CARTESIAN_POINT('Ctrl Pts',(-9.84280565754232,230.059896634343,-9.8428056575422));
#881=CARTESIAN_POINT('Ctrl Pts',(-1.1797574202396E-13,230.059896634343,
-9.8428056575422));
#882=CARTESIAN_POINT('Ctrl Pts',(9.84280565754208,230.059896634343,-9.8428056575422));
#883=CARTESIAN_POINT('Ctrl Pts',(9.84280565754208,230.059896634343,0.));
#884=CARTESIAN_POINT('Ctrl Pts',(9.84280565754208,230.059896634343,9.8428056575422));
#885=CARTESIAN_POINT('Ctrl Pts',(-1.1797574202396E-13,230.059896634343,
9.8428056575422));
#886=CARTESIAN_POINT('Ctrl Pts',(-9.84280565754232,230.059896634343,9.8428056575422));
#887=CARTESIAN_POINT('Ctrl Pts',(-9.84280565754232,230.059896634343,0.));
#888=CARTESIAN_POINT('Ctrl Pts',(-10.0110540423122,227.365325713511,0.));
#889=CARTESIAN_POINT('Ctrl Pts',(-10.0110540423122,227.365325713511,-10.011054042312));
#890=CARTESIAN_POINT('Ctrl Pts',(-1.16593954026696E-13,227.365325713511,
-10.011054042312));
#891=CARTESIAN_POINT('Ctrl Pts',(10.0110540423119,227.365325713511,-10.011054042312));
#892=CARTESIAN_POINT('Ctrl Pts',(10.0110540423119,227.365325713511,0.));
#893=CARTESIAN_POINT('Ctrl Pts',(10.0110540423119,227.365325713511,10.011054042312));
#894=CARTESIAN_POINT('Ctrl Pts',(-1.16593954026696E-13,227.365325713511,
10.011054042312));
#895=CARTESIAN_POINT('Ctrl Pts',(-10.0110540423122,227.365325713511,10.011054042312));
#896=CARTESIAN_POINT('Ctrl Pts',(-10.0110540423122,227.365325713511,0.));
#897=CARTESIAN_POINT('Ctrl Pts',(-10.1547481998541,225.338502371925,0.));
#898=CARTESIAN_POINT('Ctrl Pts',(-10.1547481998541,225.338502371925,-10.1547481998539));
#899=CARTESIAN_POINT('Ctrl Pts',(-1.15554589969017E-13,225.338502371925,
-10.1547481998539));
#900=CARTESIAN_POINT('Ctrl Pts',(10.1547481998538,225.338502371925,-10.1547481998539));
#901=CARTESIAN_POINT('Ctrl Pts',(10.1547481998538,225.338502371925,0.));
#902=CARTESIAN_POINT('Ctrl Pts',(10.1547481998538,225.338502371925,10.1547481998539));
#903=CARTESIAN_POINT('Ctrl Pts',(-1.15554589969017E-13,225.338502371925,
10.1547481998539));
#904=CARTESIAN_POINT('Ctrl Pts',(-10.1547481998541,225.338502371925,10.1547481998539));
#905=CARTESIAN_POINT('Ctrl Pts',(-10.1547481998541,225.338502371925,0.));
#906=CARTESIAN_POINT('Ctrl Pts',(-10.3476544406223,222.933913807352,0.));
#907=CARTESIAN_POINT('Ctrl Pts',(-10.3476544406223,222.933913807352,-10.3476544406222));
#908=CARTESIAN_POINT('Ctrl Pts',(-1.14321506218576E-13,222.933913807352,
-10.3476544406222));
#909=CARTESIAN_POINT('Ctrl Pts',(10.347654440622,222.933913807352,-10.3476544406222));
#910=CARTESIAN_POINT('Ctrl Pts',(10.347654440622,222.933913807352,0.));
#911=CARTESIAN_POINT('Ctrl Pts',(10.347654440622,222.933913807352,10.3476544406222));
#912=CARTESIAN_POINT('Ctrl Pts',(-1.14321506218576E-13,222.933913807352,
10.3476544406222));
#913=CARTESIAN_POINT('Ctrl Pts',(-10.3476544406223,222.933913807352,10.3476544406222));
#914=CARTESIAN_POINT('Ctrl Pts',(-10.3476544406223,222.933913807352,0.));
#915=CARTESIAN_POINT('Ctrl Pts',(-10.5133074288999,221.101550916183,0.));
#916=CARTESIAN_POINT('Ctrl Pts',(-10.5133074288999,221.101550916183,-10.5133074288998));
#917=CARTESIAN_POINT('Ctrl Pts',(-1.13381862347979E-13,221.101550916183,
-10.5133074288998));
#918=CARTESIAN_POINT('Ctrl Pts',(10.5133074288997,221.101550916183,-10.5133074288998));
#919=CARTESIAN_POINT('Ctrl Pts',(10.5133074288997,221.101550916183,0.));
#920=CARTESIAN_POINT('Ctrl Pts',(10.5133074288997,221.101550916183,10.5133074288998));
#921=CARTESIAN_POINT('Ctrl Pts',(-1.13381862347979E-13,221.101550916183,
10.5133074288998));
#922=CARTESIAN_POINT('Ctrl Pts',(-10.5133074288999,221.101550916183,10.5133074288998));
#923=CARTESIAN_POINT('Ctrl Pts',(-10.5133074288999,221.101550916183,0.));
#924=CARTESIAN_POINT('Ctrl Pts',(-10.7359072384966,218.898934393864,0.));
#925=CARTESIAN_POINT('Ctrl Pts',(-10.7359072384965,218.898934393864,-10.7359072384964));
#926=CARTESIAN_POINT('Ctrl Pts',(-1.12252350762446E-13,218.898934393864,
-10.7359072384964));
#927=CARTESIAN_POINT('Ctrl Pts',(10.7359072384963,218.898934393864,-10.7359072384964));
#928=CARTESIAN_POINT('Ctrl Pts',(10.7359072384963,218.898934393864,0.));
#929=CARTESIAN_POINT('Ctrl Pts',(10.7359072384963,218.898934393864,10.7359072384964));
#930=CARTESIAN_POINT('Ctrl Pts',(-1.12252350762446E-13,218.898934393864,
10.7359072384964));
#931=CARTESIAN_POINT('Ctrl Pts',(-10.7359072384965,218.898934393864,10.7359072384964));
#932=CARTESIAN_POINT('Ctrl Pts',(-10.7359072384966,218.898934393864,0.));
#933=CARTESIAN_POINT('Ctrl Pts',(-10.926841501677,217.197789056189,0.));
#934=CARTESIAN_POINT('Ctrl Pts',(-10.926841501677,217.197789056189,-10.9268415016769));
#935=CARTESIAN_POINT('Ctrl Pts',(-1.1137999583906E-13,217.197789056189,
-10.9268415016769));
#936=CARTESIAN_POINT('Ctrl Pts',(10.9268415016767,217.197789056189,-10.9268415016769));
#937=CARTESIAN_POINT('Ctrl Pts',(10.9268415016767,217.197789056189,0.));
#938=CARTESIAN_POINT('Ctrl Pts',(10.9268415016767,217.197789056189,10.9268415016769));
#939=CARTESIAN_POINT('Ctrl Pts',(-1.1137999583906E-13,217.197789056189,
10.9268415016769));
#940=CARTESIAN_POINT('Ctrl Pts',(-10.926841501677,217.197789056189,10.9268415016769));
#941=CARTESIAN_POINT('Ctrl Pts',(-10.926841501677,217.197789056189,0.));
#942=CARTESIAN_POINT('Ctrl Pts',(-11.1823321858204,215.127172847259,0.));
#943=CARTESIAN_POINT('Ctrl Pts',(-11.1823321858204,215.127172847259,-11.1823321858203));
#944=CARTESIAN_POINT('Ctrl Pts',(-1.10318174603507E-13,215.127172847259,
-11.1823321858203));
#945=CARTESIAN_POINT('Ctrl Pts',(11.1823321858202,215.127172847259,-11.1823321858203));
#946=CARTESIAN_POINT('Ctrl Pts',(11.1823321858202,215.127172847259,0.));
#947=CARTESIAN_POINT('Ctrl Pts',(11.1823321858202,215.127172847259,11.1823321858203));
#948=CARTESIAN_POINT('Ctrl Pts',(-1.10318174603507E-13,215.127172847259,
11.1823321858203));
#949=CARTESIAN_POINT('Ctrl Pts',(-11.1823321858204,215.127172847259,11.1823321858203));
#950=CARTESIAN_POINT('Ctrl Pts',(-11.1823321858204,215.127172847259,0.));
#951=CARTESIAN_POINT('Ctrl Pts',(-11.4003611539471,213.508351802451,0.));
#952=CARTESIAN_POINT('Ctrl Pts',(-11.4003611539471,213.508351802451,-11.400361153947));
#953=CARTESIAN_POINT('Ctrl Pts',(-1.09488035945013E-13,213.508351802451,
-11.400361153947));
#954=CARTESIAN_POINT('Ctrl Pts',(11.4003611539469,213.508351802451,-11.400361153947));
#955=CARTESIAN_POINT('Ctrl Pts',(11.4003611539469,213.508351802451,0.));
#956=CARTESIAN_POINT('Ctrl Pts',(11.4003611539469,213.508351802451,11.400361153947));
#957=CARTESIAN_POINT('Ctrl Pts',(-1.09488035945013E-13,213.508351802451,
11.400361153947));
#958=CARTESIAN_POINT('Ctrl Pts',(-11.4003611539471,213.508351802451,11.400361153947));
#959=CARTESIAN_POINT('Ctrl Pts',(-11.4003611539471,213.508351802451,0.));
#960=CARTESIAN_POINT('Ctrl Pts',(-11.6901032868653,211.517280388312,0.));
#961=CARTESIAN_POINT('Ctrl Pts',(-11.6901032868653,211.517280388312,-11.6901032868652));
#962=CARTESIAN_POINT('Ctrl Pts',(-1.08467005635332E-13,211.517280388312,
-11.6901032868652));
#963=CARTESIAN_POINT('Ctrl Pts',(11.6901032868651,211.517280388312,-11.6901032868652));
#964=CARTESIAN_POINT('Ctrl Pts',(11.6901032868651,211.517280388312,0.));
#965=CARTESIAN_POINT('Ctrl Pts',(11.6901032868651,211.517280388312,11.6901032868652));
#966=CARTESIAN_POINT('Ctrl Pts',(-1.08467005635332E-13,211.517280388312,
11.6901032868652));
#967=CARTESIAN_POINT('Ctrl Pts',(-11.6901032868653,211.517280388312,11.6901032868652));
#968=CARTESIAN_POINT('Ctrl Pts',(-11.6901032868653,211.517280388312,0.));
#969=CARTESIAN_POINT('Ctrl Pts',(-11.9356109520912,209.945665353288,0.));
#970=CARTESIAN_POINT('Ctrl Pts',(-11.9356109520912,209.945665353288,-11.9356109520911));
#971=CARTESIAN_POINT('Ctrl Pts',(-1.07661074429392E-13,209.945665353288,
-11.9356109520911));
#972=CARTESIAN_POINT('Ctrl Pts',(11.935610952091,209.945665353288,-11.9356109520911));
#973=CARTESIAN_POINT('Ctrl Pts',(11.935610952091,209.945665353288,0.));
#974=CARTESIAN_POINT('Ctrl Pts',(11.935610952091,209.945665353288,11.9356109520911));
#975=CARTESIAN_POINT('Ctrl Pts',(-1.07661074429392E-13,209.945665353288,
11.9356109520911));
#976=CARTESIAN_POINT('Ctrl Pts',(-11.9356109520912,209.945665353288,11.9356109520911));
#977=CARTESIAN_POINT('Ctrl Pts',(-11.9356109520912,209.945665353288,0.));
#978=CARTESIAN_POINT('Ctrl Pts',(-12.2592504872388,207.998679673399,0.));
#979=CARTESIAN_POINT('Ctrl Pts',(-12.2592504872388,207.998679673399,-12.2592504872387));
#980=CARTESIAN_POINT('Ctrl Pts',(-1.06662651481042E-13,207.998679673399,
-12.2592504872387));
#981=CARTESIAN_POINT('Ctrl Pts',(12.2592504872386,207.998679673399,-12.2592504872387));
#982=CARTESIAN_POINT('Ctrl Pts',(12.2592504872386,207.998679673399,0.));
#983=CARTESIAN_POINT('Ctrl Pts',(12.2592504872386,207.998679673399,12.2592504872387));
#984=CARTESIAN_POINT('Ctrl Pts',(-1.06662651481042E-13,207.998679673399,
12.2592504872387));
#985=CARTESIAN_POINT('Ctrl Pts',(-12.2592504872388,207.998679673399,12.2592504872387));
#986=CARTESIAN_POINT('Ctrl Pts',(-12.2592504872388,207.998679673399,0.));
#987=CARTESIAN_POINT('Ctrl Pts',(-12.531303260399,206.452654399127,0.));
#988=CARTESIAN_POINT('Ctrl Pts',(-12.531303260399,206.452654399127,-12.5313032603989));
#989=CARTESIAN_POINT('Ctrl Pts',(-1.05869842818652E-13,206.452654399127,
-12.5313032603989));
#990=CARTESIAN_POINT('Ctrl Pts',(12.5313032603988,206.452654399127,-12.5313032603989));
#991=CARTESIAN_POINT('Ctrl Pts',(12.5313032603988,206.452654399127,0.));
#992=CARTESIAN_POINT('Ctrl Pts',(12.5313032603988,206.452654399127,12.5313032603989));
#993=CARTESIAN_POINT('Ctrl Pts',(-1.05869842818652E-13,206.452654399127,
12.5313032603989));
#994=CARTESIAN_POINT('Ctrl Pts',(-12.531303260399,206.452654399127,12.5313032603989));
#995=CARTESIAN_POINT('Ctrl Pts',(-12.531303260399,206.452654399127,0.));
#996=CARTESIAN_POINT('Ctrl Pts',(-12.8868989272778,204.531109716725,0.));
#997=CARTESIAN_POINT('Ctrl Pts',(-12.8868989272778,204.531109716725,-12.8868989272776));
#998=CARTESIAN_POINT('Ctrl Pts',(-1.04884466127387E-13,204.531109716725,
-12.8868989272776));
#999=CARTESIAN_POINT('Ctrl Pts',(12.8868989272775,204.531109716725,-12.8868989272776));
#1000=CARTESIAN_POINT('Ctrl Pts',(12.8868989272775,204.531109716725,0.));
#1001=CARTESIAN_POINT('Ctrl Pts',(12.8868989272775,204.531109716725,12.8868989272776));
#1002=CARTESIAN_POINT('Ctrl Pts',(-1.04884466127387E-13,204.531109716725,
12.8868989272776));
#1003=CARTESIAN_POINT('Ctrl Pts',(-12.8868989272778,204.531109716725,12.8868989272776));
#1004=CARTESIAN_POINT('Ctrl Pts',(-12.8868989272778,204.531109716725,0.));
#1005=CARTESIAN_POINT('Ctrl Pts',(-13.1833169416386,203.00266962063,0.));
#1006=CARTESIAN_POINT('Ctrl Pts',(-13.1833169416386,203.00266962063,-13.1833169416385));
#1007=CARTESIAN_POINT('Ctrl Pts',(-1.0410067522287E-13,203.00266962063,
-13.1833169416385));
#1008=CARTESIAN_POINT('Ctrl Pts',(13.1833169416384,203.00266962063,-13.1833169416385));
#1009=CARTESIAN_POINT('Ctrl Pts',(13.1833169416384,203.00266962063,0.));
#1010=CARTESIAN_POINT('Ctrl Pts',(13.1833169416384,203.00266962063,13.1833169416385));
#1011=CARTESIAN_POINT('Ctrl Pts',(-1.0410067522287E-13,203.00266962063,
13.1833169416385));
#1012=CARTESIAN_POINT('Ctrl Pts',(-13.1833169416386,203.00266962063,13.1833169416385));
#1013=CARTESIAN_POINT('Ctrl Pts',(-13.1833169416386,203.00266962063,0.));
#1014=CARTESIAN_POINT('Ctrl Pts',(-13.6442576839338,200.724758235382,0.));
#1015=CARTESIAN_POINT('Ctrl Pts',(-13.6442576839338,200.724758235382,-13.6442576839337));
#1016=CARTESIAN_POINT('Ctrl Pts',(-1.02932552095498E-13,200.724758235382,
-13.6442576839337));
#1017=CARTESIAN_POINT('Ctrl Pts',(13.6442576839336,200.724758235382,-13.6442576839337));
#1018=CARTESIAN_POINT('Ctrl Pts',(13.6442576839336,200.724758235382,0.));
#1019=CARTESIAN_POINT('Ctrl Pts',(13.6442576839336,200.724758235382,13.6442576839337));
#1020=CARTESIAN_POINT('Ctrl Pts',(-1.02932552095498E-13,200.724758235382,
13.6442576839337));
#1021=CARTESIAN_POINT('Ctrl Pts',(-13.6442576839338,200.724758235382,13.6442576839337));
#1022=CARTESIAN_POINT('Ctrl Pts',(-13.6442576839338,200.724758235382,0.));
#1023=CARTESIAN_POINT('Ctrl Pts',(-14.1258830508089,198.467698998712,0.));
#1024=CARTESIAN_POINT('Ctrl Pts',(-14.1258830508089,198.467698998712,-14.1258830508088));
#1025=CARTESIAN_POINT('Ctrl Pts',(-1.01775122043004E-13,198.467698998712,
-14.1258830508088));
#1026=CARTESIAN_POINT('Ctrl Pts',(14.1258830508087,198.467698998712,-14.1258830508088));
#1027=CARTESIAN_POINT('Ctrl Pts',(14.1258830508087,198.467698998712,0.));
#1028=CARTESIAN_POINT('Ctrl Pts',(14.1258830508087,198.467698998712,14.1258830508088));
#1029=CARTESIAN_POINT('Ctrl Pts',(-1.01775122043004E-13,198.467698998712,
14.1258830508088));
#1030=CARTESIAN_POINT('Ctrl Pts',(-14.1258830508089,198.467698998712,14.1258830508088));
#1031=CARTESIAN_POINT('Ctrl Pts',(-14.1258830508089,198.467698998712,0.));
#1032=CARTESIAN_POINT('Ctrl Pts',(-14.881350902231,195.127226272411,0.));
#1033=CARTESIAN_POINT('Ctrl Pts',(-14.881350902231,195.127226272411,-14.8813509022309));
#1034=CARTESIAN_POINT('Ctrl Pts',(-1.00062112716469E-13,195.127226272411,
-14.8813509022309));
#1035=CARTESIAN_POINT('Ctrl Pts',(14.8813509022308,195.127226272411,-14.8813509022309));
#1036=CARTESIAN_POINT('Ctrl Pts',(14.8813509022308,195.127226272411,0.));
#1037=CARTESIAN_POINT('Ctrl Pts',(14.8813509022308,195.127226272411,14.8813509022309));
#1038=CARTESIAN_POINT('Ctrl Pts',(-1.00062112716469E-13,195.127226272411,
14.8813509022309));
#1039=CARTESIAN_POINT('Ctrl Pts',(-14.881350902231,195.127226272411,14.8813509022309));
#1040=CARTESIAN_POINT('Ctrl Pts',(-14.881350902231,195.127226272411,0.));
#1041=CARTESIAN_POINT('Ctrl Pts',(-15.5841623091599,192.210169328495,0.));
#1042=CARTESIAN_POINT('Ctrl Pts',(-15.5841623091599,192.210169328495,-15.5841623091598));
#1043=CARTESIAN_POINT('Ctrl Pts',(-9.85662328933484E-14,192.210169328495,
-15.5841623091599));
#1044=CARTESIAN_POINT('Ctrl Pts',(15.5841623091597,192.210169328495,-15.5841623091598));
#1045=CARTESIAN_POINT('Ctrl Pts',(15.5841623091598,192.210169328495,0.));
#1046=CARTESIAN_POINT('Ctrl Pts',(15.5841623091597,192.210169328495,15.5841623091598));
#1047=CARTESIAN_POINT('Ctrl Pts',(-9.85662328933484E-14,192.210169328495,
15.5841623091599));
#1048=CARTESIAN_POINT('Ctrl Pts',(-15.5841623091599,192.210169328495,15.5841623091598));
#1049=CARTESIAN_POINT('Ctrl Pts',(-15.5841623091599,192.210169328495,0.));
#1050=CARTESIAN_POINT('Ctrl Pts',(-16.4016049682928,188.995879266384,0.));
#1051=CARTESIAN_POINT('Ctrl Pts',(-16.4016049682928,188.995879266384,-16.4016049682927));
#1052=CARTESIAN_POINT('Ctrl Pts',(-9.69179306003136E-14,188.995879266384,
-16.4016049682927));
#1053=CARTESIAN_POINT('Ctrl Pts',(16.4016049682926,188.995879266384,-16.4016049682927));
#1054=CARTESIAN_POINT('Ctrl Pts',(16.4016049682926,188.995879266384,0.));
#1055=CARTESIAN_POINT('Ctrl Pts',(16.4016049682926,188.995879266384,16.4016049682927));
#1056=CARTESIAN_POINT('Ctrl Pts',(-9.69179306003136E-14,188.995879266384,
16.4016049682927));
#1057=CARTESIAN_POINT('Ctrl Pts',(-16.4016049682928,188.995879266384,16.4016049682927));
#1058=CARTESIAN_POINT('Ctrl Pts',(-16.4016049682928,188.995879266384,0.));
#1059=CARTESIAN_POINT('Ctrl Pts',(-16.9592339265935,186.89268639745,0.));
#1060=CARTESIAN_POINT('Ctrl Pts',(-16.9592339265935,186.89268639745,-16.9592339265934));
#1061=CARTESIAN_POINT('Ctrl Pts',(-9.58394039080828E-14,186.89268639745,
-16.9592339265934));
#1062=CARTESIAN_POINT('Ctrl Pts',(16.9592339265933,186.89268639745,-16.9592339265934));
#1063=CARTESIAN_POINT('Ctrl Pts',(16.9592339265934,186.89268639745,0.));
#1064=CARTESIAN_POINT('Ctrl Pts',(16.9592339265933,186.89268639745,16.9592339265934));
#1065=CARTESIAN_POINT('Ctrl Pts',(-9.58394039080828E-14,186.89268639745,
16.9592339265934));
#1066=CARTESIAN_POINT('Ctrl Pts',(-16.9592339265935,186.89268639745,16.9592339265934));
#1067=CARTESIAN_POINT('Ctrl Pts',(-16.9592339265935,186.89268639745,0.));
#1068=CARTESIAN_POINT('Ctrl Pts',(-17.5244538713417,184.823733469876,0.));
#1069=CARTESIAN_POINT('Ctrl Pts',(-17.5244538713417,184.823733469876,-17.5244538713416));
#1070=CARTESIAN_POINT('Ctrl Pts',(-9.47784356106349E-14,184.823733469876,
-17.5244538713416));
#1071=CARTESIAN_POINT('Ctrl Pts',(17.5244538713415,184.823733469876,-17.5244538713416));
#1072=CARTESIAN_POINT('Ctrl Pts',(17.5244538713415,184.823733469876,0.));
#1073=CARTESIAN_POINT('Ctrl Pts',(17.5244538713415,184.823733469876,17.5244538713416));
#1074=CARTESIAN_POINT('Ctrl Pts',(-9.47784356106349E-14,184.823733469876,
17.5244538713416));
#1075=CARTESIAN_POINT('Ctrl Pts',(-17.5244538713417,184.823733469876,17.5244538713416));
#1076=CARTESIAN_POINT('Ctrl Pts',(-17.5244538713417,184.823733469876,0.));
#1077=CARTESIAN_POINT('Ctrl Pts',(-17.9046544373615,183.461953289782,0.));
#1078=CARTESIAN_POINT('Ctrl Pts',(-17.9046544373615,183.461953289782,-17.9046544373614));
#1079=CARTESIAN_POINT('Ctrl Pts',(-9.40801086550443E-14,183.461953289782,
-17.9046544373614));
#1080=CARTESIAN_POINT('Ctrl Pts',(17.9046544373613,183.461953289782,-17.9046544373614));
#1081=CARTESIAN_POINT('Ctrl Pts',(17.9046544373613,183.461953289782,0.));
#1082=CARTESIAN_POINT('Ctrl Pts',(17.9046544373613,183.461953289782,17.9046544373614));
#1083=CARTESIAN_POINT('Ctrl Pts',(-9.40801086550443E-14,183.461953289782,
17.9046544373614));
#1084=CARTESIAN_POINT('Ctrl Pts',(-17.9046544373615,183.461953289782,17.9046544373614));
#1085=CARTESIAN_POINT('Ctrl Pts',(-17.9046544373615,183.461953289782,0.));
#1086=CARTESIAN_POINT('Ctrl Pts',(-18.3831522083892,181.782550319357,0.));
#1087=CARTESIAN_POINT('Ctrl Pts',(-18.3831522083892,181.782550319357,-18.3831522083891));
#1088=CARTESIAN_POINT('Ctrl Pts',(-9.32189033146454E-14,181.782550319357,
-18.3831522083891));
#1089=CARTESIAN_POINT('Ctrl Pts',(18.383152208389,181.782550319357,-18.3831522083891));
#1090=CARTESIAN_POINT('Ctrl Pts',(18.383152208389,181.782550319357,0.));
#1091=CARTESIAN_POINT('Ctrl Pts',(18.383152208389,181.782550319357,18.3831522083891));
#1092=CARTESIAN_POINT('Ctrl Pts',(-9.32189033146454E-14,181.782550319357,
18.3831522083891));
#1093=CARTESIAN_POINT('Ctrl Pts',(-18.3831522083892,181.782550319357,18.3831522083891));
#1094=CARTESIAN_POINT('Ctrl Pts',(-18.3831522083892,181.782550319357,0.));
#1095=CARTESIAN_POINT('Ctrl Pts',(-18.7681885762574,180.4575213465,0.));
#1096=CARTESIAN_POINT('Ctrl Pts',(-18.7681885762574,180.4575213465,-18.7681885762573));
#1097=CARTESIAN_POINT('Ctrl Pts',(-9.25394225421901E-14,180.4575213465,
-18.7681885762573));
#1098=CARTESIAN_POINT('Ctrl Pts',(18.7681885762572,180.4575213465,-18.7681885762573));
#1099=CARTESIAN_POINT('Ctrl Pts',(18.7681885762573,180.4575213465,0.));
#1100=CARTESIAN_POINT('Ctrl Pts',(18.7681885762572,180.4575213465,18.7681885762573));
#1101=CARTESIAN_POINT('Ctrl Pts',(-9.25394225421901E-14,180.4575213465,
18.7681885762573));
#1102=CARTESIAN_POINT('Ctrl Pts',(-18.7681885762574,180.4575213465,18.7681885762573));
#1103=CARTESIAN_POINT('Ctrl Pts',(-18.7681885762574,180.4575213465,0.));
#1104=CARTESIAN_POINT('Ctrl Pts',(-19.251728151404,178.823463292451,0.));
#1105=CARTESIAN_POINT('Ctrl Pts',(-19.251728151404,178.823463292451,-19.2517281514039));
#1106=CARTESIAN_POINT('Ctrl Pts',(-9.17014702773368E-14,178.823463292451,
-19.2517281514039));
#1107=CARTESIAN_POINT('Ctrl Pts',(19.2517281514038,178.823463292451,-19.2517281514039));
#1108=CARTESIAN_POINT('Ctrl Pts',(19.2517281514038,178.823463292451,0.));
#1109=CARTESIAN_POINT('Ctrl Pts',(19.2517281514038,178.823463292451,19.2517281514039));
#1110=CARTESIAN_POINT('Ctrl Pts',(-9.17014702773368E-14,178.823463292451,
19.2517281514039));
#1111=CARTESIAN_POINT('Ctrl Pts',(-19.251728151404,178.823463292451,19.2517281514039));
#1112=CARTESIAN_POINT('Ctrl Pts',(-19.251728151404,178.823463292451,0.));
#1113=CARTESIAN_POINT('Ctrl Pts',(-19.6402377185208,177.533204754418,0.));
#1114=CARTESIAN_POINT('Ctrl Pts',(-19.6402377185208,177.533204754418,-19.6402377185207));
#1115=CARTESIAN_POINT('Ctrl Pts',(-9.1039819939081E-14,177.533204754418,
-19.6402377185208));
#1116=CARTESIAN_POINT('Ctrl Pts',(19.6402377185207,177.533204754418,-19.6402377185207));
#1117=CARTESIAN_POINT('Ctrl Pts',(19.6402377185207,177.533204754418,0.));
#1118=CARTESIAN_POINT('Ctrl Pts',(19.6402377185207,177.533204754418,19.6402377185207));
#1119=CARTESIAN_POINT('Ctrl Pts',(-9.1039819939081E-14,177.533204754418,
19.6402377185208));
#1120=CARTESIAN_POINT('Ctrl Pts',(-19.6402377185208,177.533204754418,19.6402377185207));
#1121=CARTESIAN_POINT('Ctrl Pts',(-19.6402377185208,177.533204754418,0.));
#1122=CARTESIAN_POINT('Ctrl Pts',(-20.1279612279571,175.938430048148,0.));
#1123=CARTESIAN_POINT('Ctrl Pts',(-20.1279612279571,175.938430048148,-20.127961227957));
#1124=CARTESIAN_POINT('Ctrl Pts',(-9.02220123503373E-14,175.938430048148,
-20.127961227957));
#1125=CARTESIAN_POINT('Ctrl Pts',(20.1279612279569,175.938430048148,-20.127961227957));
#1126=CARTESIAN_POINT('Ctrl Pts',(20.1279612279569,175.938430048148,0.));
#1127=CARTESIAN_POINT('Ctrl Pts',(20.1279612279569,175.938430048148,20.127961227957));
#1128=CARTESIAN_POINT('Ctrl Pts',(-9.02220123503373E-14,175.938430048148,
20.127961227957));
#1129=CARTESIAN_POINT('Ctrl Pts',(-20.1279612279571,175.938430048148,20.127961227957));
#1130=CARTESIAN_POINT('Ctrl Pts',(-20.1279612279571,175.938430048148,0.));
#1131=CARTESIAN_POINT('Ctrl Pts',(-20.5199145922611,174.675309176601,0.));
#1132=CARTESIAN_POINT('Ctrl Pts',(-20.5199145922611,174.675309176601,-20.519914592261));
#1133=CARTESIAN_POINT('Ctrl Pts',(-8.95742783286031E-14,174.675309176601,
-20.519914592261));
#1134=CARTESIAN_POINT('Ctrl Pts',(20.5199145922609,174.675309176601,-20.519914592261));
#1135=CARTESIAN_POINT('Ctrl Pts',(20.5199145922609,174.675309176601,0.));
#1136=CARTESIAN_POINT('Ctrl Pts',(20.5199145922609,174.675309176601,20.519914592261));
#1137=CARTESIAN_POINT('Ctrl Pts',(-8.95742783286031E-14,174.675309176601,
20.519914592261));
#1138=CARTESIAN_POINT('Ctrl Pts',(-20.5199145922611,174.675309176601,20.519914592261));
#1139=CARTESIAN_POINT('Ctrl Pts',(-20.5199145922611,174.675309176601,0.));
#1140=CARTESIAN_POINT('Ctrl Pts',(-21.0126213014152,173.106738820489,0.));
#1141=CARTESIAN_POINT('Ctrl Pts',(-21.0126213014152,173.106738820489,-21.0126213014151));
#1142=CARTESIAN_POINT('Ctrl Pts',(-8.87699084476006E-14,173.106738820489,
-21.0126213014151));
#1143=CARTESIAN_POINT('Ctrl Pts',(21.012621301415,173.106738820489,-21.0126213014151));
#1144=CARTESIAN_POINT('Ctrl Pts',(21.012621301415,173.106738820489,0.));
#1145=CARTESIAN_POINT('Ctrl Pts',(21.012621301415,173.106738820489,21.0126213014151));
#1146=CARTESIAN_POINT('Ctrl Pts',(-8.87699084476006E-14,173.106738820489,
21.0126213014151));
#1147=CARTESIAN_POINT('Ctrl Pts',(-21.0126213014152,173.106738820489,21.0126213014151));
#1148=CARTESIAN_POINT('Ctrl Pts',(-21.0126213014152,173.106738820489,0.));
#1149=CARTESIAN_POINT('Ctrl Pts',(-21.4093299873983,171.857455164121,0.));
#1150=CARTESIAN_POINT('Ctrl Pts',(-21.4093299873983,171.857455164121,-21.4093299873982));
#1151=CARTESIAN_POINT('Ctrl Pts',(-8.81292702115822E-14,171.857455164121,
-21.4093299873983));
#1152=CARTESIAN_POINT('Ctrl Pts',(21.4093299873982,171.857455164121,-21.4093299873982));
#1153=CARTESIAN_POINT('Ctrl Pts',(21.4093299873982,171.857455164121,0.));
#1154=CARTESIAN_POINT('Ctrl Pts',(21.4093299873982,171.857455164121,21.4093299873982));
#1155=CARTESIAN_POINT('Ctrl Pts',(-8.81292702115822E-14,171.857455164121,
21.4093299873983));
#1156=CARTESIAN_POINT('Ctrl Pts',(-21.4093299873983,171.857455164121,21.4093299873982));
#1157=CARTESIAN_POINT('Ctrl Pts',(-21.4093299873983,171.857455164121,0.));
#1158=CARTESIAN_POINT('Ctrl Pts',(-21.9095180693371,170.294867371633,0.));
#1159=CARTESIAN_POINT('Ctrl Pts',(-21.9095180693371,170.294867371633,-21.909518069337));
#1160=CARTESIAN_POINT('Ctrl Pts',(-8.7327968215914E-14,170.294867371633,
-21.909518069337));
#1161=CARTESIAN_POINT('Ctrl Pts',(21.9095180693369,170.294867371633,-21.909518069337));
#1162=CARTESIAN_POINT('Ctrl Pts',(21.9095180693369,170.294867371633,0.));
#1163=CARTESIAN_POINT('Ctrl Pts',(21.9095180693369,170.294867371633,21.909518069337));
#1164=CARTESIAN_POINT('Ctrl Pts',(-8.7327968215914E-14,170.294867371633,
21.909518069337));
#1165=CARTESIAN_POINT('Ctrl Pts',(-21.9095180693371,170.294867371633,21.909518069337));
#1166=CARTESIAN_POINT('Ctrl Pts',(-21.9095180693371,170.294867371633,0.));
#1167=CARTESIAN_POINT('Ctrl Pts',(-22.3136779901379,169.040339968228,0.));
#1168=CARTESIAN_POINT('Ctrl Pts',(-22.3136779901379,169.040339968228,-22.3136779901379));
#1169=CARTESIAN_POINT('Ctrl Pts',(-8.66846409630057E-14,169.040339968228,
-22.3136779901379));
#1170=CARTESIAN_POINT('Ctrl Pts',(22.3136779901378,169.040339968228,-22.3136779901379));
#1171=CARTESIAN_POINT('Ctrl Pts',(22.3136779901378,169.040339968228,0.));
#1172=CARTESIAN_POINT('Ctrl Pts',(22.3136779901378,169.040339968228,22.3136779901379));
#1173=CARTESIAN_POINT('Ctrl Pts',(-8.66846409630057E-14,169.040339968228,
22.3136779901379));
#1174=CARTESIAN_POINT('Ctrl Pts',(-22.3136779901379,169.040339968228,22.3136779901379));
#1175=CARTESIAN_POINT('Ctrl Pts',(-22.3136779901379,169.040339968228,0.));
#1176=CARTESIAN_POINT('Ctrl Pts',(-22.774418846427,167.614617114828,0.));
#1177=CARTESIAN_POINT('Ctrl Pts',(-22.774418846427,167.614617114828,-22.7744188464269));
#1178=CARTESIAN_POINT('Ctrl Pts',(-8.59535239190922E-14,167.614617114828,
-22.7744188464269));
#1179=CARTESIAN_POINT('Ctrl Pts',(22.7744188464268,167.614617114828,-22.7744188464269));
#1180=CARTESIAN_POINT('Ctrl Pts',(22.7744188464269,167.614617114828,0.));
#1181=CARTESIAN_POINT('Ctrl Pts',(22.7744188464268,167.614617114828,22.7744188464269));
#1182=CARTESIAN_POINT('Ctrl Pts',(-8.59535239190922E-14,167.614617114828,
22.7744188464269));
#1183=CARTESIAN_POINT('Ctrl Pts',(-22.774418846427,167.614617114828,22.7744188464269));
#1184=CARTESIAN_POINT('Ctrl Pts',(-22.774418846427,167.614617114828,0.));
#1185=CARTESIAN_POINT('Ctrl Pts',(-23.085461458181,166.653202536111,0.));
#1186=CARTESIAN_POINT('Ctrl Pts',(-23.085461458181,166.653202536111,-23.0854614581809));
#1187=CARTESIAN_POINT('Ctrl Pts',(-8.54605062311939E-14,166.653202536111,
-23.0854614581809));
#1188=CARTESIAN_POINT('Ctrl Pts',(23.0854614581808,166.653202536111,-23.0854614581809));
#1189=CARTESIAN_POINT('Ctrl Pts',(23.0854614581808,166.653202536111,0.));
#1190=CARTESIAN_POINT('Ctrl Pts',(23.0854614581808,166.653202536111,23.0854614581809));
#1191=CARTESIAN_POINT('Ctrl Pts',(-8.54605062311939E-14,166.653202536111,
23.0854614581809));
#1192=CARTESIAN_POINT('Ctrl Pts',(-23.085461458181,166.653202536111,23.0854614581809));
#1193=CARTESIAN_POINT('Ctrl Pts',(-23.085461458181,166.653202536111,0.));
#1194=CARTESIAN_POINT('Ctrl Pts',(-23.4003027740231,165.679209803993,0.));
#1195=CARTESIAN_POINT('Ctrl Pts',(-23.4003027740231,165.679209803993,-23.400302774023));
#1196=CARTESIAN_POINT('Ctrl Pts',(-8.49610384100803E-14,165.679209803993,
-23.400302774023));
#1197=CARTESIAN_POINT('Ctrl Pts',(23.4003027740229,165.679209803993,-23.400302774023));
#1198=CARTESIAN_POINT('Ctrl Pts',(23.4003027740229,165.679209803993,0.));
#1199=CARTESIAN_POINT('Ctrl Pts',(23.4003027740229,165.679209803993,23.400302774023));
#1200=CARTESIAN_POINT('Ctrl Pts',(-8.49610384100803E-14,165.679209803993,
23.400302774023));
#1201=CARTESIAN_POINT('Ctrl Pts',(-23.4003027740231,165.679209803993,23.400302774023));
#1202=CARTESIAN_POINT('Ctrl Pts',(-23.4003027740231,165.679209803993,0.));
#1203=CARTESIAN_POINT('Ctrl Pts',(-23.6122207783259,165.022914743882,0.));
#1204=CARTESIAN_POINT('Ctrl Pts',(-23.6122207783259,165.022914743882,-23.6122207783258));
#1205=CARTESIAN_POINT('Ctrl Pts',(-8.46244873734333E-14,165.022914743882,
-23.6122207783258));
#1206=CARTESIAN_POINT('Ctrl Pts',(23.6122207783257,165.022914743883,-23.6122207783258));
#1207=CARTESIAN_POINT('Ctrl Pts',(23.6122207783258,165.022914743883,0.));
#1208=CARTESIAN_POINT('Ctrl Pts',(23.6122207783257,165.022914743883,23.6122207783258));
#1209=CARTESIAN_POINT('Ctrl Pts',(-8.46244873734333E-14,165.022914743882,
23.6122207783258));
#1210=CARTESIAN_POINT('Ctrl Pts',(-23.6122207783259,165.022914743882,23.6122207783258));
#1211=CARTESIAN_POINT('Ctrl Pts',(-23.6122207783259,165.022914743882,0.));
#1212=CARTESIAN_POINT('Ctrl Pts',(-23.879991864881,164.192030222158,0.));
#1213=CARTESIAN_POINT('Ctrl Pts',(-23.879991864881,164.192030222158,-23.8799918648809));
#1214=CARTESIAN_POINT('Ctrl Pts',(-8.41984060814711E-14,164.192030222158,
-23.8799918648809));
#1215=CARTESIAN_POINT('Ctrl Pts',(23.8799918648808,164.192030222158,-23.8799918648809));
#1216=CARTESIAN_POINT('Ctrl Pts',(23.8799918648808,164.192030222158,0.));
#1217=CARTESIAN_POINT('Ctrl Pts',(23.8799918648808,164.192030222158,23.8799918648809));
#1218=CARTESIAN_POINT('Ctrl Pts',(-8.41984060814711E-14,164.192030222158,
23.8799918648809));
#1219=CARTESIAN_POINT('Ctrl Pts',(-23.879991864881,164.192030222158,23.8799918648809));
#1220=CARTESIAN_POINT('Ctrl Pts',(-23.879991864881,164.192030222158,0.));
#1221=CARTESIAN_POINT('Ctrl Pts',(-24.0966932887005,163.518035644987,0.));
#1222=CARTESIAN_POINT('Ctrl Pts',(-24.0966932887005,163.518035644987,-24.0966932887004));
#1223=CARTESIAN_POINT('Ctrl Pts',(-8.38527786534617E-14,163.518035644987,
-24.0966932887004));
#1224=CARTESIAN_POINT('Ctrl Pts',(24.0966932887003,163.518035644987,-24.0966932887004));
#1225=CARTESIAN_POINT('Ctrl Pts',(24.0966932887003,163.518035644987,0.));
#1226=CARTESIAN_POINT('Ctrl Pts',(24.0966932887003,163.518035644987,24.0966932887004));
#1227=CARTESIAN_POINT('Ctrl Pts',(-8.38527786534617E-14,163.518035644987,
24.0966932887004));
#1228=CARTESIAN_POINT('Ctrl Pts',(-24.0966932887005,163.518035644987,24.0966932887004));
#1229=CARTESIAN_POINT('Ctrl Pts',(-24.0966932887005,163.518035644987,0.));
#1230=CARTESIAN_POINT('Ctrl Pts',(-24.3714848433393,162.66071065908,0.));
#1231=CARTESIAN_POINT('Ctrl Pts',(-24.3714848433393,162.66071065908,-24.3714848433392));
#1232=CARTESIAN_POINT('Ctrl Pts',(-8.34131385734313E-14,162.66071065908,
-24.3714848433392));
#1233=CARTESIAN_POINT('Ctrl Pts',(24.3714848433391,162.66071065908,-24.3714848433392));
#1234=CARTESIAN_POINT('Ctrl Pts',(24.3714848433391,162.66071065908,0.));
#1235=CARTESIAN_POINT('Ctrl Pts',(24.3714848433391,162.66071065908,24.3714848433392));
#1236=CARTESIAN_POINT('Ctrl Pts',(-8.34131385734313E-14,162.66071065908,
24.3714848433392));
#1237=CARTESIAN_POINT('Ctrl Pts',(-24.3714848433393,162.66071065908,24.3714848433392));
#1238=CARTESIAN_POINT('Ctrl Pts',(-24.3714848433393,162.66071065908,0.));
#1239=CARTESIAN_POINT('Ctrl Pts',(-24.5948807586149,161.96137130877,0.));
#1240=CARTESIAN_POINT('Ctrl Pts',(-24.5948807586149,161.96137130877,-24.5948807586148));
#1241=CARTESIAN_POINT('Ctrl Pts',(-8.30545142326122E-14,161.96137130877,
-24.5948807586148));
#1242=CARTESIAN_POINT('Ctrl Pts',(24.5948807586147,161.96137130877,-24.5948807586148));
#1243=CARTESIAN_POINT('Ctrl Pts',(24.5948807586147,161.96137130877,0.));
#1244=CARTESIAN_POINT('Ctrl Pts',(24.5948807586147,161.96137130877,24.5948807586148));
#1245=CARTESIAN_POINT('Ctrl Pts',(-8.30545142326122E-14,161.96137130877,
24.5948807586148));
#1246=CARTESIAN_POINT('Ctrl Pts',(-24.5948807586149,161.96137130877,24.5948807586148));
#1247=CARTESIAN_POINT('Ctrl Pts',(-24.5948807586149,161.96137130877,0.));
#1248=CARTESIAN_POINT('Ctrl Pts',(-24.879942471538,161.065446600041,0.));
#1249=CARTESIAN_POINT('Ctrl Pts',(-24.879942471538,161.065446600041,-24.8799424715379));
#1250=CARTESIAN_POINT('Ctrl Pts',(-8.25950800424028E-14,161.065446600041,
-24.8799424715379));
#1251=CARTESIAN_POINT('Ctrl Pts',(24.8799424715378,161.065446600041,-24.8799424715379));
#1252=CARTESIAN_POINT('Ctrl Pts',(24.8799424715378,161.065446600041,0.));
#1253=CARTESIAN_POINT('Ctrl Pts',(24.8799424715378,161.065446600041,24.8799424715379));
#1254=CARTESIAN_POINT('Ctrl Pts',(-8.25950800424028E-14,161.065446600041,
24.8799424715379));
#1255=CARTESIAN_POINT('Ctrl Pts',(-24.879942471538,161.065446600041,24.8799424715379));
#1256=CARTESIAN_POINT('Ctrl Pts',(-24.879942471538,161.065446600041,0.));
#1257=CARTESIAN_POINT('Ctrl Pts',(-25.1133025471344,160.329007192508,0.));
#1258=CARTESIAN_POINT('Ctrl Pts',(-25.1133025471344,160.329007192508,-25.1133025471343));
#1259=CARTESIAN_POINT('Ctrl Pts',(-8.22174306266185E-14,160.329007192508,
-25.1133025471343));
#1260=CARTESIAN_POINT('Ctrl Pts',(25.1133025471342,160.329007192508,-25.1133025471343));
#1261=CARTESIAN_POINT('Ctrl Pts',(25.1133025471342,160.329007192508,0.));
#1262=CARTESIAN_POINT('Ctrl Pts',(25.1133025471342,160.329007192508,25.1133025471343));
#1263=CARTESIAN_POINT('Ctrl Pts',(-8.22174306266185E-14,160.329007192508,
25.1133025471343));
#1264=CARTESIAN_POINT('Ctrl Pts',(-25.1133025471344,160.329007192508,25.1133025471343));
#1265=CARTESIAN_POINT('Ctrl Pts',(-25.1133025471344,160.329007192508,0.));
#1266=CARTESIAN_POINT('Ctrl Pts',(-25.4135628932038,159.377240941419,0.));
#1267=CARTESIAN_POINT('Ctrl Pts',(-25.4135628932038,159.377240941419,-25.4135628932038));
#1268=CARTESIAN_POINT('Ctrl Pts',(-8.17293606441993E-14,159.377240941419,
-25.4135628932038));
#1269=CARTESIAN_POINT('Ctrl Pts',(25.4135628932037,159.377240941419,-25.4135628932038));
#1270=CARTESIAN_POINT('Ctrl Pts',(25.4135628932037,159.377240941419,0.));
#1271=CARTESIAN_POINT('Ctrl Pts',(25.4135628932037,159.377240941419,25.4135628932038));
#1272=CARTESIAN_POINT('Ctrl Pts',(-8.17293606441993E-14,159.377240941419,
25.4135628932038));
#1273=CARTESIAN_POINT('Ctrl Pts',(-25.4135628932038,159.377240941419,25.4135628932038));
#1274=CARTESIAN_POINT('Ctrl Pts',(-25.4135628932038,159.377240941419,0.));
#1275=CARTESIAN_POINT('Ctrl Pts',(-25.6614995006826,158.587879943194,0.));
#1276=CARTESIAN_POINT('Ctrl Pts',(-25.6614995006826,158.587879943194,-25.6614995006825));
#1277=CARTESIAN_POINT('Ctrl Pts',(-8.13245728004563E-14,158.587879943194,
-25.6614995006825));
#1278=CARTESIAN_POINT('Ctrl Pts',(25.6614995006825,158.587879943194,-25.6614995006825));
#1279=CARTESIAN_POINT('Ctrl Pts',(25.6614995006825,158.587879943194,0.));
#1280=CARTESIAN_POINT('Ctrl Pts',(25.6614995006825,158.587879943194,25.6614995006825));
#1281=CARTESIAN_POINT('Ctrl Pts',(-8.13245728004563E-14,158.587879943194,
25.6614995006825));
#1282=CARTESIAN_POINT('Ctrl Pts',(-25.6614995006826,158.587879943194,25.6614995006825));
#1283=CARTESIAN_POINT('Ctrl Pts',(-25.6614995006826,158.587879943194,0.));
#1284=CARTESIAN_POINT('Ctrl Pts',(-25.9835562292069,157.557974317455,0.));
#1285=CARTESIAN_POINT('Ctrl Pts',(-25.9835562292069,157.557974317455,-25.9835562292069));
#1286=CARTESIAN_POINT('Ctrl Pts',(-8.07964325978883E-14,157.557974317455,
-25.9835562292069));
#1287=CARTESIAN_POINT('Ctrl Pts',(25.9835562292068,157.557974317455,-25.9835562292069));
#1288=CARTESIAN_POINT('Ctrl Pts',(25.9835562292068,157.557974317455,0.));
#1289=CARTESIAN_POINT('Ctrl Pts',(25.9835562292068,157.557974317455,25.9835562292069));
#1290=CARTESIAN_POINT('Ctrl Pts',(-8.07964325978883E-14,157.557974317455,
25.9835562292069));
#1291=CARTESIAN_POINT('Ctrl Pts',(-25.9835562292069,157.557974317455,25.9835562292069));
#1292=CARTESIAN_POINT('Ctrl Pts',(-25.9835562292069,157.557974317455,0.));
#1293=CARTESIAN_POINT('Ctrl Pts',(-26.2520108159801,156.695844837334,0.));
#1294=CARTESIAN_POINT('Ctrl Pts',(-26.2520108159801,156.695844837334,-26.2520108159801));
#1295=CARTESIAN_POINT('Ctrl Pts',(-8.03543287517772E-14,156.695844837334,
-26.2520108159801));
#1296=CARTESIAN_POINT('Ctrl Pts',(26.25201081598,156.695844837334,-26.2520108159801));
#1297=CARTESIAN_POINT('Ctrl Pts',(26.25201081598,156.695844837334,0.));
#1298=CARTESIAN_POINT('Ctrl Pts',(26.25201081598,156.695844837334,26.2520108159801));
#1299=CARTESIAN_POINT('Ctrl Pts',(-8.03543287517772E-14,156.695844837334,
26.2520108159801));
#1300=CARTESIAN_POINT('Ctrl Pts',(-26.2520108159801,156.695844837334,26.2520108159801));
#1301=CARTESIAN_POINT('Ctrl Pts',(-26.2520108159801,156.695844837334,0.));
#1302=CARTESIAN_POINT('Ctrl Pts',(-26.6041146945555,155.560497354078,0.));
#1303=CARTESIAN_POINT('Ctrl Pts',(-26.6041146945555,155.560497354078,-26.6041146945554));
#1304=CARTESIAN_POINT('Ctrl Pts',(-7.97721174939626E-14,155.560497354078,
-26.6041146945554));
#1305=CARTESIAN_POINT('Ctrl Pts',(26.6041146945553,155.560497354078,-26.6041146945554));
#1306=CARTESIAN_POINT('Ctrl Pts',(26.6041146945553,155.560497354078,0.));
#1307=CARTESIAN_POINT('Ctrl Pts',(26.6041146945553,155.560497354078,26.6041146945554));
#1308=CARTESIAN_POINT('Ctrl Pts',(-7.97721174939626E-14,155.560497354078,
26.6041146945554));
#1309=CARTESIAN_POINT('Ctrl Pts',(-26.6041146945555,155.560497354078,26.6041146945554));
#1310=CARTESIAN_POINT('Ctrl Pts',(-26.6041146945555,155.560497354078,0.));
#1311=CARTESIAN_POINT('Ctrl Pts',(-26.9003452820177,154.601768507266,0.));
#1312=CARTESIAN_POINT('Ctrl Pts',(-26.9003452820177,154.601768507266,-26.9003452820177));
#1313=CARTESIAN_POINT('Ctrl Pts',(-7.92804770613751E-14,154.601768507266,
-26.9003452820177));
#1314=CARTESIAN_POINT('Ctrl Pts',(26.9003452820176,154.601768507266,-26.9003452820177));
#1315=CARTESIAN_POINT('Ctrl Pts',(26.9003452820176,154.601768507266,0.));
#1316=CARTESIAN_POINT('Ctrl Pts',(26.9003452820176,154.601768507266,26.9003452820177));
#1317=CARTESIAN_POINT('Ctrl Pts',(-7.92804770613751E-14,154.601768507266,
26.9003452820177));
#1318=CARTESIAN_POINT('Ctrl Pts',(-26.9003452820177,154.601768507266,26.9003452820177));
#1319=CARTESIAN_POINT('Ctrl Pts',(-26.9003452820177,154.601768507266,0.));
#1320=CARTESIAN_POINT('Ctrl Pts',(-27.292387993962,153.328714441687,0.));
#1321=CARTESIAN_POINT('Ctrl Pts',(-27.292387993962,153.328714441687,-27.2923879939619));
#1322=CARTESIAN_POINT('Ctrl Pts',(-7.86276492533977E-14,153.328714441687,
-27.2923879939619));
#1323=CARTESIAN_POINT('Ctrl Pts',(27.2923879939618,153.328714441687,-27.2923879939619));
#1324=CARTESIAN_POINT('Ctrl Pts',(27.2923879939618,153.328714441687,0.));
#1325=CARTESIAN_POINT('Ctrl Pts',(27.2923879939618,153.328714441687,27.2923879939619));
#1326=CARTESIAN_POINT('Ctrl Pts',(-7.86276492533977E-14,153.328714441687,
27.2923879939619));
#1327=CARTESIAN_POINT('Ctrl Pts',(-27.292387993962,153.328714441687,27.2923879939619));
#1328=CARTESIAN_POINT('Ctrl Pts',(-27.292387993962,153.328714441687,0.));
#1329=CARTESIAN_POINT('Ctrl Pts',(-27.6249628846026,152.2455955188,0.));
#1330=CARTESIAN_POINT('Ctrl Pts',(-27.6249628846026,152.2455955188,-27.6249628846025));
#1331=CARTESIAN_POINT('Ctrl Pts',(-7.80722210344982E-14,152.2455955188,
-27.6249628846025));
#1332=CARTESIAN_POINT('Ctrl Pts',(27.6249628846024,152.2455955188,-27.6249628846025));
#1333=CARTESIAN_POINT('Ctrl Pts',(27.6249628846024,152.2455955188,0.));
#1334=CARTESIAN_POINT('Ctrl Pts',(27.6249628846024,152.2455955188,27.6249628846025));
#1335=CARTESIAN_POINT('Ctrl Pts',(-7.80722210344982E-14,152.2455955188,
27.6249628846025));
#1336=CARTESIAN_POINT('Ctrl Pts',(-27.6249628846026,152.2455955188,27.6249628846025));
#1337=CARTESIAN_POINT('Ctrl Pts',(-27.6249628846026,152.2455955188,0.));
#1338=CARTESIAN_POINT('Ctrl Pts',(-28.0684740506903,150.797622650417,0.));
#1339=CARTESIAN_POINT('Ctrl Pts',(-28.0684740506903,150.797622650417,-28.0684740506903));
#1340=CARTESIAN_POINT('Ctrl Pts',(-7.73296940835729E-14,150.797622650417,
-28.0684740506903));
#1341=CARTESIAN_POINT('Ctrl Pts',(28.0684740506902,150.797622650417,-28.0684740506903));
#1342=CARTESIAN_POINT('Ctrl Pts',(28.0684740506902,150.797622650417,0.));
#1343=CARTESIAN_POINT('Ctrl Pts',(28.0684740506902,150.797622650417,28.0684740506903));
#1344=CARTESIAN_POINT('Ctrl Pts',(-7.73296940835729E-14,150.797622650417,
28.0684740506903));
#1345=CARTESIAN_POINT('Ctrl Pts',(-28.0684740506903,150.797622650417,28.0684740506903));
#1346=CARTESIAN_POINT('Ctrl Pts',(-28.0684740506903,150.797622650417,0.));
#1347=CARTESIAN_POINT('Ctrl Pts',(-28.4472731409088,149.558362729787,0.));
#1348=CARTESIAN_POINT('Ctrl Pts',(-28.4472731409088,149.558362729787,-28.4472731409087));
#1349=CARTESIAN_POINT('Ctrl Pts',(-7.66941960639886E-14,149.558362729787,
-28.4472731409087));
#1350=CARTESIAN_POINT('Ctrl Pts',(28.4472731409086,149.558362729787,-28.4472731409087));
#1351=CARTESIAN_POINT('Ctrl Pts',(28.4472731409086,149.558362729787,0.));
#1352=CARTESIAN_POINT('Ctrl Pts',(28.4472731409086,149.558362729787,28.4472731409087));
#1353=CARTESIAN_POINT('Ctrl Pts',(-7.66941960639886E-14,149.558362729787,
28.4472731409087));
#1354=CARTESIAN_POINT('Ctrl Pts',(-28.4472731409088,149.558362729787,28.4472731409087));
#1355=CARTESIAN_POINT('Ctrl Pts',(-28.4472731409088,149.558362729787,0.));
#1356=CARTESIAN_POINT('Ctrl Pts',(-28.9554255045263,147.893298301422,0.));
#1357=CARTESIAN_POINT('Ctrl Pts',(-28.9554255045263,147.893298301422,-28.9554255045263));
#1358=CARTESIAN_POINT('Ctrl Pts',(-7.58403435919681E-14,147.893298301422,
-28.9554255045263));
#1359=CARTESIAN_POINT('Ctrl Pts',(28.9554255045262,147.893298301422,-28.9554255045263));
#1360=CARTESIAN_POINT('Ctrl Pts',(28.9554255045262,147.893298301422,0.));
#1361=CARTESIAN_POINT('Ctrl Pts',(28.9554255045262,147.893298301422,28.9554255045263));
#1362=CARTESIAN_POINT('Ctrl Pts',(-7.58403435919681E-14,147.893298301422,
28.9554255045263));
#1363=CARTESIAN_POINT('Ctrl Pts',(-28.9554255045263,147.893298301422,28.9554255045263));
#1364=CARTESIAN_POINT('Ctrl Pts',(-28.9554255045263,147.893298301422,0.));
#1365=CARTESIAN_POINT('Ctrl Pts',(-29.3916465296333,146.462167990501,0.));
#1366=CARTESIAN_POINT('Ctrl Pts',(-29.3916465296333,146.462167990501,-29.3916465296333));
#1367=CARTESIAN_POINT('Ctrl Pts',(-7.51064535796979E-14,146.462167990501,
-29.3916465296333));
#1368=CARTESIAN_POINT('Ctrl Pts',(29.3916465296332,146.462167990501,-29.3916465296333));
#1369=CARTESIAN_POINT('Ctrl Pts',(29.3916465296332,146.462167990501,0.));
#1370=CARTESIAN_POINT('Ctrl Pts',(29.3916465296332,146.462167990501,29.3916465296333));
#1371=CARTESIAN_POINT('Ctrl Pts',(-7.51064535796979E-14,146.462167990501,
29.3916465296333));
#1372=CARTESIAN_POINT('Ctrl Pts',(-29.3916465296333,146.462167990501,29.3916465296333));
#1373=CARTESIAN_POINT('Ctrl Pts',(-29.3916465296333,146.462167990501,0.));
#1374=CARTESIAN_POINT('Ctrl Pts',(-29.9792650141863,144.532850564592,0.));
#1375=CARTESIAN_POINT('Ctrl Pts',(-29.9792650141863,144.532850564592,-29.9792650141862));
#1376=CARTESIAN_POINT('Ctrl Pts',(-7.41170909908623E-14,144.532850564592,
-29.9792650141862));
#1377=CARTESIAN_POINT('Ctrl Pts',(29.9792650141862,144.532850564592,-29.9792650141862));
#1378=CARTESIAN_POINT('Ctrl Pts',(29.9792650141862,144.532850564592,0.));
#1379=CARTESIAN_POINT('Ctrl Pts',(29.9792650141862,144.532850564592,29.9792650141862));
#1380=CARTESIAN_POINT('Ctrl Pts',(-7.41170909908623E-14,144.532850564592,
29.9792650141862));
#1381=CARTESIAN_POINT('Ctrl Pts',(-29.9792650141863,144.532850564592,29.9792650141862));
#1382=CARTESIAN_POINT('Ctrl Pts',(-29.9792650141863,144.532850564592,0.));
#1383=CARTESIAN_POINT('Ctrl Pts',(-30.4854306505108,142.870118956801,0.));
#1384=CARTESIAN_POINT('Ctrl Pts',(-30.4854306505108,142.870118956801,-30.4854306505108));
#1385=CARTESIAN_POINT('Ctrl Pts',(-7.32644347996459E-14,142.870118956801,
-30.4854306505108));
#1386=CARTESIAN_POINT('Ctrl Pts',(30.4854306505107,142.870118956801,-30.4854306505108));
#1387=CARTESIAN_POINT('Ctrl Pts',(30.4854306505107,142.870118956801,0.));
#1388=CARTESIAN_POINT('Ctrl Pts',(30.4854306505107,142.870118956801,30.4854306505108));
#1389=CARTESIAN_POINT('Ctrl Pts',(-7.32644347996459E-14,142.870118956801,
30.4854306505108));
#1390=CARTESIAN_POINT('Ctrl Pts',(-30.4854306505108,142.870118956801,30.4854306505108));
#1391=CARTESIAN_POINT('Ctrl Pts',(-30.4854306505108,142.870118956801,0.));
#1392=CARTESIAN_POINT('Ctrl Pts',(-31.3057166275795,140.175215210336,0.));
#1393=CARTESIAN_POINT('Ctrl Pts',(-31.3057166275795,140.175215210336,-31.3057166275794));
#1394=CARTESIAN_POINT('Ctrl Pts',(-7.18824761279109E-14,140.175215210336,
-31.3057166275794));
#1395=CARTESIAN_POINT('Ctrl Pts',(31.3057166275794,140.175215210336,-31.3057166275794));
#1396=CARTESIAN_POINT('Ctrl Pts',(31.3057166275794,140.175215210336,0.));
#1397=CARTESIAN_POINT('Ctrl Pts',(31.3057166275794,140.175215210336,31.3057166275794));
#1398=CARTESIAN_POINT('Ctrl Pts',(-7.18824761279109E-14,140.175215210336,
31.3057166275794));
#1399=CARTESIAN_POINT('Ctrl Pts',(-31.3057166275795,140.175215210336,31.3057166275794));
#1400=CARTESIAN_POINT('Ctrl Pts',(-31.3057166275795,140.175215210336,0.));
#1401=CARTESIAN_POINT('Ctrl Pts',(-32.5143730116308,136.204749028235,0.));
#1402=CARTESIAN_POINT('Ctrl Pts',(-32.5143730116308,136.204749028235,-32.5143730116307));
#1403=CARTESIAN_POINT('Ctrl Pts',(-6.98464033448351E-14,136.204749028235,
-32.5143730116308));
#1404=CARTESIAN_POINT('Ctrl Pts',(32.5143730116307,136.204749028235,-32.5143730116307));
#1405=CARTESIAN_POINT('Ctrl Pts',(32.5143730116307,136.204749028235,0.));
#1406=CARTESIAN_POINT('Ctrl Pts',(32.5143730116307,136.204749028235,32.5143730116307));
#1407=CARTESIAN_POINT('Ctrl Pts',(-6.98464033448351E-14,136.204749028235,
32.5143730116308));
#1408=CARTESIAN_POINT('Ctrl Pts',(-32.5143730116308,136.204749028235,32.5143730116307));
#1409=CARTESIAN_POINT('Ctrl Pts',(-32.5143730116308,136.204749028235,0.));
#1410=CARTESIAN_POINT('Ctrl Pts',(-33.7791445992596,132.054789101542,0.));
#1411=CARTESIAN_POINT('Ctrl Pts',(-33.7791445992596,132.054789101542,-33.7791445992596));
#1412=CARTESIAN_POINT('Ctrl Pts',(-6.77182853682391E-14,132.054789101542,
-33.7791445992596));
#1413=CARTESIAN_POINT('Ctrl Pts',(33.7791445992595,132.054789101542,-33.7791445992596));
#1414=CARTESIAN_POINT('Ctrl Pts',(33.7791445992595,132.054789101542,0.));
#1415=CARTESIAN_POINT('Ctrl Pts',(33.7791445992595,132.054789101542,33.7791445992596));
#1416=CARTESIAN_POINT('Ctrl Pts',(-6.77182853682391E-14,132.054789101542,
33.7791445992596));
#1417=CARTESIAN_POINT('Ctrl Pts',(-33.7791445992596,132.054789101542,33.7791445992596));
#1418=CARTESIAN_POINT('Ctrl Pts',(-33.7791445992596,132.054789101542,0.));
#1419=CARTESIAN_POINT('Ctrl Pts',(-34.5846054417869,129.415465620084,0.));
#1420=CARTESIAN_POINT('Ctrl Pts',(-34.5846054417868,129.415465620084,-34.5846054417868));
#1421=CARTESIAN_POINT('Ctrl Pts',(-6.63648285045202E-14,129.415465620084,
-34.5846054417868));
#1422=CARTESIAN_POINT('Ctrl Pts',(34.5846054417867,129.415465620084,-34.5846054417868));
#1423=CARTESIAN_POINT('Ctrl Pts',(34.5846054417867,129.415465620084,0.));
#1424=CARTESIAN_POINT('Ctrl Pts',(34.5846054417867,129.415465620084,34.5846054417868));
#1425=CARTESIAN_POINT('Ctrl Pts',(-6.63648285045202E-14,129.415465620084,
34.5846054417868));
#1426=CARTESIAN_POINT('Ctrl Pts',(-34.5846054417868,129.415465620084,34.5846054417868));
#1427=CARTESIAN_POINT('Ctrl Pts',(-34.5846054417869,129.415465620084,0.));
#1428=CARTESIAN_POINT('',(-9.5,277.163149062278,0.));
#1429=CARTESIAN_POINT('Ctrl Pts',(-34.5846054417869,129.415465620084,0.));
#1430=CARTESIAN_POINT('Ctrl Pts',(-33.7791445992596,132.054789101542,0.));
#1431=CARTESIAN_POINT('Ctrl Pts',(-32.5143730116308,136.204749028235,0.));
#1432=CARTESIAN_POINT('Ctrl Pts',(-31.3057166275795,140.175215210336,0.));
#1433=CARTESIAN_POINT('Ctrl Pts',(-30.4854306505108,142.870118956801,0.));
#1434=CARTESIAN_POINT('Ctrl Pts',(-29.9792650141863,144.532850564592,0.));
#1435=CARTESIAN_POINT('Ctrl Pts',(-29.3916465296333,146.462167990501,0.));
#1436=CARTESIAN_POINT('Ctrl Pts',(-28.9554255045263,147.893298301422,0.));
#1437=CARTESIAN_POINT('Ctrl Pts',(-28.4472731409088,149.558362729787,0.));
#1438=CARTESIAN_POINT('Ctrl Pts',(-28.0684740506903,150.797622650417,0.));
#1439=CARTESIAN_POINT('Ctrl Pts',(-27.6249628846026,152.2455955188,0.));
#1440=CARTESIAN_POINT('Ctrl Pts',(-27.292387993962,153.328714441687,0.));
#1441=CARTESIAN_POINT('Ctrl Pts',(-26.9003452820177,154.601768507266,0.));
#1442=CARTESIAN_POINT('Ctrl Pts',(-26.6041146945555,155.560497354078,0.));
#1443=CARTESIAN_POINT('Ctrl Pts',(-26.2520108159801,156.695844837334,0.));
#1444=CARTESIAN_POINT('Ctrl Pts',(-25.9835562292069,157.557974317455,0.));
#1445=CARTESIAN_POINT('Ctrl Pts',(-25.6614995006826,158.587879943194,0.));
#1446=CARTESIAN_POINT('Ctrl Pts',(-25.4135628932038,159.377240941419,0.));
#1447=CARTESIAN_POINT('Ctrl Pts',(-25.1133025471344,160.329007192508,0.));
#1448=CARTESIAN_POINT('Ctrl Pts',(-24.879942471538,161.065446600041,0.));
#1449=CARTESIAN_POINT('Ctrl Pts',(-24.5948807586149,161.96137130877,0.));
#1450=CARTESIAN_POINT('Ctrl Pts',(-24.3714848433393,162.66071065908,0.));
#1451=CARTESIAN_POINT('Ctrl Pts',(-24.0966932887005,163.518035644987,0.));
#1452=CARTESIAN_POINT('Ctrl Pts',(-23.879991864881,164.192030222158,0.));
#1453=CARTESIAN_POINT('Ctrl Pts',(-23.6122207783259,165.022914743882,0.));
#1454=CARTESIAN_POINT('Ctrl Pts',(-23.4003027740231,165.679209803993,0.));
#1455=CARTESIAN_POINT('Ctrl Pts',(-23.085461458181,166.653202536111,0.));
#1456=CARTESIAN_POINT('Ctrl Pts',(-22.774418846427,167.614617114828,0.));
#1457=CARTESIAN_POINT('Ctrl Pts',(-22.3136779901379,169.040339968228,0.));
#1458=CARTESIAN_POINT('Ctrl Pts',(-21.9095180693371,170.294867371633,0.));
#1459=CARTESIAN_POINT('Ctrl Pts',(-21.4093299873983,171.857455164121,0.));
#1460=CARTESIAN_POINT('Ctrl Pts',(-21.0126213014152,173.106738820489,0.));
#1461=CARTESIAN_POINT('Ctrl Pts',(-20.5199145922611,174.675309176601,0.));
#1462=CARTESIAN_POINT('Ctrl Pts',(-20.1279612279571,175.938430048148,0.));
#1463=CARTESIAN_POINT('Ctrl Pts',(-19.6402377185208,177.533204754418,0.));
#1464=CARTESIAN_POINT('Ctrl Pts',(-19.251728151404,178.823463292451,0.));
#1465=CARTESIAN_POINT('Ctrl Pts',(-18.7681885762574,180.4575213465,0.));
#1466=CARTESIAN_POINT('Ctrl Pts',(-18.3831522083892,181.782550319357,0.));
#1467=CARTESIAN_POINT('Ctrl Pts',(-17.9046544373615,183.461953289782,0.));
#1468=CARTESIAN_POINT('Ctrl Pts',(-17.5244538713417,184.823733469876,0.));
#1469=CARTESIAN_POINT('Ctrl Pts',(-16.9592339265935,186.89268639745,0.));
#1470=CARTESIAN_POINT('Ctrl Pts',(-16.4016049682928,188.995879266384,0.));
#1471=CARTESIAN_POINT('Ctrl Pts',(-15.5841623091599,192.210169328495,0.));
#1472=CARTESIAN_POINT('Ctrl Pts',(-14.881350902231,195.127226272411,0.));
#1473=CARTESIAN_POINT('Ctrl Pts',(-14.1258830508089,198.467698998712,0.));
#1474=CARTESIAN_POINT('Ctrl Pts',(-13.6442576839338,200.724758235382,0.));
#1475=CARTESIAN_POINT('Ctrl Pts',(-13.1833169416386,203.00266962063,0.));
#1476=CARTESIAN_POINT('Ctrl Pts',(-12.8868989272778,204.531109716725,0.));
#1477=CARTESIAN_POINT('Ctrl Pts',(-12.531303260399,206.452654399127,0.));
#1478=CARTESIAN_POINT('Ctrl Pts',(-12.2592504872388,207.998679673399,0.));
#1479=CARTESIAN_POINT('Ctrl Pts',(-11.9356109520912,209.945665353288,0.));
#1480=CARTESIAN_POINT('Ctrl Pts',(-11.6901032868653,211.517280388312,0.));
#1481=CARTESIAN_POINT('Ctrl Pts',(-11.4003611539471,213.508351802451,0.));
#1482=CARTESIAN_POINT('Ctrl Pts',(-11.1823321858204,215.127172847259,0.));
#1483=CARTESIAN_POINT('Ctrl Pts',(-10.926841501677,217.197789056189,0.));
#1484=CARTESIAN_POINT('Ctrl Pts',(-10.7359072384966,218.898934393864,0.));
#1485=CARTESIAN_POINT('Ctrl Pts',(-10.5133074288999,221.101550916183,0.));
#1486=CARTESIAN_POINT('Ctrl Pts',(-10.3476544406223,222.933913807352,0.));
#1487=CARTESIAN_POINT('Ctrl Pts',(-10.1547481998541,225.338502371925,0.));
#1488=CARTESIAN_POINT('Ctrl Pts',(-10.0110540423122,227.365325713511,0.));
#1489=CARTESIAN_POINT('Ctrl Pts',(-9.84280565754232,230.059896634343,0.));
#1490=CARTESIAN_POINT('Ctrl Pts',(-9.71617048813686,232.359739931592,0.));
#1491=CARTESIAN_POINT('Ctrl Pts',(-9.56686703196131,235.446407145047,0.));
#1492=CARTESIAN_POINT('Ctrl Pts',(-9.45490324802378,238.095236498689,0.));
#1493=CARTESIAN_POINT('Ctrl Pts',(-9.32680182715317,241.648414646224,0.));
#1494=CARTESIAN_POINT('Ctrl Pts',(-9.23550342369835,244.688964691122,0.));
#1495=CARTESIAN_POINT('Ctrl Pts',(-9.1413591314724,248.740857700452,0.));
#1496=CARTESIAN_POINT('Ctrl Pts',(-9.08512547295291,252.18200327762,0.));
#1497=CARTESIAN_POINT('Ctrl Pts',(-9.04818221668094,256.722697494375,0.));
#1498=CARTESIAN_POINT('Ctrl Pts',(-9.04980723157354,260.539757719828,0.));
#1499=CARTESIAN_POINT('Ctrl Pts',(-9.10381541510212,265.517638155023,0.));
#1500=CARTESIAN_POINT('Ctrl Pts',(-9.21721854296992,270.686461193831,0.));
#1501=CARTESIAN_POINT('Ctrl Pts',(-9.38886224710595,274.985312003608,0.));
#1502=CARTESIAN_POINT('Ctrl Pts',(-9.5,277.163149062278,0.));
#1503=CARTESIAN_POINT('',(9.49999999999972,277.163149062278,1.16341445918997E-15));
#1504=CARTESIAN_POINT('Origin',(-1.42130500146624E-13,277.163149062278,
0.));
#1505=CARTESIAN_POINT('Origin',(-1.42130500146624E-13,277.163149062278,
0.));
#1506=CARTESIAN_POINT('Origin',(-1.42379128151253E-13,277.647988844287,
0.));
#1507=CARTESIAN_POINT('',(9.81140030279501,278.132828626296,1.20154999759715E-15));
#1508=CARTESIAN_POINT('',(9.65570015139736,277.647988844287,1.18248222839356E-15));
#1509=CARTESIAN_POINT('Origin',(-1.42627756155882E-13,278.132828626296,
0.));
#1510=CARTESIAN_POINT('Origin',(-1.43511903333787E-13,279.856969579927,
0.));
#1511=CARTESIAN_POINT('',(11.9999999999997,281.581110533559,1.46957615897681E-15));
#1512=CARTESIAN_POINT('',(10.9057001513974,279.856969579927,1.33556307828698E-15));
#1513=CARTESIAN_POINT('Origin',(-1.44396050511693E-13,281.581110533559,
0.));
#1514=CARTESIAN_POINT('Origin',(-1.48868657985699E-13,290.302968057005,
0.));
#1515=CARTESIAN_POINT('',(11.9999999999997,299.024825580452,1.46957615897681E-15));
#1516=CARTESIAN_POINT('',(11.9999999999997,290.302968057005,1.46957615897681E-15));
#1517=CARTESIAN_POINT('Origin',(-1.53341265459706E-13,299.024825580452,
0.));
#1518=CARTESIAN_POINT('Origin',(-6.77236045021345E-14,282.9,0.));
#1519=UNCERTAINTY_MEASURE_WITH_UNIT(LENGTH_MEASURE(0.01),#1523,
'DISTANCE_ACCURACY_VALUE',
'Maximum model space distance between geometric entities at asserted c
onnectivities');
#1520=UNCERTAINTY_MEASURE_WITH_UNIT(LENGTH_MEASURE(0.01),#1523,
'DISTANCE_ACCURACY_VALUE',
'Maximum model space distance between geometric entities at asserted c
onnectivities');
#1521=(
GEOMETRIC_REPRESENTATION_CONTEXT(3)
GLOBAL_UNCERTAINTY_ASSIGNED_CONTEXT((#1519))
GLOBAL_UNIT_ASSIGNED_CONTEXT((#1523,#1525,#1526))
REPRESENTATION_CONTEXT('','3D')
);
#1522=(
GEOMETRIC_REPRESENTATION_CONTEXT(3)
GLOBAL_UNCERTAINTY_ASSIGNED_CONTEXT((#1520))
GLOBAL_UNIT_ASSIGNED_CONTEXT((#1523,#1525,#1526))
REPRESENTATION_CONTEXT('','3D')
);
#1523=(
LENGTH_UNIT()
NAMED_UNIT(*)
SI_UNIT(.MILLI.,.METRE.)
);
#1524=(
LENGTH_UNIT()
NAMED_UNIT(*)
SI_UNIT(.CENTI.,.METRE.)
);
#1525=(
NAMED_UNIT(*)
PLANE_ANGLE_UNIT()
SI_UNIT($,.RADIAN.)
);
#1526=(
NAMED_UNIT(*)
SI_UNIT($,.STERADIAN.)
SOLID_ANGLE_UNIT()
);
#1527=SHAPE_DEFINITION_REPRESENTATION(#1528,#1529);
#1528=PRODUCT_DEFINITION_SHAPE('',$,#1531);
#1529=SHAPE_REPRESENTATION('',(#361),#1521);
#1530=PRODUCT_DEFINITION_CONTEXT('part definition',#1535,'design');
#1531=PRODUCT_DEFINITION('BOUTEILLE CHAMPAGNE','\X2\041104430442044B043B043A0430\X0\',
#1532,#1530);
#1532=PRODUCT_DEFINITION_FORMATION('',$,#1537);
#1533=PRODUCT_RELATED_PRODUCT_CATEGORY('\X2\041104430442044B043B043A0430\X0\',
'\X2\041104430442044B043B043A0430\X0\',(#1537));
#1534=APPLICATION_PROTOCOL_DEFINITION('international standard',
'automotive_design',2009,#1535);
#1535=APPLICATION_CONTEXT(
'Core Data for Automotive Mechanical Design Process');
#1536=PRODUCT_CONTEXT('part definition',#1535,'mechanical');
#1537=PRODUCT('BOUTEILLE CHAMPAGNE','\X2\041104430442044B043B043A0430\X0\',
$,(#1536));
#1538=PRESENTATION_STYLE_ASSIGNMENT((#1539));
#1539=SURFACE_STYLE_USAGE(.BOTH.,#1542);
#1540=SURFACE_STYLE_RENDERING_WITH_PROPERTIES($,#1546,(#1541));
#1541=SURFACE_STYLE_TRANSPARENT(0.);
#1542=SURFACE_SIDE_STYLE('',(#1543,#1540));
#1543=SURFACE_STYLE_FILL_AREA(#1544);
#1544=FILL_AREA_STYLE('',(#1545));
#1545=FILL_AREA_STYLE_COLOUR('',#1546);
#1546=COLOUR_RGB('',0.129411764705882,0.541176470588235,0.129411764705882);
ENDSEC;
END-ISO-10303-21;
